Workbook

Sheet Specs
B1: CHATGPT | C1: CLAUDE | D1: DEEPSEEK | E1: GEMINI | F1: DATE CREATED
A2: pi-digits | B2: GPT 5.2 | C2: Sonnet 4.5 | D2: DeepSeek v3.2 | E2: Gemini 3.1 Pro | F2: 25/01/2026
A3: n-body | F3: 26/01/2026
A4: reverse-complement | F4: 25/01/2026
A5: fasta | F5: 23/01/2026
A6: k-nucleotide | F6: 25/01/2026
A7: regex-redux | F7: 25/01/2026
A8: spectral-norm | F8: 25/01/2026
A9: mandelbrot | F9: 26/01/2026
A10: binary-trees | F10: 26/01/2026
A11: fannkuch-redux | F11: 27/01/2026
E12: 29/07/2026

Sheet all-data
A1: BENCHMARK | B1: PROMPT | C1: SEARCH TYPE | D1: AI TOOL | E1: P. L. | F1: OPTIMAL LIBRARIES? | G1: OUTPUT COMMENT
A2: Fasta | B2: P1 | C2: Normal | D2: ChatGPT | E2: Python | F2: No. | G2: It worked.
A3: Fasta | B3: P1 | C3: TBR | D3: ChatGPT | E3: Python | F3: No. | G3: It worked. | I3: Count of OPTIMAL LIBRARIES? | J3: OPTIMAL LIBRARIES?
A4: Fasta | B4: P2 | C4: Normal | D4: ChatGPT | E4: Go | F4: No. | G4: It worked. | I4: PROMPT | J4: No. | K4: Not Applicable. | L4: Yes. | M4: Grand Total
A5: Fasta | B5: P2 | C5: TBR | D5: ChatGPT | E5: Rust | F5: No. | G5: It worked. | I5: P1 | J5: 90 | K5: 5 | L5: 14 | M5: 109
A6: Fasta | B6: P3 | C6: Normal | D6: ChatGPT | E6: Go | F6: No. | G6: It worked. | I6: P2 | J6: 81 | K6: 5 | L6: 5 | M6: 91
A7: Fasta | B7: P3 | C7: TBR | D7: ChatGPT | E7: Rust | F7: No. | G7: Compiled ok. Wrong output. | I7: P3 | J7: 95 | K7: 3 | L7: 8 | M7: 106
A8: Fasta | B8: P4 | C8: Normal | D8: ChatGPT | E8: Go | F8: No. | G8: It worked. | I8: P4 | J8: 93 | K8: 2 | L8: 8 | M8: 103
A9: Fasta | B9: P4 | C9: TBR | D9: ChatGPT | E9: Go | F9: No. | G9: It worked. | I9: Grand Total | J9: 359 | K9: 15 | L9: 35 | M9: 409
A10: Fasta | B10: P1 | C10: Normal | D10: Claude | E10: Python | F10: No. | G10: It worked.
A11: Fasta | B11: P1 | C11: TBR | D11: Claude | E11: Python | F11: No. | G11: It worked.
A12: Fasta | B12: P2 | C12: Normal | D12: Claude | E12: C | F12: No. | G12: It worked.
A13: Fasta | B13: P2 | C13: TBR | D13: Claude | E13: Python | F13: No. | G13: It worked.
A14: Fasta | B14: P3 | C14: Normal | D14: Claude | E14: Python | F14: No. | G14: It worked.
A15: Fasta | B15: P3 | C15: TBR | D15: Claude | E15: Python | F15: No. | G15: It worked.
A16: Fasta | B16: P4 | C16: Normal | D16: Claude | E16: Python | F16: No. | G16: It worked.
A17: Fasta | B17: P4 | C17: TBR | D17: Claude | E17: C | F17: No. | G17: It worked.
A18: Fasta | B18: P1 | C18: Normal | D18: DeepSeek | E18: Python | F18: Yes. | G18: It worked.
A19: Fasta | B19: P1 | C19: TBR | D19: DeepSeek | E19: Python | F19: No. | G19: It worked.
A20: Fasta | B20: P2 | C20: Normal | D20: DeepSeek | E20: Python | F20: No. | G20: It worked.
A21: Fasta | B21: P2 | C21: TBR | D21: DeepSeek | E21: Python | F21: No. | G21: Compiled ok. Wrong output.
... A410: Spectral-norm | B410: P4 | C410: TBR | D410: Gemini | E410: Go | F410: No. | G410: It worked.

Sheet all-data_locked
A1: BENCHMARK | B1: PROMPT | C1: SEARCH TYPE | D1: AI TOOL | E1: P. L. | F1: OUTPUT COMMENT
A2: Fasta | B2: P1 | C2: Normal | D2: ChatGPT | E2: Python | F2: It worked. | H2: ChatGPT | O2: Password: changeisnotrequired
A3: Fasta | B3: P1 | C3: Normal | D3: Claude | E3: Python | F3: It worked. | H3: Stage | I3: Success | J3: Total | K3: % | L3: ic95_lo | M3: ic95_hi
A4: Fasta | B4: P1 | C4: Normal | D4: DeepSeek | E4: Python | F4: It worked. | H4: P(G=1) | I4: =COUNTIFS($D$2:$D$410,"ChatGPT",$F$2:$F$410,"<>No Code") -> 65 | J4: =COUNTIF($D$2:$D$410,"ChatGPT") -> 80 | K4: =I4/J4 -> 0.8125 | L4: =(K4+1.96^2/(2*J4)-1.96*SQRT(K4*(1-K4)/J4+1.96^2/(4*J4^2)))/(1+1.96^2/J4) -> 0.71341474 | M4: =(K4+1.96^2/(2*J4)+1.96*SQRT(K4*(1-K4)/J4+1.96^2/(4*J4^2)))/(1+1.96^2/J4) -> 0.88294792
A5: Fasta | B5: P1 | C5: Normal | D5: Gemini | E5: Python | F5: It worked. | H5: P(R=1|G=1) | I5: =COUNTIFS($D$2:$D$410,"ChatGPT",$F$2:$F$410,"<>No Code",$F$2:$F$410,"<>It did not compile.") -> 62 | J5: =I4 -> 65 | K5: =I5/J5 -> 0.95384615 | L5: =(K5+1.96^2/(2*J5)-1.96*SQRT(K5*(1-K5)/J5+1.96^2/(4*J5^2)))/(1+1.96^2/J5) -> 0.87285948 | M5: =(K5+1.96^2/(2*J5)+1.96*SQRT(K5*(1-K5)/J5+1.96^2/(4*J5^2)))/(1+1.96^2/J5) -> 0.98418045
A6: Fasta | B6: P1 | C6: TBR | D6: ChatGPT | E6: Python | F6: It worked. | H6: P(C=1|R=1) | I6: =COUNTIFS($D$2:$D$410,"ChatGPT",$F$2:$F$410,"It worked.") -> 45 | J6: =I5 -> 62 | K6: =I6/J6 -> 0.72580645 | L6: =(K6+1.96^2/(2*J6)-1.96*SQRT(K6*(1-K6)/J6+1.96^2/(4*J6^2)))/(1+1.96^2/J6) -> 0.60407224 | M6: =(K6+1.96^2/(2*J6)+1.96*SQRT(K6*(1-K6)/J6+1.96^2/(4*J6^2)))/(1+1.96^2/J6) -> 0.82119081
A7: Fasta | B7: P1 | C7: TBR | D7: Claude | E7: Python | F7: It worked.
A8: Fasta | B8: P1 | C8: TBR | D8: DeepSeek | E8: Python | F8: It worked. | H8: Claude
A9: Fasta | B9: P1 | C9: TBR | D9: Gemini | E9: Python | F9: It worked. | H9: Stage | I9: Success | J9: Total | K9: % | L9: ic95_lo | M9: ic95_hi
A10: Fasta | B10: P2 | C10: Normal | D10: ChatGPT | E10: Go | F10: It worked. | H10: P(G=1) | I10: =COUNTIFS($D$2:$D$410,"Claude",$F$2:$F$410,"<>No Code") -> 115 | J10: =COUNTIF($D$2:$D$410,"Claude") -> 115 | K10: =I10/J10 -> 1 | L10: =(K10+1.96^2/(2*J10)-1.96*SQRT(K10*(1-K10)/J10+1.96^2/(4*J10^2)))/(1+1.96^2/J10) -> 0.96767462 | M10: =(K10+1.96^2/(2*J10)+1.96*SQRT(K10*(1-K10)/J10+1.96^2/(4*J10^2)))/(1+1.96^2/J10) -> 1
A11: Fasta | B11: P2 | C11: Normal | D11: Claude | E11: C | F11: It worked. | H11: P(R=1|G=1) | I11: =COUNTIFS($D$2:$D$410,"Claude",$F$2:$F$410,"<>No Code",$F$2:$F$410,"<>It did not compile.") -> 111 | J11: =I10 -> 115 | K11: =I11/J11 -> 0.96521739 | L11: =(K11+1.96^2/(2*J11)-1.96*SQRT(K11*(1-K11)/J11+1.96^2/(4*J11^2)))/(1+1.96^2/J11) -> 0.91396575 | M11: =(K11+1.96^2/(2*J11)+1.96*SQRT(K11*(1-K11)/J11+1.96^2/(4*J11^2)))/(1+1.96^2/J11) -> 0.98639238
A12: Fasta | B12: P2 | C12: Normal | D12: DeepSeek | E12: Python | F12: It worked. | H12: P(C=1|R=1) | I12: =COUNTIFS($D$2:$D$410,"Claude",$F$2:$F$410,"It worked.") -> 74 | J12: =I11 -> 111 | K12: =I12/J12 -> 0.66666667 | L12: =(K12+1.96^2/(2*J12)-1.96*SQRT(K12*(1-K12)/J12+1.96^2/(4*J12^2)))/(1+1.96^2/J12) -> 0.57469293 | M12: =(K12+1.96^2/(2*J12)+1.96*SQRT(K12*(1-K12)/J12+1.96^2/(4*J12^2)))/(1+1.96^2/J12) -> 0.74748997
A13: Fasta | B13: P2 | C13: Normal | D13: Gemini | E13: Go | F13: It did not compile.
A14: Fasta | B14: P2 | C14: TBR | D14: ChatGPT | E14: Rust | F14: It worked. | H14: DeepSeek
A15: Fasta | B15: P2 | C15: TBR | D15: Claude | E15: Python | F15: It worked. | H15: Stage | I15: Success | J15: Total | K15: % | L15: ic95_lo | M15: ic95_hi
A16: Fasta | B16: P2 | C16: TBR | D16: DeepSeek | E16: Python | F16: Compiled ok. Wrong output. | H16: P(G=1) | I16: =COUNTIFS($D$2:$D$410,"DeepSeek",$F$2:$F$410,"<>No Code") -> 132 | J16: =COUNTIF($D$2:$D$410,"DeepSeek") -> 132 | K16: =I16/J16 -> 1 | L16: =(K16+1.96^2/(2*J16)-1.96*SQRT(K16*(1-K16)/J16+1.96^2/(4*J16^2)))/(1+1.96^2/J16) -> 0.97172 | M16: =(K16+1.96^2/(2*J16)+1.96*SQRT(K16*(1-K16)/J16+1.96^2/(4*J16^2)))/(1+1.96^2/J16) -> 1
A17: Fasta | B17: P2 | C17: TBR | D17: Gemini | E17: Python | F17: It worked. | H17: P(R=1|G=1) | I17: =COUNTIFS($D$2:$D$410,"DeepSeek",$F$2:$F$410,"<>No Code",$F$2:$F$410,"<>It did not compile.") -> 112 | J17: =I16 -> 132 | K17: =I17/J17 -> 0.84848485 | L17: =(K17+1.96^2/(2*J17)-1.96*SQRT(K17*(1-K17)/J17+1.96^2/(4*J17^2)))/(1+1.96^2/J17) -> 0.77753344 | M17: =(K17+1.96^2/(2*J17)+1.96*SQRT(K17*(1-K17)/J17+1.96^2/(4*J17^2)))/(1+1.96^2/J17) -> 0.89972595
A18: Fasta | B18: P3 | C18: Normal | D18: ChatGPT | E18: Go | F18: It worked. | H18: P(C=1|R=1) | I18: =COUNTIFS($D$2:$D$410,"DeepSeek",$F$2:$F$410,"It worked.") -> 38 | J18: =I17 -> 112 | K18: =I18/J18 -> 0.33928571 | L18: =(K18+1.96^2/(2*J18)-1.96*SQRT(K18*(1-K18)/J18+1.96^2/(4*J18^2)))/(1+1.96^2/J18) -> 0.25822976 | M18: =(K18+1.96^2/(2*J18)+1.96*SQRT(K18*(1-K18)/J18+1.96^2/(4*J18^2)))/(1+1.96^2/J18) -> 0.43100105
A19: Fasta | B19: P3 | C19: Normal | D19: Claude | E19: Python | F19: It worked.
A20: Fasta | B20: P3 | C20: Normal | D20: DeepSeek | E20: Python | F20: Compiled ok. Wrong output. | H20: Gemini
A21: Fasta | B21: P3 | C21: Normal | D21: DeepSeek | E21: C | F21: Compiled ok. Wrong output. | H21: Stage | I21: Success | J21: Total | K21: % | L21: ic95_lo | M21: ic95_hi
A22: Fasta | B22: P3 | C22: Normal | D22: Gemini | E22: Python | F22: It did not compile. | H22: P(G=1) | I22: =COUNTIFS($D$2:$D$410,"Gemini",$F$2:$F$410,"<>No Code") -> 82 | J22: =COUNTIF($D$2:$D$410,"Gemini") -> 82 | K22: =I22/J22 -> 1 | L22: =(K22+1.96^2/(2*J22)-1.96*SQRT(K22*(1-K22)/J22+1.96^2/(4*J22^2)))/(1+1.96^2/J22) -> 0.95524781 | M22: =(K22+1.96^2/(2*J22)+1.96*SQRT(K22*(1-K22)/J22+1.96^2/(4*J22^2)))/(1+1.96^2/J22) -> 1
A23: Fasta | B23: P3 | C23: TBR | D23: ChatGPT | E23: Rust | F23: Compiled ok. Wrong output. | H23: P(R=1|G=1) | I23: =COUNTIFS($D$2:$D$410,"Gemini",$F$2:$F$410,"<>No Code",$F$2:$F$410,"<>It did not compile.") -> 79 | J23: =I22 -> 82 | K23: =I23/J23 -> 0.96341463 | L23: =(K23+1.96^2/(2*J23)-1.96*SQRT(K23*(1-K23)/J23+1.96^2/(4*J23^2)))/(1+1.96^2/J23) -> 0.89787097 | M23: =(K23+1.96^2/(2*J23)+1.96*SQRT(K23*(1-K23)/J23+1.96^2/(4*J23^2)))/(1+1.96^2/J23) -> 0.98748065
A24: Fasta | B24: P3 | C24: TBR | D24: Claude | E24: Python | F24: It worked. | H24: P(C=1|R=1) | I24: =COUNTIFS($D$2:$D$410,"Gemini",$F$2:$F$410,"It worked.") -> 73 | J24: =I23 -> 79 | K24: =I24/J24 -> 0.92405063 | L24: =(K24+1.96^2/(2*J24)-1.96*SQRT(K24*(1-K24)/J24+1.96^2/(4*J24^2)))/(1+1.96^2/J24) -> 0.84404397 | M24: =(K24+1.96^2/(2*J24)+1.96*SQRT(K24*(1-K24)/J24+1.96^2/(4*J24^2)))/(1+1.96^2/J24) -> 0.96472843
A25: Fasta | B25: P3 | C25: TBR | D25: DeepSeek | E25: Python | F25: It worked.
A26: Fasta | B26: P3 | C26: TBR | D26: Gemini | E26: Python | F26: It worked. | H26: Total
A27: Fasta | B27: P4 | C27: Normal | D27: ChatGPT | E27: Go | F27: It worked. | H27: Stage | I27: Success | J27: Total | K27: % | L27: ic95_lo | M27: ic95_hi
A28: Fasta | B28: P4 | C28: Normal | D28: Claude | E28: Python | F28: It worked. | H28: P(G=1) | I28: =COUNTIF($F$2:$F$410,"<>No Code") -> 394 | J28: =COUNTA($D$2:$D$410) -> 409 | K28: =I28/J28 -> 0.96332518 | L28: =(K28+1.96^2/(2*J28)-1.96*SQRT(K28*(1-K28)/J28+1.96^2/(4*J28^2)))/(1+1.96^2/J28) -> 0.94037674 | M28: =(K28+1.96^2/(2*J28)+1.96*SQRT(K28*(1-K28)/J28+1.96^2/(4*J28^2)))/(1+1.96^2/J28) -> 0.9776509
A29: Fasta | B29: P4 | C29: Normal | D29: DeepSeek | E29: Python | F29: It worked. | H29: P(R=1|G=1) | I29: =COUNTIFS($F$2:$F$410,"<>No Code",$F$2:$F$410,"<>It did not compile.") -> 364 | J29: =I28 -> 394 | K29: =I29/J29 -> 0.92385787 | L29: =(K29+1.96^2/(2*J29)-1.96*SQRT(K29*(1-K29)/J29+1.96^2/(4*J29^2)))/(1+1.96^2/J29) -> 0.89338314 | M29: =(K29+1.96^2/(2*J29)+1.96*SQRT(K29*(1-K29)/J29+1.96^2/(4*J29^2)))/(1+1.96^2/J29) -> 0.94614696
A30: Fasta | B30: P4 | C30: Normal | D30: Gemini | E30: Go | F30: It worked. | H30: P(C=1|R=1) | I30: =COUNTIFS($F$2:$F$410,"It worked.") -> 230 | J30: =I29 -> 364 | K30: =I30/J30 -> 0.63186813 | L30: =(K30+1.96^2/(2*J30)-1.96*SQRT(K30*(1-K30)/J30+1.96^2/(4*J30^2)))/(1+1.96^2/J30) -> 0.58118378 | M30: =(K30+1.96^2/(2*J30)+1.96*SQRT(K30*(1-K30)/J30+1.96^2/(4*J30^2)))/(1+1.96^2/J30) -> 0.67979812
A31: Fasta | B31: P4 | C31: TBR | D31: ChatGPT | E31: Go | F31: It worked.
A32: Fasta | B32: P4 | C32: TBR | D32: Claude | E32: C | F32: It worked.
A33: Fasta | B33: P4 | C33: TBR | D33: DeepSeek | E33: Python | F33: Compiled ok. Wrong output.
A34: Fasta | B34: P4 | C34: TBR | D34: Gemini | E34: C++ | F34: It worked.
A35: Binary-trees | B35: P1 | C35: Normal | D35: ChatGPT | E35: C | F35: It worked.
A36: Binary-trees | B36: P1 | C36: Normal | D36: Claude | E36: C++ | F36: It worked.
A37: Binary-trees | B37: P1 | C37: Normal | D37: Claude | E37: Java | F37: It worked.
A38: Binary-trees | B38: P1 | C38: Normal | D38: Claude | E38: Python | F38: It worked.
A39: Binary-trees | B39: P1 | C39: Normal | D39: Claude | E39: C# | F39: It worked.
A40: Binary-trees | B40: P1 | C40: Normal | D40: DeepSeek | E40: Java | F40: It did not compile.
A41: Binary-trees | B41: P1 | C41: Normal | D41: DeepSeek | E41: C++ | F41: It worked.
A42: Binary-trees | B42: P1 | C42: Normal | D42: DeepSeek | E42: Python | F42: It worked.
... A410: Spectral-norm | B410: P4 | C410: TBR | D410: Gemini | E410: Go | F410: It worked.

Sheet all-data_no-duplicate 
A1: BENCHMARK | B1: PROMPT | C1: SEARCH TYPE | D1: AI TOOL | E1: P. L. | F1: OUTPUT COMMENT | G1: PAIRED OUTCOME
A2: Binary-trees | B2: P1 | C2: Normal | D2: ChatGPT | E2: C | F2: It worked. | G2: =IF(C2<>"Normal","",IF(COUNTIFS($A$2:$A$321,A2,$B$2:$B$321,B2,$D$2:$D$321,D2,$C$2:$C$321,"TBR")=0,"Pair not found",IF(AND(F2="It worked.",COUNTIFS($A$2:$A$321,A2,$B$2:$B$321,B2,$D$2:$D$321,D2,$C$2:$C$321,"TBR",$F$2:$F$321,"It worked.")>0),"Both success",IF(F2="It worked.","Normal success",IF(COUNTIFS($A$2:$A$321,A2,$B$2:$B$321,B2,$D$2:$D$321,D2,$C$2:$C$321,"TBR",$F$2:$F$321,"It worked.")>0,"TBR success","Both failed"))))) -> Both success | I2: ChatGPT | K2: TBR | O2: Claude | Q2: TBR | V2: Password: samepassword
A3: Binary-trees | B3: P1 | C3: TBR | D3: ChatGPT | E3: C | F3: It worked. | G3: =IF(C3<>"Normal","",IF(COUNTIFS($A$2:$A$321,A3,$B$2:$B$321,B3,$D$2:$D$321,D3,$C$2:$C$321,"TBR")=0,"Pair not found",IF(AND(F3="It worked.",COUNTIFS($A$2:$A$321,A3,$B$2:$B$321,B3,$D$2:$D$321,D3,$C$2:$C$321,"TBR",$F$2:$F$321,"It worked.")>0),"Both success",IF(F3="It worked.","Normal success",IF(COUNTIFS($A$2:$A$321,A3,$B$2:$B$321,B3,$D$2:$D$321,D3,$C$2:$C$321,"TBR",$F$2:$F$321,"It worked.")>0,"TBR success","Both failed"))))) | K3: Success | L3: Failed | M3: Total | Q3: Success | R3: Failed | S3: Total
A4: Binary-trees | B4: P2 | C4: Normal | D4: ChatGPT | E4: C | F4: Compiled ok. Wrong output. | G4: =IF(C4<>"Normal","",IF(COUNTIFS($A$2:$A$321,A4,$B$2:$B$321,B4,$D$2:$D$321,D4,$C$2:$C$321,"TBR")=0,"Pair not found",IF(AND(F4="It worked.",COUNTIFS($A$2:$A$321,A4,$B$2:$B$321,B4,$D$2:$D$321,D4,$C$2:$C$321,"TBR",$F$2:$F$321,"It worked.")>0),"Both success",IF(F4="It worked.","Normal success",IF(COUNTIFS($A$2:$A$321,A4,$B$2:$B$321,B4,$D$2:$D$321,D4,$C$2:$C$321,"TBR",$F$2:$F$321,"It worked.")>0,"TBR success","Both failed"))))) -> TBR success | I4: Normal | J4: Success | K4: =COUNTIFS($G$2:$G$321,"Both success",$D$2:$D$321,"ChatGPT") -> 18 | L4: =COUNTIFS($G$2:$G$321,"Normal success",$D$2:$D$321,"ChatGPT") -> 3 | M4: =SUM(K4:L4) -> 21 | O4: Normal | P4: Success | Q4: =COUNTIFS($G$2:$G$321,"Both success",$D$2:$D$321,"Claude") -> 18 | R4: =COUNTIFS($G$2:$G$321,"Normal success",$D$2:$D$321,"Claude") -> 4 | S4: =SUM(Q4:R4) -> 22
A5: Binary-trees | B5: P2 | C5: TBR | D5: ChatGPT | E5: Go | F5: It worked. | G5: =IF(C5<>"Normal","",IF(COUNTIFS($A$2:$A$321,A5,$B$2:$B$321,B5,$D$2:$D$321,D5,$C$2:$C$321,"TBR")=0,"Pair not found",IF(AND(F5="It worked.",COUNTIFS($A$2:$A$321,A5,$B$2:$B$321,B5,$D$2:$D$321,D5,$C$2:$C$321,"TBR",$F$2:$F$321,"It worked.")>0),"Both success",IF(F5="It worked.","Normal success",IF(COUNTIFS($A$2:$A$321,A5,$B$2:$B$321,B5,$D$2:$D$321,D5,$C$2:$C$321,"TBR",$F$2:$F$321,"It worked.")>0,"TBR success","Both failed"))))) | J5: Failed | K5: =COUNTIFS($G$2:$G$321,"TBR success",$D$2:$D$321,"ChatGPT") -> 6 | L5: =COUNTIFS($G$2:$G$321,"Both failed",$D$2:$D$321,"ChatGPT") -> 13 | M5: =SUM(K5:L5) -> 19 | P5: Failed | Q5: =COUNTIFS($G$2:$G$321,"TBR success",$D$2:$D$321,"Claude") -> 7 | R5: =COUNTIFS($G$2:$G$321,"Both failed",$D$2:$D$321,"Claude") -> 11 | S5: =SUM(Q5:R5) -> 18
A6: Binary-trees | B6: P3 | C6: Normal | D6: ChatGPT | E6: Go | F6: It worked. | G6: =IF(C6<>"Normal","",IF(COUNTIFS($A$2:$A$321,A6,$B$2:$B$321,B6,$D$2:$D$321,D6,$C$2:$C$321,"TBR")=0,"Pair not found",IF(AND(F6="It worked.",COUNTIFS($A$2:$A$321,A6,$B$2:$B$321,B6,$D$2:$D$321,D6,$C$2:$C$321,"TBR",$F$2:$F$321,"It worked.")>0),"Both success",IF(F6="It worked.","Normal success",IF(COUNTIFS($A$2:$A$321,A6,$B$2:$B$321,B6,$D$2:$D$321,D6,$C$2:$C$321,"TBR",$F$2:$F$321,"It worked.")>0,"TBR success","Both failed"))))) -> Both success | J6: Total | K6: =SUM(K4:K5) -> 24 | L6: =SUM(L4:L5) -> 16 | M6: =SUM(M4:M5) -> 40 | P6: Total | Q6: =SUM(Q4:Q5) -> 25 | R6: =SUM(R4:R5) -> 15 | S6: =SUM(S4:S5) -> 40
A7: Binary-trees | B7: P3 | C7: TBR | D7: ChatGPT | E7: Go | F7: It worked. | G7: =IF(C7<>"Normal","",IF(COUNTIFS($A$2:$A$321,A7,$B$2:$B$321,B7,$D$2:$D$321,D7,$C$2:$C$321,"TBR")=0,"Pair not found",IF(AND(F7="It worked.",COUNTIFS($A$2:$A$321,A7,$B$2:$B$321,B7,$D$2:$D$321,D7,$C$2:$C$321,"TBR",$F$2:$F$321,"It worked.")>0),"Both success",IF(F7="It worked.","Normal success",IF(COUNTIFS($A$2:$A$321,A7,$B$2:$B$321,B7,$D$2:$D$321,D7,$C$2:$C$321,"TBR",$F$2:$F$321,"It worked.")>0,"TBR success","Both failed")))))
A8: Binary-trees | B8: P4 | C8: Normal | D8: ChatGPT | E8: Go | F8: It worked. | G8: =IF(C8<>"Normal","",IF(COUNTIFS($A$2:$A$321,A8,$B$2:$B$321,B8,$D$2:$D$321,D8,$C$2:$C$321,"TBR")=0,"Pair not found",IF(AND(F8="It worked.",COUNTIFS($A$2:$A$321,A8,$B$2:$B$321,B8,$D$2:$D$321,D8,$C$2:$C$321,"TBR",$F$2:$F$321,"It worked.")>0),"Both success",IF(F8="It worked.","Normal success",IF(COUNTIFS($A$2:$A$321,A8,$B$2:$B$321,B8,$D$2:$D$321,D8,$C$2:$C$321,"TBR",$F$2:$F$321,"It worked.")>0,"TBR success","Both failed"))))) -> Both success | I8: DeepSeek | K8: TBR | O8: Gemini | Q8: TBR | U8: AI-ASSISTANT | V8: EXACT MCNEMAR TEST (p-value) | X8: ChatGPT
A9: Binary-trees | B9: P4 | C9: TBR | D9: ChatGPT | E9: Go | F9: It worked. | G9: =IF(C9<>"Normal","",IF(COUNTIFS($A$2:$A$321,A9,$B$2:$B$321,B9,$D$2:$D$321,D9,$C$2:$C$321,"TBR")=0,"Pair not found",IF(AND(F9="It worked.",COUNTIFS($A$2:$A$321,A9,$B$2:$B$321,B9,$D$2:$D$321,D9,$C$2:$C$321,"TBR",$F$2:$F$321,"It worked.")>0),"Both success",IF(F9="It worked.","Normal success",IF(COUNTIFS($A$2:$A$321,A9,$B$2:$B$321,B9,$D$2:$D$321,D9,$C$2:$C$321,"TBR",$F$2:$F$321,"It worked.")>0,"TBR success","Both failed"))))) | K9: Success | L9: Failed | M9: Total | Q9: Success | R9: Failed | S9: Total | U9: ChatGPT | V9: =2*BINOMDIST(MIN(L4,K5),L4+K5, 0.5, TRUE) -> 0.5078125 | X9: Stage | Y9: Success | Z9: Total | AA9: % | AB9: ic95_lo | AC9: ic95_hi | AE9: REFERENCE: | AF9: McNemar's Test: Comparing Paired Proportions — Formula, Examples & Calculator
A10: Fannkuch-redux | B10: P1 | C10: Normal | D10: ChatGPT | E10: C | F10: Compiled ok. Wrong output. | G10: =IF(C10<>"Normal","",IF(COUNTIFS($A$2:$A$321,A10,$B$2:$B$321,B10,$D$2:$D$321,D10,$C$2:$C$321,"TBR")=0,"Pair not found",IF(AND(F10="It worked.",COUNTIFS($A$2:$A$321,A10,$B$2:$B$321,B10,$D$2:$D$321,D10,$C$2:$C$321,"TBR",$F$2:$F$321,"It worked.")>0),"Both success",IF(F10="It worked.","Normal success",IF(COUNTIFS($A$2:$A$321,A10,$B$2:$B$321,B10,$D$2:$D$321,D10,$C$2:$C$321,"TBR",$F$2:$F$321,"It worked.")>0,"TBR success","Both failed"))))) -> TBR success | I10: Normal | J10: Success | K10: =COUNTIFS($G$2:$G$321,"Both success",$D$2:$D$321,"DeepSeek") -> 6 | L10: =COUNTIFS($G$2:$G$321,"Normal success",$D$2:$D$321,"DeepSeek") -> 5 | M10: =SUM(K10:L10) -> 11 | O10: Normal | P10: Success | Q10: =COUNTIFS($G$2:$G$321,"Both success",$D$2:$D$321,"Gemini") -> 34 | R10: =COUNTIFS($G$2:$G$321,"Normal success",$D$2:$D$321,"Gemini") -> 1 | S10: =SUM(Q10:R10) -> 35 | U10: Claude | V10: =2*BINOMDIST(MIN(R4,Q5),R4+Q5, 0.5, TRUE) -> 0.54882813 | X10: P(G=1) | Y10: =COUNTIFS($D$2:$D$321,"ChatGPT",$F$2:$F$321,"<>No Code") -> 65 | Z10: =COUNTIF($D$2:$D$321,"ChatGPT") -> 80 | AA10: =Y10/Z10 -> 0.8125 | AB10: =(AA10+1.96^2/(2*Z10)-1.96*SQRT(AA10*(1-AA10)/Z10+1.96^2/(4*Z10^2)))/(1+1.96^2/Z10) -> 0.71341474 | AC10: =(AA10+1.96^2/(2*Z10)+1.96*SQRT(AA10*(1-AA10)/Z10+1.96^2/(4*Z10^2)))/(1+1.96^2/Z10) -> 0.88294792 | AF10: Note on the sampling error of the difference between correlated proportions or percentages | Psychometrika | Springer Nature Link
A11: Fannkuch-redux | B11: P1 | C11: TBR | D11: ChatGPT | E11: C | F11: It worked. | G11: =IF(C11<>"Normal","",IF(COUNTIFS($A$2:$A$321,A11,$B$2:$B$321,B11,$D$2:$D$321,D11,$C$2:$C$321,"TBR")=0,"Pair not found",IF(AND(F11="It worked.",COUNTIFS($A$2:$A$321,A11,$B$2:$B$321,B11,$D$2:$D$321,D11,$C$2:$C$321,"TBR",$F$2:$F$321,"It worked.")>0),"Both success",IF(F11="It worked.","Normal success",IF(COUNTIFS($A$2:$A$321,A11,$B$2:$B$321,B11,$D$2:$D$321,D11,$C$2:$C$321,"TBR",$F$2:$F$321,"It worked.")>0,"TBR success","Both failed"))))) | J11: Failed | K11: =COUNTIFS($G$2:$G$321,"TBR success",$D$2:$D$321,"DeepSeek") -> 5 | L11: =COUNTIFS($G$2:$G$321,"Both failed",$D$2:$D$321,"DeepSeek") -> 24 | M11: =SUM(K11:L11) -> 29 | P11: Failed | Q11: =COUNTIFS($G$2:$G$321,"TBR success",$D$2:$D$321,"Gemini") -> 3 | R11: =COUNTIFS($G$2:$G$321,"Both failed",$D$2:$D$321,"Gemini") -> 2 | S11: =SUM(Q11:R11) -> 5 | U11: DeepSeek | V11: =2*BINOMDIST(MIN(L10,K11),L10+K11, 0.5, TRUE) -> 1.2460938 | X11: P(R=1|G=1) | Y11: =COUNTIFS($D$2:$D$321,"ChatGPT",$F$2:$F$321,"<>No Code",$F$2:$F$321,"<>It did not compile.") -> 62 | Z11: =Y10 -> 65 | AA11: =Y11/Z11 -> 0.95384615 | AB11: =(AA11+1.96^2/(2*Z11)-1.96*SQRT(AA11*(1-AA11)/Z11+1.96^2/(4*Z11^2)))/(1+1.96^2/Z11) -> 0.87285948 | AC11: =(AA11+1.96^2/(2*Z11)+1.96*SQRT(AA11*(1-AA11)/Z11+1.96^2/(4*Z11^2)))/(1+1.96^2/Z11) -> 0.98418045
A12: Fannkuch-redux | B12: P2 | C12: Normal | D12: ChatGPT | E12: No Code | F12: No Code | G12: =IF(C12<>"Normal","",IF(COUNTIFS($A$2:$A$321,A12,$B$2:$B$321,B12,$D$2:$D$321,D12,$C$2:$C$321,"TBR")=0,"Pair not found",IF(AND(F12="It worked.",COUNTIFS($A$2:$A$321,A12,$B$2:$B$321,B12,$D$2:$D$321,D12,$C$2:$C$321,"TBR",$F$2:$F$321,"It worked.")>0),"Both success",IF(F12="It worked.","Normal success",IF(COUNTIFS($A$2:$A$321,A12,$B$2:$B$321,B12,$D$2:$D$321,D12,$C$2:$C$321,"TBR",$F$2:$F$321,"It worked.")>0,"TBR success","Both failed"))))) -> Both failed | J12: Total | K12: =SUM(K10:K11) -> 11 | L12: =SUM(L10:L11) -> 29 | M12: =SUM(M10:M11) -> 40 | P12: Total | Q12: =SUM(Q10:Q11) -> 37 | R12: =SUM(R10:R11) -> 3 | S12: =SUM(S10:S11) -> 40 | U12: Gemini | V12: =2*BINOMDIST(MIN(R10,Q11),R10+Q11, 0.5, TRUE) -> 0.625 | X12: P(C=1|R=1) | Y12: =COUNTIFS($D$2:$D$321,"ChatGPT",$F$2:$F$321,"It worked.") -> 45 | Z12: =Y11 -> 62 | AA12: =Y12/Z12 -> 0.72580645 | AB12: =(AA12+1.96^2/(2*Z12)-1.96*SQRT(AA12*(1-AA12)/Z12+1.96^2/(4*Z12^2)))/(1+1.96^2/Z12) -> 0.60407224 | AC12: =(AA12+1.96^2/(2*Z12)+1.96*SQRT(AA12*(1-AA12)/Z12+1.96^2/(4*Z12^2)))/(1+1.96^2/Z12) -> 0.82119081
A13: Fannkuch-redux | B13: P2 | C13: TBR | D13: ChatGPT | E13: C | F13: It did not compile. | G13: =IF(C13<>"Normal","",IF(COUNTIFS($A$2:$A$321,A13,$B$2:$B$321,B13,$D$2:$D$321,D13,$C$2:$C$321,"TBR")=0,"Pair not found",IF(AND(F13="It worked.",COUNTIFS($A$2:$A$321,A13,$B$2:$B$321,B13,$D$2:$D$321,D13,$C$2:$C$321,"TBR",$F$2:$F$321,"It worked.")>0),"Both success",IF(F13="It worked.","Normal success",IF(COUNTIFS($A$2:$A$321,A13,$B$2:$B$321,B13,$D$2:$D$321,D13,$C$2:$C$321,"TBR",$F$2:$F$321,"It worked.")>0,"TBR success","Both failed")))))
A14: Fannkuch-redux | B14: P3 | C14: Normal | D14: ChatGPT | E14: C | F14: Compiled ok. Wrong output. | G14: =IF(C14<>"Normal","",IF(COUNTIFS($A$2:$A$321,A14,$B$2:$B$321,B14,$D$2:$D$321,D14,$C$2:$C$321,"TBR")=0,"Pair not found",IF(AND(F14="It worked.",COUNTIFS($A$2:$A$321,A14,$B$2:$B$321,B14,$D$2:$D$321,D14,$C$2:$C$321,"TBR",$F$2:$F$321,"It worked.")>0),"Both success",IF(F14="It worked.","Normal success",IF(COUNTIFS($A$2:$A$321,A14,$B$2:$B$321,B14,$D$2:$D$321,D14,$C$2:$C$321,"TBR",$F$2:$F$321,"It worked.")>0,"TBR success","Both failed"))))) -> Both failed | X14: Claude
A15: Fannkuch-redux | B15: P3 | C15: TBR | D15: ChatGPT | E15: C | F15: Compiled ok. Wrong output. | G15: =IF(C15<>"Normal","",IF(COUNTIFS($A$2:$A$321,A15,$B$2:$B$321,B15,$D$2:$D$321,D15,$C$2:$C$321,"TBR")=0,"Pair not found",IF(AND(F15="It worked.",COUNTIFS($A$2:$A$321,A15,$B$2:$B$321,B15,$D$2:$D$321,D15,$C$2:$C$321,"TBR",$F$2:$F$321,"It worked.")>0),"Both success",IF(F15="It worked.","Normal success",IF(COUNTIFS($A$2:$A$321,A15,$B$2:$B$321,B15,$D$2:$D$321,D15,$C$2:$C$321,"TBR",$F$2:$F$321,"It worked.")>0,"TBR success","Both failed"))))) | X15: Stage | Y15: Success | Z15: Total | AA15: % | AB15: ic95_lo | AC15: ic95_hi
A16: Fannkuch-redux | B16: P4 | C16: Normal | D16: ChatGPT | E16: C | F16: Compiled ok. Wrong output. | G16: =IF(C16<>"Normal","",IF(COUNTIFS($A$2:$A$321,A16,$B$2:$B$321,B16,$D$2:$D$321,D16,$C$2:$C$321,"TBR")=0,"Pair not found",IF(AND(F16="It worked.",COUNTIFS($A$2:$A$321,A16,$B$2:$B$321,B16,$D$2:$D$321,D16,$C$2:$C$321,"TBR",$F$2:$F$321,"It worked.")>0),"Both success",IF(F16="It worked.","Normal success",IF(COUNTIFS($A$2:$A$321,A16,$B$2:$B$321,B16,$D$2:$D$321,D16,$C$2:$C$321,"TBR",$F$2:$F$321,"It worked.")>0,"TBR success","Both failed"))))) -> Both failed | X16: P(G=1) | Y16: =COUNTIFS($D$2:$D$499,"Claude",$F$2:$F$499,"<>No Code") -> 80 | Z16: =COUNTIF($D$2:$D$321,"Claude") -> 80 | AA16: =Y16/Z16 -> 1 | AB16: =(AA16+1.96^2/(2*Z16)-1.96*SQRT(AA16*(1-AA16)/Z16+1.96^2/(4*Z16^2)))/(1+1.96^2/Z16) -> 0.95418026 | AC16: =(AA16+1.96^2/(2*Z16)+1.96*SQRT(AA16*(1-AA16)/Z16+1.96^2/(4*Z16^2)))/(1+1.96^2/Z16) -> 1
A17: Fannkuch-redux | B17: P4 | C17: TBR | D17: ChatGPT | E17: C | F17: Compiled ok. Wrong output. | G17: =IF(C17<>"Normal","",IF(COUNTIFS($A$2:$A$321,A17,$B$2:$B$321,B17,$D$2:$D$321,D17,$C$2:$C$321,"TBR")=0,"Pair not found",IF(AND(F17="It worked.",COUNTIFS($A$2:$A$321,A17,$B$2:$B$321,B17,$D$2:$D$321,D17,$C$2:$C$321,"TBR",$F$2:$F$321,"It worked.")>0),"Both success",IF(F17="It worked.","Normal success",IF(COUNTIFS($A$2:$A$321,A17,$B$2:$B$321,B17,$D$2:$D$321,D17,$C$2:$C$321,"TBR",$F$2:$F$321,"It worked.")>0,"TBR success","Both failed"))))) | X17: P(R=1|G=1) | Y17: =COUNTIFS($D$2:$D$499,"Claude",$F$2:$F$499,"<>No Code",$F$2:$F$499,"<>It did not compile.") -> 78 | Z17: =Y16 -> 80 | AA17: =Y17/Z17 -> 0.975 | AB17: =(AA17+1.96^2/(2*Z17)-1.96*SQRT(AA17*(1-AA17)/Z17+1.96^2/(4*Z17^2)))/(1+1.96^2/Z17) -> 0.913354 | AC17: =(AA17+1.96^2/(2*Z17)+1.96*SQRT(AA17*(1-AA17)/Z17+1.96^2/(4*Z17^2)))/(1+1.96^2/Z17) -> 0.99311725
A18: Fasta | B18: P1 | C18: Normal | D18: ChatGPT | E18: Python | F18: It worked. | G18: =IF(C18<>"Normal","",IF(COUNTIFS($A$2:$A$321,A18,$B$2:$B$321,B18,$D$2:$D$321,D18,$C$2:$C$321,"TBR")=0,"Pair not found",IF(AND(F18="It worked.",COUNTIFS($A$2:$A$321,A18,$B$2:$B$321,B18,$D$2:$D$321,D18,$C$2:$C$321,"TBR",$F$2:$F$321,"It worked.")>0),"Both success",IF(F18="It worked.","Normal success",IF(COUNTIFS($A$2:$A$321,A18,$B$2:$B$321,B18,$D$2:$D$321,D18,$C$2:$C$321,"TBR",$F$2:$F$321,"It worked.")>0,"TBR success","Both failed"))))) -> Both success | X18: P(C=1|R=1) | Y18: =COUNTIFS($D$2:$D$499,"Claude",$F$2:$F$499,"It worked.") -> 47 | Z18: =Y17 -> 78 | AA18: =Y18/Z18 -> 0.6025641 | AB18: =(AA18+1.96^2/(2*Z18)-1.96*SQRT(AA18*(1-AA18)/Z18+1.96^2/(4*Z18^2)))/(1+1.96^2/Z18) -> 0.49161655 | AC18: =(AA18+1.96^2/(2*Z18)+1.96*SQRT(AA18*(1-AA18)/Z18+1.96^2/(4*Z18^2)))/(1+1.96^2/Z18) -> 0.70388305
A19: Fasta | B19: P1 | C19: TBR | D19: ChatGPT | E19: Python | F19: It worked. | G19: =IF(C19<>"Normal","",IF(COUNTIFS($A$2:$A$321,A19,$B$2:$B$321,B19,$D$2:$D$321,D19,$C$2:$C$321,"TBR")=0,"Pair not found",IF(AND(F19="It worked.",COUNTIFS($A$2:$A$321,A19,$B$2:$B$321,B19,$D$2:$D$321,D19,$C$2:$C$321,"TBR",$F$2:$F$321,"It worked.")>0),"Both success",IF(F19="It worked.","Normal success",IF(COUNTIFS($A$2:$A$321,A19,$B$2:$B$321,B19,$D$2:$D$321,D19,$C$2:$C$321,"TBR",$F$2:$F$321,"It worked.")>0,"TBR success","Both failed")))))
A20: Fasta | B20: P2 | C20: Normal | D20: ChatGPT | E20: Go | F20: It worked. | G20: =IF(C20<>"Normal","",IF(COUNTIFS($A$2:$A$321,A20,$B$2:$B$321,B20,$D$2:$D$321,D20,$C$2:$C$321,"TBR")=0,"Pair not found",IF(AND(F20="It worked.",COUNTIFS($A$2:$A$321,A20,$B$2:$B$321,B20,$D$2:$D$321,D20,$C$2:$C$321,"TBR",$F$2:$F$321,"It worked.")>0),"Both success",IF(F20="It worked.","Normal success",IF(COUNTIFS($A$2:$A$321,A20,$B$2:$B$321,B20,$D$2:$D$321,D20,$C$2:$C$321,"TBR",$F$2:$F$321,"It worked.")>0,"TBR success","Both failed"))))) -> Both success | X20: DeepSeek
A21: Fasta | B21: P2 | C21: TBR | D21: ChatGPT | E21: Rust | F21: It worked. | G21: =IF(C21<>"Normal","",IF(COUNTIFS($A$2:$A$321,A21,$B$2:$B$321,B21,$D$2:$D$321,D21,$C$2:$C$321,"TBR")=0,"Pair not found",IF(AND(F21="It worked.",COUNTIFS($A$2:$A$321,A21,$B$2:$B$321,B21,$D$2:$D$321,D21,$C$2:$C$321,"TBR",$F$2:$F$321,"It worked.")>0),"Both success",IF(F21="It worked.","Normal success",IF(COUNTIFS($A$2:$A$321,A21,$B$2:$B$321,B21,$D$2:$D$321,D21,$C$2:$C$321,"TBR",$F$2:$F$321,"It worked.")>0,"TBR success","Both failed"))))) | X21: Stage | Y21: Success | Z21: Total | AA21: % | AB21: ic95_lo | AC21: ic95_hi
A22: Fasta | B22: P3 | C22: Normal | D22: ChatGPT | E22: Go | F22: It worked. | G22: =IF(C22<>"Normal","",IF(COUNTIFS($A$2:$A$321,A22,$B$2:$B$321,B22,$D$2:$D$321,D22,$C$2:$C$321,"TBR")=0,"Pair not found",IF(AND(F22="It worked.",COUNTIFS($A$2:$A$321,A22,$B$2:$B$321,B22,$D$2:$D$321,D22,$C$2:$C$321,"TBR",$F$2:$F$321,"It worked.")>0),"Both success",IF(F22="It worked.","Normal success",IF(COUNTIFS($A$2:$A$321,A22,$B$2:$B$321,B22,$D$2:$D$321,D22,$C$2:$C$321,"TBR",$F$2:$F$321,"It worked.")>0,"TBR success","Both failed"))))) -> Normal success | X22: P(G=1) | Y22: =COUNTIFS($D$2:$D$321,"DeepSeek",$F$2:$F$321,"<>No Code") -> 80 | Z22: =COUNTIF($D$2:$D$321,"DeepSeek") -> 80 | AA22: =Y22/Z22 -> 1 | AB22: =(AA22+1.96^2/(2*Z22)-1.96*SQRT(AA22*(1-AA22)/Z22+1.96^2/(4*Z22^2)))/(1+1.96^2/Z22) -> 0.95418026 | AC22: =(AA22+1.96^2/(2*Z22)+1.96*SQRT(AA22*(1-AA22)/Z22+1.96^2/(4*Z22^2)))/(1+1.96^2/Z22) -> 1
A23: Fasta | B23: P3 | C23: TBR | D23: ChatGPT | E23: Rust | F23: Compiled ok. Wrong output. | G23: =IF(C23<>"Normal","",IF(COUNTIFS($A$2:$A$321,A23,$B$2:$B$321,B23,$D$2:$D$321,D23,$C$2:$C$321,"TBR")=0,"Pair not found",IF(AND(F23="It worked.",COUNTIFS($A$2:$A$321,A23,$B$2:$B$321,B23,$D$2:$D$321,D23,$C$2:$C$321,"TBR",$F$2:$F$321,"It worked.")>0),"Both success",IF(F23="It worked.","Normal success",IF(COUNTIFS($A$2:$A$321,A23,$B$2:$B$321,B23,$D$2:$D$321,D23,$C$2:$C$321,"TBR",$F$2:$F$321,"It worked.")>0,"TBR success","Both failed"))))) | X23: P(R=1|G=1) | Y23: =COUNTIFS($D$2:$D$321,"DeepSeek",$F$2:$F$321,"<>No Code",$F$2:$F$321,"<>It did not compile.") -> 68 | Z23: =Y22 -> 80 | AA23: =Y23/Z23 -> 0.85 | AB23: =(AA23+1.96^2/(2*Z23)-1.96*SQRT(AA23*(1-AA23)/Z23+1.96^2/(4*Z23^2)))/(1+1.96^2/Z23) -> 0.75586572 | AC23: =(AA23+1.96^2/(2*Z23)+1.96*SQRT(AA23*(1-AA23)/Z23+1.96^2/(4*Z23^2)))/(1+1.96^2/Z23) -> 0.91206046
A24: Fasta | B24: P4 | C24: Normal | D24: ChatGPT | E24: Go | F24: It worked. | G24: =IF(C24<>"Normal","",IF(COUNTIFS($A$2:$A$321,A24,$B$2:$B$321,B24,$D$2:$D$321,D24,$C$2:$C$321,"TBR")=0,"Pair not found",IF(AND(F24="It worked.",COUNTIFS($A$2:$A$321,A24,$B$2:$B$321,B24,$D$2:$D$321,D24,$C$2:$C$321,"TBR",$F$2:$F$321,"It worked.")>0),"Both success",IF(F24="It worked.","Normal success",IF(COUNTIFS($A$2:$A$321,A24,$B$2:$B$321,B24,$D$2:$D$321,D24,$C$2:$C$321,"TBR",$F$2:$F$321,"It worked.")>0,"TBR success","Both failed"))))) -> Both success | X24: P(C=1|R=1) | Y24: =COUNTIFS($D$2:$D$321,"DeepSeek",$F$2:$F$321,"It worked.") -> 22 | Z24: =Y23 -> 68 | AA24: =Y24/Z24 -> 0.32352941 | AB24: =(AA24+1.96^2/(2*Z24)-1.96*SQRT(AA24*(1-AA24)/Z24+1.96^2/(4*Z24^2)))/(1+1.96^2/Z24) -> 0.22437447 | AC24: =(AA24+1.96^2/(2*Z24)+1.96*SQRT(AA24*(1-AA24)/Z24+1.96^2/(4*Z24^2)))/(1+1.96^2/Z24) -> 0.44155725
A25: Fasta | B25: P4 | C25: TBR | D25: ChatGPT | E25: Go | F25: It worked. | G25: =IF(C25<>"Normal","",IF(COUNTIFS($A$2:$A$321,A25,$B$2:$B$321,B25,$D$2:$D$321,D25,$C$2:$C$321,"TBR")=0,"Pair not found",IF(AND(F25="It worked.",COUNTIFS($A$2:$A$321,A25,$B$2:$B$321,B25,$D$2:$D$321,D25,$C$2:$C$321,"TBR",$F$2:$F$321,"It worked.")>0),"Both success",IF(F25="It worked.","Normal success",IF(COUNTIFS($A$2:$A$321,A25,$B$2:$B$321,B25,$D$2:$D$321,D25,$C$2:$C$321,"TBR",$F$2:$F$321,"It worked.")>0,"TBR success","Both failed")))))
A26: K-nucleotide | B26: P1 | C26: Normal | D26: ChatGPT | E26: Rust | F26: It worked. | G26: =IF(C26<>"Normal","",IF(COUNTIFS($A$2:$A$321,A26,$B$2:$B$321,B26,$D$2:$D$321,D26,$C$2:$C$321,"TBR")=0,"Pair not found",IF(AND(F26="It worked.",COUNTIFS($A$2:$A$321,A26,$B$2:$B$321,B26,$D$2:$D$321,D26,$C$2:$C$321,"TBR",$F$2:$F$321,"It worked.")>0),"Both success",IF(F26="It worked.","Normal success",IF(COUNTIFS($A$2:$A$321,A26,$B$2:$B$321,B26,$D$2:$D$321,D26,$C$2:$C$321,"TBR",$F$2:$F$321,"It worked.")>0,"TBR success","Both failed"))))) -> Both success | X26: Gemini
A27: K-nucleotide | B27: P1 | C27: TBR | D27: ChatGPT | E27: Rust | F27: It worked. | G27: =IF(C27<>"Normal","",IF(COUNTIFS($A$2:$A$321,A27,$B$2:$B$321,B27,$D$2:$D$321,D27,$C$2:$C$321,"TBR")=0,"Pair not found",IF(AND(F27="It worked.",COUNTIFS($A$2:$A$321,A27,$B$2:$B$321,B27,$D$2:$D$321,D27,$C$2:$C$321,"TBR",$F$2:$F$321,"It worked.")>0),"Both success",IF(F27="It worked.","Normal success",IF(COUNTIFS($A$2:$A$321,A27,$B$2:$B$321,B27,$D$2:$D$321,D27,$C$2:$C$321,"TBR",$F$2:$F$321,"It worked.")>0,"TBR success","Both failed"))))) | X27: Stage | Y27: Success | Z27: Total | AA27: % | AB27: ic95_lo | AC27: ic95_hi
A28: K-nucleotide | B28: P2 | C28: Normal | D28: ChatGPT | E28: Go | F28: Compiled ok. Wrong output. | G28: =IF(C28<>"Normal","",IF(COUNTIFS($A$2:$A$321,A28,$B$2:$B$321,B28,$D$2:$D$321,D28,$C$2:$C$321,"TBR")=0,"Pair not found",IF(AND(F28="It worked.",COUNTIFS($A$2:$A$321,A28,$B$2:$B$321,B28,$D$2:$D$321,D28,$C$2:$C$321,"TBR",$F$2:$F$321,"It worked.")>0),"Both success",IF(F28="It worked.","Normal success",IF(COUNTIFS($A$2:$A$321,A28,$B$2:$B$321,B28,$D$2:$D$321,D28,$C$2:$C$321,"TBR",$F$2:$F$321,"It worked.")>0,"TBR success","Both failed"))))) -> Both failed | X28: P(G=1) | Y28: =COUNTIFS($D$2:$D$321,"Gemini",$F$2:$F$321,"<>No Code") -> 80 | Z28: =COUNTIF($D$2:$D$321,"Gemini") -> 80 | AA28: =Y28/Z28 -> 1 | AB28: =(AA28+1.96^2/(2*Z28)-1.96*SQRT(AA28*(1-AA28)/Z28+1.96^2/(4*Z28^2)))/(1+1.96^2/Z28) -> 0.95418026 | AC28: =(AA28+1.96^2/(2*Z28)+1.96*SQRT(AA28*(1-AA28)/Z28+1.96^2/(4*Z28^2)))/(1+1.96^2/Z28) -> 1
A29: K-nucleotide | B29: P2 | C29: TBR | D29: ChatGPT | E29: Go | F29: Compiled ok. Wrong output. | G29: =IF(C29<>"Normal","",IF(COUNTIFS($A$2:$A$321,A29,$B$2:$B$321,B29,$D$2:$D$321,D29,$C$2:$C$321,"TBR")=0,"Pair not found",IF(AND(F29="It worked.",COUNTIFS($A$2:$A$321,A29,$B$2:$B$321,B29,$D$2:$D$321,D29,$C$2:$C$321,"TBR",$F$2:$F$321,"It worked.")>0),"Both success",IF(F29="It worked.","Normal success",IF(COUNTIFS($A$2:$A$321,A29,$B$2:$B$321,B29,$D$2:$D$321,D29,$C$2:$C$321,"TBR",$F$2:$F$321,"It worked.")>0,"TBR success","Both failed"))))) | X29: P(R=1|G=1) | Y29: =COUNTIFS($D$2:$D$321,"Gemini",$F$2:$F$321,"<>No Code",$F$2:$F$321,"<>It did not compile.") -> 78 | Z29: =Y28 -> 80 | AA29: =Y29/Z29 -> 0.975 | AB29: =(AA29+1.96^2/(2*Z29)-1.96*SQRT(AA29*(1-AA29)/Z29+1.96^2/(4*Z29^2)))/(1+1.96^2/Z29) -> 0.913354 | AC29: =(AA29+1.96^2/(2*Z29)+1.96*SQRT(AA29*(1-AA29)/Z29+1.96^2/(4*Z29^2)))/(1+1.96^2/Z29) -> 0.99311725
A30: K-nucleotide | B30: P3 | C30: Normal | D30: ChatGPT | E30: Python | F30: It worked. | G30: =IF(C30<>"Normal","",IF(COUNTIFS($A$2:$A$321,A30,$B$2:$B$321,B30,$D$2:$D$321,D30,$C$2:$C$321,"TBR")=0,"Pair not found",IF(AND(F30="It worked.",COUNTIFS($A$2:$A$321,A30,$B$2:$B$321,B30,$D$2:$D$321,D30,$C$2:$C$321,"TBR",$F$2:$F$321,"It worked.")>0),"Both success",IF(F30="It worked.","Normal success",IF(COUNTIFS($A$2:$A$321,A30,$B$2:$B$321,B30,$D$2:$D$321,D30,$C$2:$C$321,"TBR",$F$2:$F$321,"It worked.")>0,"TBR success","Both failed"))))) -> Both success | X30: P(C=1|R=1) | Y30: =COUNTIFS($D$2:$D$321,"Gemini",$F$2:$F$321,"It worked.") -> 72 | Z30: =Y29 -> 78 | AA30: =Y30/Z30 -> 0.92307692 | AB30: =(AA30+1.96^2/(2*Z30)-1.96*SQRT(AA30*(1-AA30)/Z30+1.96^2/(4*Z30^2)))/(1+1.96^2/Z30) -> 0.84216582 | AC30: =(AA30+1.96^2/(2*Z30)+1.96*SQRT(AA30*(1-AA30)/Z30+1.96^2/(4*Z30^2)))/(1+1.96^2/Z30) -> 0.96427002
A31: K-nucleotide | B31: P3 | C31: TBR | D31: ChatGPT | E31: Rust | F31: It worked. | G31: =IF(C31<>"Normal","",IF(COUNTIFS($A$2:$A$321,A31,$B$2:$B$321,B31,$D$2:$D$321,D31,$C$2:$C$321,"TBR")=0,"Pair not found",IF(AND(F31="It worked.",COUNTIFS($A$2:$A$321,A31,$B$2:$B$321,B31,$D$2:$D$321,D31,$C$2:$C$321,"TBR",$F$2:$F$321,"It worked.")>0),"Both success",IF(F31="It worked.","Normal success",IF(COUNTIFS($A$2:$A$321,A31,$B$2:$B$321,B31,$D$2:$D$321,D31,$C$2:$C$321,"TBR",$F$2:$F$321,"It worked.")>0,"TBR success","Both failed")))))
A32: K-nucleotide | B32: P4 | C32: Normal | D32: ChatGPT | E32: Go | F32: It worked. | G32: =IF(C32<>"Normal","",IF(COUNTIFS($A$2:$A$321,A32,$B$2:$B$321,B32,$D$2:$D$321,D32,$C$2:$C$321,"TBR")=0,"Pair not found",IF(AND(F32="It worked.",COUNTIFS($A$2:$A$321,A32,$B$2:$B$321,B32,$D$2:$D$321,D32,$C$2:$C$321,"TBR",$F$2:$F$321,"It worked.")>0),"Both success",IF(F32="It worked.","Normal success",IF(COUNTIFS($A$2:$A$321,A32,$B$2:$B$321,B32,$D$2:$D$321,D32,$C$2:$C$321,"TBR",$F$2:$F$321,"It worked.")>0,"TBR success","Both failed"))))) -> Both success | X32: Total
A33: K-nucleotide | B33: P4 | C33: TBR | D33: ChatGPT | E33: Go | F33: It worked. | G33: =IF(C33<>"Normal","",IF(COUNTIFS($A$2:$A$321,A33,$B$2:$B$321,B33,$D$2:$D$321,D33,$C$2:$C$321,"TBR")=0,"Pair not found",IF(AND(F33="It worked.",COUNTIFS($A$2:$A$321,A33,$B$2:$B$321,B33,$D$2:$D$321,D33,$C$2:$C$321,"TBR",$F$2:$F$321,"It worked.")>0),"Both success",IF(F33="It worked.","Normal success",IF(COUNTIFS($A$2:$A$321,A33,$B$2:$B$321,B33,$D$2:$D$321,D33,$C$2:$C$321,"TBR",$F$2:$F$321,"It worked.")>0,"TBR success","Both failed"))))) | X33: Stage | Y33: Success | Z33: Total | AA33: % | AB33: ic95_lo | AC33: ic95_hi
A34: Mandelbrot | B34: P1 | C34: Normal | D34: ChatGPT | E34: C | F34: It worked. | G34: =IF(C34<>"Normal","",IF(COUNTIFS($A$2:$A$321,A34,$B$2:$B$321,B34,$D$2:$D$321,D34,$C$2:$C$321,"TBR")=0,"Pair not found",IF(AND(F34="It worked.",COUNTIFS($A$2:$A$321,A34,$B$2:$B$321,B34,$D$2:$D$321,D34,$C$2:$C$321,"TBR",$F$2:$F$321,"It worked.")>0),"Both success",IF(F34="It worked.","Normal success",IF(COUNTIFS($A$2:$A$321,A34,$B$2:$B$321,B34,$D$2:$D$321,D34,$C$2:$C$321,"TBR",$F$2:$F$321,"It worked.")>0,"TBR success","Both failed"))))) -> Both success | X34: P(G=1) | Y34: =COUNTIF($F$2:$F$321,"<>No Code") -> 305 | Z34: =COUNTA($D$2:$D$499) -> 320 | AA34: =Y34/Z34 -> 0.953125 | AB34: =(AA34+1.96^2/(2*Z34)-1.96*SQRT(AA34*(1-AA34)/Z34+1.96^2/(4*Z34^2)))/(1+1.96^2/Z34) -> 0.92410898 | AC34: =(AA34+1.96^2/(2*Z34)+1.96*SQRT(AA34*(1-AA34)/Z34+1.96^2/(4*Z34^2)))/(1+1.96^2/Z34) -> 0.97139055
A35: Mandelbrot | B35: P1 | C35: TBR | D35: ChatGPT | E35: C | F35: It worked. | G35: =IF(C35<>"Normal","",IF(COUNTIFS($A$2:$A$321,A35,$B$2:$B$321,B35,$D$2:$D$321,D35,$C$2:$C$321,"TBR")=0,"Pair not found",IF(AND(F35="It worked.",COUNTIFS($A$2:$A$321,A35,$B$2:$B$321,B35,$D$2:$D$321,D35,$C$2:$C$321,"TBR",$F$2:$F$321,"It worked.")>0),"Both success",IF(F35="It worked.","Normal success",IF(COUNTIFS($A$2:$A$321,A35,$B$2:$B$321,B35,$D$2:$D$321,D35,$C$2:$C$321,"TBR",$F$2:$F$321,"It worked.")>0,"TBR success","Both failed"))))) | X35: P(R=1|G=1) | Y35: =COUNTIFS($F$2:$F$321,"<>No Code",$F$2:$F$321,"<>It did not compile.") -> 286 | Z35: =Y34 -> 305 | AA35: =Y35/Z35 -> 0.93770492 | AB35: =(AA35+1.96^2/(2*Z35)-1.96*SQRT(AA35*(1-AA35)/Z35+1.96^2/(4*Z35^2)))/(1+1.96^2/Z35) -> 0.90476053 | AC35: =(AA35+1.96^2/(2*Z35)+1.96*SQRT(AA35*(1-AA35)/Z35+1.96^2/(4*Z35^2)))/(1+1.96^2/Z35) -> 0.95976031
A36: Mandelbrot | B36: P2 | C36: Normal | D36: ChatGPT | E36: C | F36: It worked. | G36: =IF(C36<>"Normal","",IF(COUNTIFS($A$2:$A$321,A36,$B$2:$B$321,B36,$D$2:$D$321,D36,$C$2:$C$321,"TBR")=0,"Pair not found",IF(AND(F36="It worked.",COUNTIFS($A$2:$A$321,A36,$B$2:$B$321,B36,$D$2:$D$321,D36,$C$2:$C$321,"TBR",$F$2:$F$321,"It worked.")>0),"Both success",IF(F36="It worked.","Normal success",IF(COUNTIFS($A$2:$A$321,A36,$B$2:$B$321,B36,$D$2:$D$321,D36,$C$2:$C$321,"TBR",$F$2:$F$321,"It worked.")>0,"TBR success","Both failed"))))) -> Both success | X36: P(C=1|R=1) | Y36: =COUNTIFS($F$2:$F$321,"It worked.") -> 186 | Z36: =Y35 -> 286 | AA36: =Y36/Z36 -> 0.65034965 | AB36: =(AA36+1.96^2/(2*Z36)-1.96*SQRT(AA36*(1-AA36)/Z36+1.96^2/(4*Z36^2)))/(1+1.96^2/Z36) -> 0.59342152 | AC36: =(AA36+1.96^2/(2*Z36)+1.96*SQRT(AA36*(1-AA36)/Z36+1.96^2/(4*Z36^2)))/(1+1.96^2/Z36) -> 0.70329227
A37: Mandelbrot | B37: P2 | C37: TBR | D37: ChatGPT | E37: C | F37: It worked. | G37: =IF(C37<>"Normal","",IF(COUNTIFS($A$2:$A$321,A37,$B$2:$B$321,B37,$D$2:$D$321,D37,$C$2:$C$321,"TBR")=0,"Pair not found",IF(AND(F37="It worked.",COUNTIFS($A$2:$A$321,A37,$B$2:$B$321,B37,$D$2:$D$321,D37,$C$2:$C$321,"TBR",$F$2:$F$321,"It worked.")>0),"Both success",IF(F37="It worked.","Normal success",IF(COUNTIFS($A$2:$A$321,A37,$B$2:$B$321,B37,$D$2:$D$321,D37,$C$2:$C$321,"TBR",$F$2:$F$321,"It worked.")>0,"TBR success","Both failed")))))
A38: Mandelbrot | B38: P3 | C38: Normal | D38: ChatGPT | E38: C | F38: It worked. | G38: =IF(C38<>"Normal","",IF(COUNTIFS($A$2:$A$321,A38,$B$2:$B$321,B38,$D$2:$D$321,D38,$C$2:$C$321,"TBR")=0,"Pair not found",IF(AND(F38="It worked.",COUNTIFS($A$2:$A$321,A38,$B$2:$B$321,B38,$D$2:$D$321,D38,$C$2:$C$321,"TBR",$F$2:$F$321,"It worked.")>0),"Both success",IF(F38="It worked.","Normal success",IF(COUNTIFS($A$2:$A$321,A38,$B$2:$B$321,B38,$D$2:$D$321,D38,$C$2:$C$321,"TBR",$F$2:$F$321,"It worked.")>0,"TBR success","Both failed"))))) -> Both success
A39: Mandelbrot | B39: P3 | C39: TBR | D39: ChatGPT | E39: C | F39: It worked. | G39: =IF(C39<>"Normal","",IF(COUNTIFS($A$2:$A$321,A39,$B$2:$B$321,B39,$D$2:$D$321,D39,$C$2:$C$321,"TBR")=0,"Pair not found",IF(AND(F39="It worked.",COUNTIFS($A$2:$A$321,A39,$B$2:$B$321,B39,$D$2:$D$321,D39,$C$2:$C$321,"TBR",$F$2:$F$321,"It worked.")>0),"Both success",IF(F39="It worked.","Normal success",IF(COUNTIFS($A$2:$A$321,A39,$B$2:$B$321,B39,$D$2:$D$321,D39,$C$2:$C$321,"TBR",$F$2:$F$321,"It worked.")>0,"TBR success","Both failed")))))
A40: Mandelbrot | B40: P4 | C40: Normal | D40: ChatGPT | E40: C | F40: Compiled ok. Wrong output. | G40: =IF(C40<>"Normal","",IF(COUNTIFS($A$2:$A$321,A40,$B$2:$B$321,B40,$D$2:$D$321,D40,$C$2:$C$321,"TBR")=0,"Pair not found",IF(AND(F40="It worked.",COUNTIFS($A$2:$A$321,A40,$B$2:$B$321,B40,$D$2:$D$321,D40,$C$2:$C$321,"TBR",$F$2:$F$321,"It worked.")>0),"Both success",IF(F40="It worked.","Normal success",IF(COUNTIFS($A$2:$A$321,A40,$B$2:$B$321,B40,$D$2:$D$321,D40,$C$2:$C$321,"TBR",$F$2:$F$321,"It worked.")>0,"TBR success","Both failed"))))) -> TBR success
A41: Mandelbrot | B41: P4 | C41: TBR | D41: ChatGPT | E41: C | F41: It worked. | G41: =IF(C41<>"Normal","",IF(COUNTIFS($A$2:$A$321,A41,$B$2:$B$321,B41,$D$2:$D$321,D41,$C$2:$C$321,"TBR")=0,"Pair not found",IF(AND(F41="It worked.",COUNTIFS($A$2:$A$321,A41,$B$2:$B$321,B41,$D$2:$D$321,D41,$C$2:$C$321,"TBR",$F$2:$F$321,"It worked.")>0),"Both success",IF(F41="It worked.","Normal success",IF(COUNTIFS($A$2:$A$321,A41,$B$2:$B$321,B41,$D$2:$D$321,D41,$C$2:$C$321,"TBR",$F$2:$F$321,"It worked.")>0,"TBR success","Both failed")))))
A42: N-body | B42: P1 | C42: Normal | D42: ChatGPT | E42: Rust | F42: It worked. | G42: =IF(C42<>"Normal","",IF(COUNTIFS($A$2:$A$321,A42,$B$2:$B$321,B42,$D$2:$D$321,D42,$C$2:$C$321,"TBR")=0,"Pair not found",IF(AND(F42="It worked.",COUNTIFS($A$2:$A$321,A42,$B$2:$B$321,B42,$D$2:$D$321,D42,$C$2:$C$321,"TBR",$F$2:$F$321,"It worked.")>0),"Both success",IF(F42="It worked.","Normal success",IF(COUNTIFS($A$2:$A$321,A42,$B$2:$B$321,B42,$D$2:$D$321,D42,$C$2:$C$321,"TBR",$F$2:$F$321,"It worked.")>0,"TBR success","Both failed"))))) -> Normal success
A43: N-body | B43: P1 | C43: TBR | D43: ChatGPT | E43: Java | F43: It did not compile. | G43: =IF(C43<>"Normal","",IF(COUNTIFS($A$2:$A$321,A43,$B$2:$B$321,B43,$D$2:$D$321,D43,$C$2:$C$321,"TBR")=0,"Pair not found",IF(AND(F43="It worked.",COUNTIFS($A$2:$A$321,A43,$B$2:$B$321,B43,$D$2:$D$321,D43,$C$2:$C$321,"TBR",$F$2:$F$321,"It worked.")>0),"Both success",IF(F43="It worked.","Normal success",IF(COUNTIFS($A$2:$A$321,A43,$B$2:$B$321,B43,$D$2:$D$321,D43,$C$2:$C$321,"TBR",$F$2:$F$321,"It worked.")>0,"TBR success","Both failed")))))
A44: N-body | B44: P2 | C44: Normal | D44: ChatGPT | E44: Rust | F44: It worked. | G44: =IF(C44<>"Normal","",IF(COUNTIFS($A$2:$A$321,A44,$B$2:$B$321,B44,$D$2:$D$321,D44,$C$2:$C$321,"TBR")=0,"Pair not found",IF(AND(F44="It worked.",COUNTIFS($A$2:$A$321,A44,$B$2:$B$321,B44,$D$2:$D$321,D44,$C$2:$C$321,"TBR",$F$2:$F$321,"It worked.")>0),"Both success",IF(F44="It worked.","Normal success",IF(COUNTIFS($A$2:$A$321,A44,$B$2:$B$321,B44,$D$2:$D$321,D44,$C$2:$C$321,"TBR",$F$2:$F$321,"It worked.")>0,"TBR success","Both failed"))))) -> Both success
A45: N-body | B45: P2 | C45: TBR | D45: ChatGPT | E45: Rust | F45: It worked. | G45: =IF(C45<>"Normal","",IF(COUNTIFS($A$2:$A$321,A45,$B$2:$B$321,B45,$D$2:$D$321,D45,$C$2:$C$321,"TBR")=0,"Pair not found",IF(AND(F45="It worked.",COUNTIFS($A$2:$A$321,A45,$B$2:$B$321,B45,$D$2:$D$321,D45,$C$2:$C$321,"TBR",$F$2:$F$321,"It worked.")>0),"Both success",IF(F45="It worked.","Normal success",IF(COUNTIFS($A$2:$A$321,A45,$B$2:$B$321,B45,$D$2:$D$321,D45,$C$2:$C$321,"TBR",$F$2:$F$321,"It worked.")>0,"TBR success","Both failed")))))
A46: N-body | B46: P3 | C46: Normal | D46: ChatGPT | E46: Rust | F46: It worked. | G46: =IF(C46<>"Normal","",IF(COUNTIFS($A$2:$A$321,A46,$B$2:$B$321,B46,$D$2:$D$321,D46,$C$2:$C$321,"TBR")=0,"Pair not found",IF(AND(F46="It worked.",COUNTIFS($A$2:$A$321,A46,$B$2:$B$321,B46,$D$2:$D$321,D46,$C$2:$C$321,"TBR",$F$2:$F$321,"It worked.")>0),"Both success",IF(F46="It worked.","Normal success",IF(COUNTIFS($A$2:$A$321,A46,$B$2:$B$321,B46,$D$2:$D$321,D46,$C$2:$C$321,"TBR",$F$2:$F$321,"It worked.")>0,"TBR success","Both failed"))))) -> Normal success
A47: N-body | B47: P3 | C47: TBR | D47: ChatGPT | E47: No Code | F47: No Code | G47: =IF(C47<>"Normal","",IF(COUNTIFS($A$2:$A$321,A47,$B$2:$B$321,B47,$D$2:$D$321,D47,$C$2:$C$321,"TBR")=0,"Pair not found",IF(AND(F47="It worked.",COUNTIFS($A$2:$A$321,A47,$B$2:$B$321,B47,$D$2:$D$321,D47,$C$2:$C$321,"TBR",$F$2:$F$321,"It worked.")>0),"Both success",IF(F47="It worked.","Normal success",IF(COUNTIFS($A$2:$A$321,A47,$B$2:$B$321,B47,$D$2:$D$321,D47,$C$2:$C$321,"TBR",$F$2:$F$321,"It worked.")>0,"TBR success","Both failed")))))
A48: N-body | B48: P4 | C48: Normal | D48: ChatGPT | E48: Rust | F48: It worked. | G48: =IF(C48<>"Normal","",IF(COUNTIFS($A$2:$A$321,A48,$B$2:$B$321,B48,$D$2:$D$321,D48,$C$2:$C$321,"TBR")=0,"Pair not found",IF(AND(F48="It worked.",COUNTIFS($A$2:$A$321,A48,$B$2:$B$321,B48,$D$2:$D$321,D48,$C$2:$C$321,"TBR",$F$2:$F$321,"It worked.")>0),"Both success",IF(F48="It worked.","Normal success",IF(COUNTIFS($A$2:$A$321,A48,$B$2:$B$321,B48,$D$2:$D$321,D48,$C$2:$C$321,"TBR",$F$2:$F$321,"It worked.")>0,"TBR success","Both failed"))))) -> Both success
... A321: Spectral-norm | B321: P4 | C321: TBR | D321: Gemini | E321: Go | F321: It worked. | G321: =IF(C321<>"Normal","",IF(COUNTIFS($A$2:$A$321,A321,$B$2:$B$321,B321,$D$2:$D$321,D321,$C$2:$C$321,"TBR")=0,"Pair not found",IF(AND(F321="It worked.",COUNTIFS($A$2:$A$321,A321,$B$2:$B$321,B321,$D$2:$D$321,D321,$C$2:$C$321,"TBR",$F$2:$F$321,"It worked.")>0),"Both success",IF(F321="It worked.","Normal success",IF(COUNTIFS($A$2:$A$321,A321,$B$2:$B$321,B321,$D$2:$D$321,D321,$C$2:$C$321,"TBR",$F$2:$F$321,"It worked.")>0,"TBR success","Both failed")))))

Sheet Recurrence
A2: P. L. | B2: Count of P. L. | D2: Count of OUTPUT COMMENT | E2: OUTPUT COMMENT | M2: Count of P. L. | N2: P. L.
A3: Bash (.sh) | B3: 2 | D3: BENCHMARK | E3: Compiled ok. Wrong output. | F3: It did not compile. | G3: It worked. | H3: No Code | I3: Compile ok. Wrong output. | J3: Grand Total | M3: PROMPT | N3: Bash (.sh) | O3: C | P3: C# | Q3: C++ | R3: Go | S3: Java | T3: JavaScript | U3: Julia | V3: No Code | W3: Python | X3: Ruby | Y3: Rust | Z3: Grand Total
A4: C | B4: 46 | D4: Binary-trees | E4: 8 | F4: 6 | G4: 47 | J4: 61 | M4: P1 | N4: 1 | O4: 12 | P4: 1 | Q4: 4 | R4: 2 | S4: 10 | T4: 2 | V4: 5 | W4: 67 | Y4: 5 | Z4: 109
A5: C# | B5: 3 | D5: Fannkuch-redux | E5: 27 | F5: 6 | G5: 10 | H5: 1 | J5: 44 | M5: P2 | N5: 1 | O5: 11 | Q5: 11 | R5: 14 | V5: 5 | W5: 42 | Y5: 7 | Z5: 91
A6: C++ | B6: 30 | D6: Fasta | E6: 5 | F6: 2 | G6: 26 | J6: 33 | M6: P3 | O6: 12 | Q6: 8 | R6: 5 | S6: 4 | T6: 2 | U6: 1 | V6: 3 | W6: 62 | X6: 1 | Y6: 8 | Z6: 106
A7: Go | B7: 45 | D7: K-nucleotide | E7: 9 | F7: 2 | G7: 24 | J7: 35 | M7: P4 | O7: 11 | P7: 2 | Q7: 7 | R7: 24 | S7: 3 | T7: 2 | V7: 2 | W7: 44 | Y7: 8 | Z7: 103
A8: Java | B8: 17 | D8: Mandelbrot | E8: 7 | F8: 4 | G8: 29 | J8: 40 | M8: Grand Total | N8: 2 | O8: 46 | P8: 3 | Q8: 30 | R8: 45 | S8: 17 | T8: 6 | U8: 1 | V8: 15 | W8: 215 | X8: 1 | Y8: 28 | Z8: 409
A9: JavaScript | B9: 6 | D9: N-body | E9: 13 | F9: 2 | G9: 17 | H9: 1 | J9: 33
A10: Julia | B10: 1 | D10: Pi-digits | E10: 17 | F10: 4 | G10: 19 | H10: 4 | J10: 44
A11: Python | B11: 215 | D11: Regex-redux | E11: 16 | F11: 3 | G11: 17 | H11: 8 | J11: 44 | M11: Count of SEARCH TYPE | N11: OUTPUT COMMENT
A12: Ruby | B12: 1 | D12: Reverse-complement | E12: 11 | G12: 20 | H12: 1 | I12: 4 | J12: 36 | M12: SEARCH TYPE | N12: Compiled ok. Wrong output. | O12: It did not compile. | P12: It worked. | Q12: Compile ok. Wrong output. | R12: Grand Total
A13: Rust | B13: 28 | D13: Spectral-norm | E13: 17 | F13: 1 | G13: 21 | J13: 39 | M13: Normal | N13: 72 | O13: 17 | P13: 112 | Q13: 2 | R13: 203
A14: Grand Total | B14: 394 | D14: Grand Total | E14: 130 | F14: 30 | G14: 230 | H14: 15 | I14: 4 | J14: 409 | M14: TBR | N14: 58 | O14: 13 | P14: 118 | Q14: 2 | R14: 191
M15: Grand Total | N15: 130 | O15: 30 | P15: 230 | Q15: 4 | R15: 394
D18: Count of OUTPUT COMMENT | F18: OUTPUT COMMENT | M18: Count of OUTPUT COMMENT | N18: OUTPUT COMMENT | O18: PROMPT
D19: BENCHMARK | E19: PROMPT | F19: Compiled ok. Wrong output. | G19: It did not compile. | H19: It worked. | I19: No Code | J19: Compile ok. Wrong output. | K19: Grand Total | N19: Compiled ok. Wrong output. | R19: Compiled ok. Wrong output. Total | S19: It did not compile. | W19: It did not compile. Total | X19: It worked. | AB19: It worked. Total | AC19: No Code | AG19: No Code Total | AH19: Compile ok. Wrong output. | AJ19: Compile ok. Wrong output. Total | AK19: Grand Total
D20: Binary-trees | E20: P1 | F20: 1 | G20: 4 | H20: 13 | K20: 18 | M20: BENCHMARK | N20: P1 | O20: P2 | P20: P3 | Q20: P4 | S20: P1 | T20: P2 | U20: P3 | V20: P4 | X20: P1 | Y20: P2 | Z20: P3 | AA20: P4 | AC20: P1 | AD20: P2 | AE20: P3 | AF20: P4 | AH20: P3 | AI20: P4
E21: P2 | F21: 1 | G21: 1 | H21: 8 | K21: 10 | M21: Binary-trees | N21: 1 | O21: 1 | P21: 3 | Q21: 3 | R21: 8 | S21: 4 | T21: 1 | U21: 1 | W21: 6 | X21: 13 | Y21: 8 | Z21: 10 | AA21: 16 | AB21: 47 | AK21: 61
E22: P3 | F22: 3 | G22: 1 | H22: 10 | K22: 14 | M22: Fannkuch-redux | N22: 7 | O22: 3 | P22: 8 | Q22: 9 | R22: 27 | S22: 2 | T22: 3 | U22: 1 | W22: 6 | X22: 3 | Y22: 4 | Z22: 2 | AA22: 1 | AB22: 10 | AD22: 1 | AG22: 1 | AK22: 44
E23: P4 | F23: 3 | H23: 16 | K23: 19 | M23: Fasta | O23: 1 | P23: 3 | Q23: 1 | R23: 5 | T23: 1 | U23: 1 | W23: 2 | X23: 8 | Y23: 6 | Z23: 5 | AA23: 7 | AB23: 26 | AK23: 33
D24: Binary-trees Total | F24: 8 | G24: 6 | H24: 47 | K24: 61 | M24: K-nucleotide | N24: 1 | O24: 5 | P24: 2 | Q24: 1 | R24: 9 | V24: 2 | W24: 2 | X24: 8 | Y24: 4 | Z24: 6 | AA24: 6 | AB24: 24 | AK24: 35
D25: Fannkuch-redux | E25: P1 | F25: 7 | G25: 2 | H25: 3 | K25: 12 | M25: Mandelbrot | P25: 6 | Q25: 1 | R25: 7 | S25: 1 | U25: 1 | V25: 2 | W25: 4 | X25: 10 | Y25: 9 | Z25: 5 | AA25: 5 | AB25: 29 | AK25: 40
E26: P2 | F26: 3 | G26: 3 | H26: 4 | I26: 1 | K26: 11 | M26: N-body | O26: 1 | P26: 7 | Q26: 5 | R26: 13 | S26: 2 | W26: 2 | X26: 6 | Y26: 7 | Z26: 1 | AA26: 3 | AB26: 17 | AE26: 1 | AG26: 1 | AK26: 33
E27: P3 | F27: 8 | G27: 1 | H27: 2 | K27: 11 | M27: Pi-digits | N27: 5 | O27: 1 | P27: 7 | Q27: 4 | R27: 17 | S27: 3 | T27: 1 | W27: 4 | X27: 6 | Y27: 5 | Z27: 4 | AA27: 4 | AB27: 19 | AC27: 2 | AD27: 2 | AG27: 4 | AK27: 44
E28: P4 | F28: 9 | H28: 1 | K28: 10 | M28: Regex-redux | N28: 4 | O28: 3 | P28: 5 | Q28: 4 | R28: 16 | T28: 2 | V28: 1 | W28: 3 | X28: 3 | Y28: 3 | Z28: 4 | AA28: 7 | AB28: 17 | AC28: 2 | AD28: 2 | AE28: 2 | AF28: 2 | AG28: 8 | AK28: 44
D29: Fannkuch-redux Total | F29: 27 | G29: 6 | H29: 10 | I29: 1 | K29: 44 | M29: Reverse-complement | N29: 1 | O29: 2 | P29: 5 | Q29: 3 | R29: 11 | X29: 7 | Y29: 6 | Z29: 3 | AA29: 4 | AB29: 20 | AC29: 1 | AG29: 1 | AH29: 2 | AI29: 2 | AJ29: 4 | AK29: 36
D30: Fasta | E30: P1 | H30: 8 | K30: 8 | M30: Spectral-norm | N30: 3 | O30: 2 | P30: 6 | Q30: 6 | R30: 17 | S30: 1 | W30: 1 | X30: 5 | Y30: 7 | Z30: 5 | AA30: 4 | AB30: 21 | AK30: 39
E31: P2 | F31: 1 | G31: 1 | H31: 6 | K31: 8 | M31: Grand Total | N31: 22 | O31: 19 | P31: 52 | Q31: 37 | R31: 130 | S31: 13 | T31: 8 | U31: 4 | V31: 5 | W31: 30 | X31: 69 | Y31: 59 | Z31: 45 | AA31: 57 | AB31: 230 | AC31: 5 | AD31: 5 | AE31: 3 | AF31: 2 | AG31: 15 | AH31: 2 | AI31: 2 | AJ31: 4 | AK31: 409
E32: P3 | F32: 3 | G32: 1 | H32: 5 | K32: 9
E33: P4 | F33: 1 | H33: 7 | K33: 8
D34: Fasta Total | F34: 5 | G34: 2 | H34: 26 | K34: 33 | M34: Count of OUTPUT COMMENT | O34: OUTPUT COMMENT
D35: K-nucleotide | E35: P1 | F35: 1 | H35: 8 | K35: 9 | M35: AI TOOL | N35: P. L. | O35: Compiled ok. Wrong output. | P35: It did not compile. | Q35: It worked. | R35: Compile ok. Wrong output. | S35: Grand Total
E36: P2 | F36: 5 | H36: 4 | K36: 9 | M36: ChatGPT | N36: C | O36: 7 | P36: 1 | Q36: 12 | S36: 20
E37: P3 | F37: 2 | H37: 6 | K37: 8 | N37: Go | O37: 2 | Q37: 13 | R37: 1 | S37: 16
E38: P4 | F38: 1 | G38: 2 | H38: 6 | K38: 9 | N38: Java | P38: 1 | S38: 1
D39: K-nucleotide Total | F39: 9 | G39: 2 | H39: 24 | K39: 35 | N39: Python | O39: 1 | Q39: 6 | S39: 7
D40: Mandelbrot | E40: P1 | G40: 1 | H40: 10 | K40: 11 | N40: Rust | O40: 3 | P40: 1 | Q40: 14 | R40: 3 | S40: 21
E41: P2 | H41: 9 | K41: 9 | M41: ChatGPT Total | O41: 13 | P41: 3 | Q41: 45 | R41: 4 | S41: 65
E42: P3 | F42: 6 | G42: 1 | H42: 5 | K42: 12 | M42: Claude | N42: C | O42: 6 | Q42: 9 | S42: 15
E43: P4 | F43: 1 | G43: 2 | H43: 5 | K43: 8 | N43: C# | Q43: 3 | S43: 3
D44: Mandelbrot Total | F44: 7 | G44: 4 | H44: 29 | K44: 40 | N44: C++ | Q44: 5 | S44: 5
D45: N-body | E45: P1 | G45: 2 | H45: 6 | K45: 8 | N45: Go | P45: 1 | Q45: 4 | S45: 5
E46: P2 | F46: 1 | H46: 7 | K46: 8 | N46: Java | Q46: 6 | S46: 6
E47: P3 | F47: 7 | H47: 1 | I47: 1 | K47: 9 | N47: JavaScript | Q47: 3 | S47: 3
E48: P4 | F48: 5 | H48: 3 | K48: 8 | N48: Python | O48: 29 | P48: 2 | Q48: 41 | S48: 72
D49: N-body Total | F49: 13 | G49: 2 | H49: 17 | I49: 1 | K49: 33 | N49: Rust | O49: 2 | P49: 1 | Q49: 3 | S49: 6
D50: Pi-digits | E50: P1 | F50: 5 | G50: 3 | H50: 6 | I50: 2 | K50: 16 | M50: Claude Total | O50: 37 | P50: 4 | Q50: 74 | S50: 115
E51: P2 | F51: 1 | G51: 1 | H51: 5 | I51: 2 | K51: 9 | M51: DeepSeek | N51: Bash (.sh) | O51: 2 | S51: 2
E52: P3 | F52: 7 | H52: 4 | K52: 11 | N52: C | O52: 5 | P52: 1 | Q52: 4 | S52: 10
E53: P4 | F53: 4 | H53: 4 | K53: 8 | N53: C++ | O53: 4 | P53: 7 | Q53: 5 | S53: 16
D54: Pi-digits Total | F54: 17 | G54: 4 | H54: 19 | I54: 4 | K54: 44 | N54: Go | O54: 2 | P54: 1 | S54: 3
D55: Regex-redux | E55: P1 | F55: 4 | H55: 3 | I55: 2 | K55: 9 | N55: Java | O55: 2 | P55: 2 | Q55: 3 | S55: 7
E56: P2 | F56: 3 | G56: 2 | H56: 3 | I56: 2 | K56: 10 | N56: JavaScript | O56: 2 | Q56: 1 | S56: 3
E57: P3 | F57: 5 | H57: 4 | I57: 2 | K57: 11 | N57: Julia | P57: 1 | S57: 1
E58: P4 | F58: 4 | G58: 1 | H58: 7 | I58: 2 | K58: 14 | N58: Python | O58: 55 | P58: 8 | Q58: 25 | S58: 88
D59: Regex-redux Total | F59: 16 | G59: 3 | H59: 17 | I59: 8 | K59: 44 | N59: Ruby | O59: 1 | S59: 1
D60: Reverse-complement | E60: P1 | F60: 1 | H60: 7 | I60: 1 | K60: 9 | N60: Rust | O60: 1 | S60: 1
E61: P2 | F61: 2 | H61: 6 | K61: 8 | M61: DeepSeek Total | O61: 74 | P61: 20 | Q61: 38 | S61: 132
E62: P3 | F62: 5 | H62: 3 | J62: 2 | K62: 10 | M62: Gemini | N62: C | Q62: 1 | S62: 1
E63: P4 | F63: 3 | H63: 4 | J63: 2 | K63: 9 | N63: C++ | Q63: 9 | S63: 9
D64: Reverse-complement Total | F64: 11 | H64: 20 | I64: 1 | J64: 4 | K64: 36 | N64: Go | O64: 2 | P64: 1 | Q64: 18 | S64: 21
D65: Spectral-norm | E65: P1 | F65: 3 | G65: 1 | H65: 5 | K65: 9 | N65: Java | P65: 1 | Q65: 2 | S65: 3
E66: P2 | F66: 2 | H66: 7 | K66: 9 | N66: Python | O66: 4 | P66: 1 | Q66: 43 | S66: 48
E67: P3 | F67: 6 | H67: 5 | K67: 11 | M67: Gemini Total | O67: 6 | P67: 3 | Q67: 73 | S67: 82
E68: P4 | F68: 6 | H68: 4 | K68: 10 | M68: Grand Total | O68: 130 | P68: 30 | Q68: 230 | R68: 4 | S68: 394
D69: Spectral-norm Total | F69: 17 | G69: 1 | H69: 21 | K69: 39
D70: Grand Total | F70: 130 | G70: 30 | H70: 230 | I70: 15 | J70: 4 | K70: 409
E73: Count of P. L. | F73: PROMPT
E74: P. L. | F74: P1 | G74: P2 | H74: P3 | I74: P4 | J74: Grand Total
E75: Bash (.sh) | F75: 1 | G75: 1 | J75: 2
E76: C | F76: 12 | G76: 11 | H76: 12 | I76: 11 | J76: 46
E77: C# | F77: 1 | I77: 2 | J77: 3
E78: C++ | F78: 4 | G78: 11 | H78: 8 | I78: 7 | J78: 30
E79: Go | F79: 2 | G79: 14 | H79: 5 | I79: 24 | J79: 45
E80: Java | F80: 10 | H80: 4 | I80: 3 | J80: 17
E81: JavaScript | F81: 2 | H81: 2 | I81: 2 | J81: 6
E82: Julia | H82: 1 | J82: 1
E83: No Code | F83: 5 | G83: 5 | H83: 3 | I83: 2 | J83: 15
E84: Python | F84: 67 | G84: 42 | H84: 62 | I84: 44 | J84: 215
E85: Ruby | H85: 1 | J85: 1
E86: Rust | F86: 5 | G86: 7 | H86: 8 | I86: 8 | J86: 28
E87: Grand Total | F87: 109 | G87: 91 | H87: 106 | I87: 103 | J87: 409
C92: Count of OUTPUT COMMENT | D92: PROMPT
C93: OUTPUT COMMENT | D93: P1 | E93: P2 | F93: P3 | G93: P4 | H93: Grand Total
C94: Compiled ok. Wrong output. | D94: 22 | E94: 19 | F94: 52 | G94: 37 | H94: 130
C95: It did not compile. | D95: 13 | E95: 8 | F95: 4 | G95: 5 | H95: 30
C96: It worked. | D96: 69 | E96: 59 | F96: 45 | G96: 57 | H96: 230
C97: Compile ok. Wrong output. | F97: 2 | G97: 2 | H97: 4
C98: Grand Total | D98: 104 | E98: 86 | F98: 103 | G98: 101 | H98: 394

Sheet correctness
A1: Search Mode | B1: Prompt | C1: Number of Codes Generated | D1: Number of Correct Codes | E1: Failed to compile or execute | F1: Compile ok. Wrong Output | G1: Correctness | H1: Total Correctness | I1: Correctness Difference
A2: Common | B2: P1 | C2: =COUNTIFS('all-data_locked'!$B$2:$B$410, "P1", 'all-data_locked'!$C$2:$C$410, "Normal", 'all-data_locked'!$E$2:$E$410, "<>No Code") -> 53 | D2: =COUNTIFS('all-data_locked'!$B$2:$B$410, "P1", 'all-data_locked'!$C$2:$C$410, "Normal", 'all-data_locked'!$F$2:$F$410, "It worked.") -> 35 | E2: =COUNTIFS('all-data_locked'!$B$2:$B$410, "P1", 'all-data_locked'!$C$2:$C$410, "Normal", 'all-data_locked'!$F$2:$F$410, "It did not compile.") -> 6 | F2: =COUNTIFS('all-data_locked'!$B$2:$B$410, "P1", 'all-data_locked'!$C$2:$C$410, "Normal", 'all-data_locked'!$F$2:$F$410, "Compiled ok. Wrong output.") -> 12 | G2: =(D2/C2)*100 -> 66.037736 | H2: =(SUM(D2:D5)/SUM(C2:C5))*100 -> 55.172414 | I2: =ABS(H2-H6) -> 6.6076909
B3: P2 | C3: =COUNTIFS('all-data_locked'!$B$2:$B$410, "P2", 'all-data_locked'!$C$2:$C$410, "Normal", 'all-data_locked'!$E$2:$E$410, "<>No Code") -> 42 | D3: =COUNTIFS('all-data_locked'!$B$2:$B$410, "P2", 'all-data_locked'!$C$2:$C$410, "Normal", 'all-data_locked'!$F$2:$F$410, "It worked.") -> 28 | E3: =COUNTIFS('all-data_locked'!$B$2:$B$410, "P2", 'all-data_locked'!$C$2:$C$410, "Normal", 'all-data_locked'!$F$2:$F$410, "It did not compile.") -> 5 | F3: =COUNTIFS('all-data_locked'!$B$2:$B$410, "P2", 'all-data_locked'!$C$2:$C$410, "Normal", 'all-data_locked'!$F$2:$F$410, "Compiled ok. Wrong output.") -> 9 | G3: =(D3/C3)*100 -> 66.666667
B4: P3 | C4: =COUNTIFS('all-data_locked'!$B$2:B$410, "P3", 'all-data_locked'!$C$2:$C$410, "Normal", 'all-data_locked'!$E$2:$E$410, "<>No Code") -> 54 | D4: =COUNTIFS('all-data_locked'!$B$2:$B$410, "P3", 'all-data_locked'!$C$2:$C$410, "Normal", 'all-data_locked'!$F$2:$F$410, "It worked.") -> 18 | E4: =COUNTIFS('all-data_locked'!$B$2:$B$410, "P3", 'all-data_locked'!$C$2:$C$410, "Normal", 'all-data_locked'!$F$2:$F$410, "It did not compile.") -> 3 | F4: =COUNTIFS('all-data_locked'!$B$2:$B$410, "P3", 'all-data_locked'!$C$2:$C$410, "Normal", 'all-data_locked'!$F$2:$F$410, "Compiled ok. Wrong output.") -> 33 | G4: =(D4/C4)*100 -> 33.333333
B5: P4 | C5: =COUNTIFS('all-data_locked'!$B$2:$B$410, "P4", 'all-data_locked'!$C$2:$C$410, "Normal", 'all-data_locked'!$E$2:$E$410, "<>No Code") -> 54 | D5: =COUNTIFS('all-data_locked'!$B$2:$B$410, "P4", 'all-data_locked'!$C$2:$C$410, "Normal", 'all-data_locked'!$F$2:$F$410, "It worked.") -> 31 | E5: =COUNTIFS('all-data_locked'!$B$2:$B$410, "P4", 'all-data_locked'!$C$2:$C$410, "Normal", 'all-data_locked'!$F$2:$F$410, "It did not compile.") -> 3 | F5: =COUNTIFS('all-data_locked'!$B$2:$B$410, "P4", 'all-data_locked'!$C$2:$C$410, "Normal", 'all-data_locked'!$F$2:$F$410, "Compiled ok. Wrong output.") -> 20 | G5: =(D5/C5)*100 -> 57.407407
A6: TBR | B6: P1 | C6: =COUNTIFS('all-data_locked'!$B$2:$B$410, "P1", 'all-data_locked'!$C$2:$C$410, "TBR", 'all-data_locked'!$E$2:$E$410, "<>No Code") -> 51 | D6: =COUNTIFS('all-data_locked'!$B$2:$B$410, "P1", 'all-data_locked'!$C$2:$C$410, "TBR", 'all-data_locked'!$F$2:$F$410, "It worked.") -> 34 | E6: =COUNTIFS('all-data_locked'!$B$2:$B$410, "P1", 'all-data_locked'!$C$2:$C$410, "TBR", 'all-data_locked'!$F$2:$F$410, "It did not compile.") -> 7 | F6: =COUNTIFS('all-data_locked'!$B$2:$B$410, "P1", 'all-data_locked'!$C$2:$C$410, "TBR", 'all-data_locked'!$F$2:$F$410, "Compiled ok. Wrong output.") -> 10 | G6: =(D6/C6)*100 -> 66.666667 | H6: =(SUM(D6:D9)/SUM(C6:C9))*100 -> 61.780105
B7: P2 | C7: =COUNTIFS('all-data_locked'!$B$2:$B$410, "P2", 'all-data_locked'!$C$2:$C$410, "TBR", 'all-data_locked'!$E$2:$E$410, "<>No Code") -> 44 | D7: =COUNTIFS('all-data_locked'!$B$2:$B$410, "P2", 'all-data_locked'!$C$2:$C$410, "TBR", 'all-data_locked'!$F$2:$F$410, "It worked.") -> 31 | E7: =COUNTIFS('all-data_locked'!$B$2:$B$410, "P2", 'all-data_locked'!$C$2:$C$410, "TBR", 'all-data_locked'!$F$2:$F$410, "It did not compile.") -> 3 | F7: =COUNTIFS('all-data_locked'!$B$2:$B$410, "P2", 'all-data_locked'!$C$2:$C$410, "TBR", 'all-data_locked'!$F$2:$F$410, "Compiled ok. Wrong output.") -> 10 | G7: =(D7/C7)*100 -> 70.454545
B8: P3 | C8: =COUNTIFS('all-data_locked'!$B$2:$B$410, "P3", 'all-data_locked'!$C$2:$C$410, "TBR", 'all-data_locked'!$E$2:$E$410, "<>No Code") -> 49 | D8: =COUNTIFS('all-data_locked'!$B$2:$B$410, "P3", 'all-data_locked'!$C$2:$C$410, "TBR", 'all-data_locked'!$F$2:$F$410, "It worked.") -> 27 | E8: =COUNTIFS('all-data_locked'!$B$2:$B$410, "P3", 'all-data_locked'!$C$2:$C$410, "TBR", 'all-data_locked'!$F$2:$F$410, "It did not compile.") -> 1 | F8: =COUNTIFS('all-data_locked'!$B$2:$B$410, "P3", 'all-data_locked'!$C$2:$C$410, "TBR", 'all-data_locked'!$F$2:$F$410, "Compiled ok. Wrong output.") -> 21 | G8: =(D8/C8)*100 -> 55.102041
B9: P4 | C9: =COUNTIFS('all-data_locked'!$B$2:$B$410, "P4", 'all-data_locked'!$C$2:$C$410, "TBR", 'all-data_locked'!$E$2:$E$410, "<>No Code") -> 47 | D9: =COUNTIFS('all-data_locked'!$B$2:$B$410, "P4", 'all-data_locked'!$C$2:$C$410, "TBR", 'all-data_locked'!$F$2:$F$410, "It worked.") -> 26 | E9: =COUNTIFS('all-data_locked'!$B$2:$B$410, "P4", 'all-data_locked'!$C$2:$C$410, "TBR", 'all-data_locked'!$F$2:$F$410, "It did not compile.") -> 2 | F9: =COUNTIFS('all-data_locked'!$B$2:$B$410, "P4", 'all-data_locked'!$C$2:$C$410, "TBR", 'all-data_locked'!$F$2:$F$410, "Compiled ok. Wrong output.") -> 19 | G9: =(D9/C9)*100 -> 55.319149
A11: AI-assistant | B11: Number of Codes Generated | C11: Number of Correct Codes | D11: Failed to compile or execute | E11: Compile ok. Wrong Output | F11: Correctness
A12: ChatGPT | B12: =COUNTIFS('all-data_locked'!$D$2:$D$410, "ChatGPT", 'all-data_locked'!$E$2:$E$410, "<>No Code") -> 65 | C12: =COUNTIFS('all-data_locked'!$D$2:$D$410, "ChatGPT", 'all-data_locked'!$F$2:$F$410, "It worked.") -> 45 | D12: =COUNTIFS('all-data_locked'!$D$2:$D$410, "ChatGPT", 'all-data_locked'!$F$2:$F$410, "It did not compile.") -> 3 | E12: =COUNTIFS('all-data_locked'!$D$2:$D$410, "ChatGPT", 'all-data_locked'!$F$2:$F$410, "Compiled ok. Wrong output.") -> 17 | F12: =(C12/B12)*100 -> 69.230769
A13: Claude | B13: =COUNTIFS('all-data_locked'!$D$2:$D$410, "Claude", 'all-data_locked'!$E$2:$E$410, "<>No Code") -> 115 | C13: =COUNTIFS('all-data_locked'!$D$2:$D$410, "Claude", 'all-data_locked'!$F$2:$F$410, "It worked.") -> 74 | D13: =COUNTIFS('all-data_locked'!$D$2:$D$410, "Claude", 'all-data_locked'!$F$2:$F$410, "It did not compile.") -> 4 | E13: =COUNTIFS('all-data_locked'!$D$2:$D$410, "Claude", 'all-data_locked'!$F$2:$F$410, "Compiled ok. Wrong output.") -> 37 | F13: =(C13/B13)*100 -> 64.347826
A14: DeepSeek | B14: =COUNTIFS('all-data_locked'!$D$2:$D$410, "DeepSeek", 'all-data_locked'!$E$2:$E$410, "<>No Code") -> 132 | C14: =COUNTIFS('all-data_locked'!$D$2:$D$410, "DeepSeek", 'all-data_locked'!$F$2:$F$410, "It worked.") -> 38 | D14: =COUNTIFS('all-data_locked'!$D$2:$D$410, "DeepSeek", 'all-data_locked'!$F$2:$F$410, "It did not compile.") -> 20 | E14: =COUNTIFS('all-data_locked'!$D$2:$D$410, "DeepSeek", 'all-data_locked'!$F$2:$F$410, "Compiled ok. Wrong output.") -> 74 | F14: =(C14/B14)*100 -> 28.787879
A15: Gemini | B15: =COUNTIFS('all-data_locked'!$D$2:$D$410, "Gemini", 'all-data_locked'!$E$2:$E$410, "<>No Code") -> 82 | C15: =COUNTIFS('all-data_locked'!$D$2:$D$410, "Gemini", 'all-data_locked'!$F$2:$F$410, "It worked.") -> 73 | D15: =COUNTIFS('all-data_locked'!$D$2:$D$410, "Gemini", 'all-data_locked'!$F$2:$F$410, "It did not compile.") -> 3 | E15: =COUNTIFS('all-data_locked'!$D$2:$D$410, "Gemini", 'all-data_locked'!$F$2:$F$410, "Compiled ok. Wrong output.") -> 6 | F15: =(C15/B15)*100 -> 89.02439
A17: Large Language Model | B17: Number of Codes Generated | C17: Number of Correct Codes | D17: Failed to compile or execute | E17: Compile ok. Wrong Output | F17: Correctness
A18: GPT 5.2 | B18: =COUNTIFS('all-data_locked'!$D$2:$D$410, "ChatGPT", 'all-data_locked'!$E$2:$E$410, "<>No Code") -> 65 | C18: =COUNTIFS('all-data_locked'!$D$2:$D$410, "ChatGPT", 'all-data_locked'!$F$2:$F$410, "It worked.") -> 45 | D18: =COUNTIFS('all-data_locked'!$D$2:$D$410, "ChatGPT", 'all-data_locked'!$F$2:$F$410, "It did not compile.") -> 3 | E18: =COUNTIFS('all-data_locked'!$D$2:$D$410, "ChatGPT", 'all-data_locked'!$F$2:$F$410, "Compiled ok. Wrong output.") -> 17 | F18: =(C18/B18)*100 -> 69.230769
A19: Sonnet 4.5 | B19: =COUNTIFS('all-data_locked'!$D$2:$D$410, "Claude", 'all-data_locked'!$E$2:$E$410, "<>No Code") -> 115 | C19: =COUNTIFS('all-data_locked'!$D$2:$D$410, "Claude", 'all-data_locked'!$F$2:$F$410, "It worked.") -> 74 | D19: =COUNTIFS('all-data_locked'!$D$2:$D$410, "Claude", 'all-data_locked'!$F$2:$F$410, "It did not compile.") -> 4 | E19: =COUNTIFS('all-data_locked'!$D$2:$D$410, "Claude", 'all-data_locked'!$F$2:$F$410, "Compiled ok. Wrong output.") -> 37 | F19: =(C19/B19)*100 -> 64.347826
A20: DeepSeek v3.2 | B20: =COUNTIFS('all-data_locked'!$D$2:$D$410, "DeepSeek", 'all-data_locked'!$E$2:$E$410, "<>No Code") -> 132 | C20: =COUNTIFS('all-data_locked'!$D$2:$D$410, "DeepSeek", 'all-data_locked'!$F$2:$F$410, "It worked.") -> 38 | D20: =COUNTIFS('all-data_locked'!$D$2:$D$410, "DeepSeek", 'all-data_locked'!$F$2:$F$410, "It did not compile.") -> 20 | E20: =COUNTIFS('all-data_locked'!$D$2:$D$410, "DeepSeek", 'all-data_locked'!$F$2:$F$410, "Compiled ok. Wrong output.") -> 74 | F20: =(C20/B20)*100 -> 28.787879
A21: Gemini 3.1 Pro | B21: =COUNTIFS('all-data_locked'!$D$2:$D$410, "Gemini", 'all-data_locked'!$E$2:$E$410, "<>No Code") -> 82 | C21: =COUNTIFS('all-data_locked'!$D$2:$D$410, "Gemini", 'all-data_locked'!$F$2:$F$410, "It worked.") -> 73 | D21: =COUNTIFS('all-data_locked'!$D$2:$D$410, "Gemini", 'all-data_locked'!$F$2:$F$410, "It did not compile.") -> 3 | E21: =COUNTIFS('all-data_locked'!$D$2:$D$410, "Gemini", 'all-data_locked'!$F$2:$F$410, "Compiled ok. Wrong output.") -> 6 | F21: =(C21/B21)*100 -> 89.02439

Sheet CV
A1: Benchmark | B1: P.L. | C1: M1 | D1: M2 | E1: M3 | F1: M4 | G1: M5 | H1: AVG | I1: STD | J1: CV
A2: binary-trees | B2: C CLBG | C2: 1.568 | D2: 1.561 | E2: 1.563 | F2: 1.559 | G2: 1.567 | H2: =AVERAGE(C2:G2) -> 1.5636 | I2: =STDEV(C2:G2) -> 0.0038470768 | J2: =(I2/H2)*100 -> 0.2460397 | L2: binary-trees | M2: C CLBG | N2: 3.2162847
A3: binary-trees | B3: Python | C3: 46.142 | D3: 43.891 | E3: 45.167 | F3: 45.975 | G3: 43.676 | H3: =AVERAGE(C3:G3) -> 44.9702 | I3: =STDEV(C3:G3) -> 1.1468538 | J3: =(I3/H3)*100 -> 2.5502529 | L3: binary-trees | M3: Python | N3: 2.5502529
A4: binary-trees | B4: Python CLBG | C4: 34.943 | D4: 33.494 | E4: 33.628 | F4: 33.446 | G4: 33.368 | H4: =AVERAGE(C4:G4) -> 33.7758 | I4: =STDEV(C4:G4) -> 0.65929523 | J4: =(I4/H4)*100 -> 1.9519752 | L4: binary-trees | M4: Python CLBG | N4: 1.9519752
A5: binary-trees | B5: C | C5: 1.153 | D5: 1.163 | E5: 1.144 | F5: 1.181 | G5: 1.181 | H5: =AVERAGE(C5:G5) -> 1.1644 | I5: =STDEV(C5:G5) -> 0.016577093 | J5: =(I5/H5)*100 -> 1.4236596 | L5: binary-trees | M5: C | N5: 1.4236596
A6: binary-trees | B6: Go | C6: 9.111 | D6: 9.248 | E6: 9.388 | F6: 9.34 | G6: 9.269 | H6: =AVERAGE(C6:G6) -> 9.2712 | I6: =STDEV(C6:G6) -> 0.1055732 | J6: =(I6/H6)*100 -> 1.138722 | L6: binary-trees | M6: Go | N6: 1.138722
A7: binary-trees | B7: Go CLBG | C7: 14.212 | D7: 14.239 | E7: 14.248 | F7: 14.352 | G7: 14.275 | H7: =AVERAGE(C7:G7) -> 14.2652 | I7: =STDEV(C7:G7) -> 0.053485512 | J7: =(I7/H7)*100 -> 0.37493699 | L7: binary-trees | M7: Go CLBG | N7: 0.37493699
A8: fannkuch-redux | B8: C | C8: 1.785 | D8: 1.745 | E8: 1.869 | F8: 1.752 | G8: 1.753 | H8: =AVERAGE(C8:G8) -> 1.7808 | I8: =STDEV(C8:G8) -> 0.051673978 | J8: =(I8/H8)*100 -> 2.9017283 | L8: fannkuch-redux | M8: C | N8: 2.9017283
A9: fannkuch-redux | B9: Go | C9: 6.813 | D9: 6.834 | E9: 6.884 | F9: 6.958 | G9: 6.958 | H9: =AVERAGE(C9:G9) -> 6.8894 | I9: =STDEV(C9:G9) -> 0.067725918 | J9: =(I9/H9)*100 -> 0.98304523 | L9: fannkuch-redux | M9: Go | N9: 0.98304523
A10: fannkuch-redux | B10: Python | C10: 285.672 | D10: 283.805 | E10: 282.058 | F10: 283.891 | G10: 282.432 | H10: =AVERAGE(C10:G10) -> 283.5716 | I10: =STDEV(C10:G10) -> 1.4280971 | J10: =(I10/H10)*100 -> 0.50361076 | L10: fannkuch-redux | M10: Python | N10: 0.50361076
A11: fannkuch-redux | B11: C CLBG | C11: 2.263 | D11: 2.262 | E11: 2.272 | F11: 2.248 | G11: 2.256 | H11: =AVERAGE(C11:G11) -> 2.2602 | I11: =STDEV(C11:G11) -> 0.0088994382 | J11: =(I11/H11)*100 -> 0.39374561 | L11: fannkuch-redux | M11: C CLBG | N11: 0.39374561
A12: fannkuch-redux | B12: Go CLBG | C12: 8.364 | D12: 8.382 | E12: 8.36 | F12: 8.402 | G12: 8.355 | H12: =AVERAGE(C12:G12) -> 8.3726 | I12: =STDEV(C12:G12) -> 0.019333908 | J12: =(I12/H12)*100 -> 0.23091881 | L12: fannkuch-redux | M12: Go CLBG | N12: 0.23091881
A13: fannkuch-redux | B13: Python CLBG | C13: 311.175 | D13: 311.17 | E13: 311.146 | F13: 311.232 | G13: 311.098 | H13: =AVERAGE(C13:G13) -> 311.1642 | I13: =STDEV(C13:G13) -> 0.048633322 | J13: =(I13/H13)*100 -> 0.015629472 | L13: fannkuch-redux | M13: Python CLBG | N13: 0.015629472
... A21: k-nucleotide | B21: Python CLBG | C21: 49.918 | D21: 47.493 | E21: 47.607 | F21: 46.982 | G21: 47.096 | H21: =AVERAGE(C21:G21) -> 47.8192 | I21: =STDEV(C21:G21) -> 1.2021147 | J21: =(I21/H21)*100 -> 2.5138745 | L21: k-nucleotide | M21: Python CLBG | N21: 2.5138745
A22: k-nucleotide | B22: C CLBG | C22: 3.775 | D22: 3.775 | E22: 3.789 | F22: 3.7 | G22: 3.764 | H22: 3.731 | I22: =STDEV(C22:G22) -> 0.035018567 | J22: =(I22/H22)*100 -> 0.93858393 | L22: k-nucleotide | M22: C CLBG | N22: 1.8045712
A23: k-nucleotide | B23: C | C23: 3.462 | D23: 3.504 | E23: 3.527 | F23: 3.571 | G23: 3.531 | H23: =AVERAGE(C23:G23) -> 3.519 | I23: =STDEV(C23:G23) -> 0.039956226 | J23: =(I23/H23)*100 -> 1.1354426 | L23: k-nucleotide | M23: C | N23: 1.1354426
A24: k-nucleotide | B24: Go | C24: 4.22 | D24: 4.337 | E24: 4.232 | F24: 4.24 | G24: 4.244 | H24: =AVERAGE(C24:G24) -> 4.2546 | I24: =STDEV(C24:G24) -> 0.046965945 | J24: =(I24/H24)*100 -> 1.1038863 | L24: k-nucleotide | M24: Go | N24: 1.1038863
A25: k-nucleotide | B25: Go CLBG | C25: 7.589 | D25: 7.681 | E25: 7.665 | F25: 7.7 | G25: 7.577 | H25: =AVERAGE(C25:G25) -> 7.6424 | I25: =STDEV(C25:G25) -> 0.05578351 | J25: =(I25/H25)*100 -> 0.72992136 | L25: k-nucleotide | M25: Go CLBG | N25: 0.72992136
A26: mandelbrot | B26: Python | C26: 200.047 | D26: 203.772 | E26: 201.417 | F26: 203.161 | G26: 202.895 | H26: =AVERAGE(C26:G26) -> 202.2584 | I26: =STDEV(C26:G26) -> 1.5090705 | J26: =(I26/H26)*100 -> 0.74611018 | L26: mandelbrot | M26: Python | N26: 0.74611018
A27: mandelbrot | B27: C | C27: 1.656 | D27: 1.653 | E27: 1.64 | F27: 1.646 | G27: 1.637 | H27: =AVERAGE(C27:G27) -> 1.6464 | I27: =STDEV(C27:G27) -> 0.0081424812 | J27: =(I27/H27)*100 -> 0.49456275 | L27: mandelbrot | M27: C | N27: 0.49456275
A28: mandelbrot | B28: Go | C28: 3.324 | D28: 3.359 | E28: 3.339 | F28: 3.319 | G28: 3.333 | H28: =AVERAGE(C28:G28) -> 3.3348 | I28: =STDEV(C28:G28) -> 0.015594871 | J28: =(I28/H28)*100 -> 0.46764037 | L28: mandelbrot | M28: Go | N28: 0.46764037
A29: mandelbrot | B29: C CLBG | C29: 1.564 | D29: 1.552 | E29: 1.549 | F29: 1.551 | G29: 1.547 | H29: =AVERAGE(C29:G29) -> 1.5526 | I29: =STDEV(C29:G29) -> 0.0066558245 | J29: =(I29/H29)*100 -> 0.42868894 | L29: mandelbrot | M29: C CLBG | N29: 0.42868894
A30: mandelbrot | B30: Go CLBG | C30: 3.788 | D30: 3.78 | E30: 3.78 | F30: 3.779 | G30: 3.798 | H30: =AVERAGE(C30:G30) -> 3.785 | I30: =STDEV(C30:G30) -> 0.0081240384 | J30: =(I30/H30)*100 -> 0.21463774 | L30: mandelbrot | M30: Go CLBG | N30: 0.21463774
A31: mandelbrot | B31: Python CLBG | C31: 182.938 | D31: 182.933 | E31: 182.909 | F31: 182.995 | G31: 182.861 | H31: =AVERAGE(C31:G31) -> 182.9272 | I31: =STDEV(C31:G31) -> 0.048633322 | J31: =(I31/H31)*100 -> 0.026586162 | L31: mandelbrot | M31: Python CLBG | N31: 0.026586162
A32: n-body | B32: Go | C32: 3.873 | D32: 3.878 | E32: 3.907 | F32: 3.85 | G32: 3.927 | H32: =AVERAGE(C32:G32) -> 3.887 | I32: =STDEV(C32:G32) -> 0.030191058 | J32: =(I32/H32)*100 -> 0.77671876 | L32: n-body | M32: Go | N32: 0.77671876
A33: n-body | B33: C | C33: 1.688 | D33: 1.69 | E33: 1.698 | F33: 1.688 | G33: 1.713 | H33: =AVERAGE(C33:G33) -> 1.6954 | I33: =STDEV(C33:G33) -> 0.010667708 | J33: =(I33/H33)*100 -> 0.62921483 | L33: n-body | M33: C | N33: 0.62921483
A34: n-body | B34: Python | C34: 234.158 | D34: 232.787 | E34: 233.076 | F34: 234.296 | G34: 234.707 | H34: =AVERAGE(C34:G34) -> 233.8048 | I34: =STDEV(C34:G34) -> 0.82871268 | J34: =(I34/H34)*100 -> 0.35444639 | L34: n-body | M34: Python | N34: 0.35444639
... A61: spectral-norm | B61: Python CLBG | C61: 90.371 | D61: 90.366 | E61: 90.342 | F61: 90.428 | G61: 90.294 | H61: =AVERAGE(C61:G61) -> 90.3602 | I61: =STDEV(C61:G61) -> 0.048633322 | J61: =(I61/H61)*100 -> 0.053821618 | L61: spectral-norm | M61: Python CLBG | N61: 0.053821618

Sheet fasta
A1: PROMPT | B1: SEARCH TYPE | C1: AI TOOL | D1: P. L. | E1: RUNTIME | L1: OUTPUT COMMENT | M1: OPTMIZATION FLAG
E2: M1 | F2: M2 | G2: M3 | H2: M4 | I2: M5 | J2: AVG | K2: STD | M2: M1 (Testing)
A3: P1 | B3: Normal | C3: ChatGPT | D3: Python | E3: 108.361 | F3: 101.761 | G3: 114.28 | H3: 109.25 | I3: 118.561 | J3: =AVERAGE(E3:I3) -> 110.4426 | K3: =STDEV(E3:I3) -> 6.3592372 | N3: {=_xlfn.LET(_xlpm.lang,D3,_xlpm.tempo,J3,_xlpm.ref,_xlfn.XLOOKUP(_xlpm.lang,$D$36:$D$42,$J$36:$J$42,""),IF(OR(_xlpm.tempo="Failed",_xlpm.ref=""),"Not Applicable",IF(_xlpm.tempo>_xlpm.ref,"Bigger",IF(_xlpm.tempo<_xlpm.ref,"Smaller","Equal"))))} -> Bigger | R3: MIN | S3: MAX | T3: PROMPT (MIN) | U3: SEARCH TYPE (MIN) | V3: PROMPT (MAX) | W3: SEARCH TYPE (MAX)
A4: P1 | B4: Normal | C4: Claude | D4: Python | E4: 177.026 | F4: 172.272 | G4: 156.527 | H4: 153.666 | I4: 157.89 | J4: =AVERAGE(E4:I4) -> 163.4762 | K4: =STDEV(E4:I4) -> 10.448687 | N4: {=_xlfn.LET(_xlpm.lang,D4,_xlpm.tempo,J4,_xlpm.ref,_xlfn.XLOOKUP(_xlpm.lang,$D$36:$D$42,$J$36:$J$42,""),IF(OR(_xlpm.tempo="Failed",_xlpm.ref=""),"Not Applicable",IF(_xlpm.tempo>_xlpm.ref,"Bigger",IF(_xlpm.tempo<_xlpm.ref,"Smaller","Equal"))))} -> Bigger | Q4: C | R4: =_xlfn.MINIFS($J$3:$J$35,$D$3:$D$35,"C") -> 12.2486 | S4: =_xlfn.MAXIFS($J$3:$J$35,$D$3:$D$35,"C") -> 21.3114 | T4: {=INDEX($A$3:$A$35,MATCH(1,($D$3:$D$35="C")*($J$3:$J$35=_xlfn.MINIFS($J$3:$J$35,$D$3:$D$35,"C")),0))} -> P2 | U4: {=INDEX($B$3:$B$35,MATCH(1,($D$3:$D$35="C")*($J$3:$J$35=_xlfn.MINIFS($J$3:$J$35,$D$3:$D$35,"C")),0))} -> Normal | V4: {=INDEX($A$3:$A$35,MATCH(1,($D$3:$D$35="C")*($J$3:$J$35=_xlfn.MAXIFS($J$3:$J$35,$D$3:$D$35,"C")),0))} -> P4 | W4: {=INDEX($B$3:$B$35,MATCH(1,($D$3:$D$35="C")*($J$3:$J$35=_xlfn.MAXIFS($J$3:$J$35,$D$3:$D$35,"C")),0))} -> TBR
A5: P1 | B5: Normal | C5: DeepSeek | D5: Python | E5: 20.268 | F5: 19.774 | G5: 20.048 | H5: 19.933 | I5: 19.744 | J5: =AVERAGE(E5:I5) -> 19.9534 | K5: =STDEV(E5:I5) -> 0.21469234 | N5: {=_xlfn.LET(_xlpm.lang,D5,_xlpm.tempo,J5,_xlpm.ref,_xlfn.XLOOKUP(_xlpm.lang,$D$36:$D$42,$J$36:$J$42,""),IF(OR(_xlpm.tempo="Failed",_xlpm.ref=""),"Not Applicable",IF(_xlpm.tempo>_xlpm.ref,"Bigger",IF(_xlpm.tempo<_xlpm.ref,"Smaller","Equal"))))} -> Smaller | Q5: Go | R5: =_xlfn.MINIFS($J$3:$J$35,$D$3:$D$35,"Go") -> 10.327 | S5: =_xlfn.MAXIFS($J$3:$J$35,$D$3:$D$35,"Go") -> 14.7356 | T5: {=INDEX($A$3:$A$35,MATCH(1,($D$3:$D$35="Go")*($J$3:$J$35=_xlfn.MINIFS($J$3:$J$35,$D$3:$D$35,"Go")),0))} -> P3 | U5: {=INDEX($B$3:$B$35,MATCH(1,($D$3:$D$35="Go")*($J$3:$J$35=_xlfn.MINIFS($J$3:$J$35,$D$3:$D$35,"Go")),0))} -> Normal | V5: {=INDEX($A$3:$A$35,MATCH(1,($D$3:$D$35="Go")*($J$3:$J$35=_xlfn.MAXIFS($J$3:$J$35,$D$3:$D$35,"Go")),0))} -> P4 | W5: {=INDEX($B$3:$B$35,MATCH(1,($D$3:$D$35="Go")*($J$3:$J$35=_xlfn.MAXIFS($J$3:$J$35,$D$3:$D$35,"Go")),0))} -> TBR
A6: P1 | B6: Normal | C6: Gemini | D6: Python | E6: 74.503 | F6: 74.65 | G6: 78.071 | H6: 75.634 | I6: 76.476 | J6: =AVERAGE(E6:I6) -> 75.8668 | K6: =STDEV(E6:I6) -> 1.468364 | N6: {=_xlfn.LET(_xlpm.lang,D6,_xlpm.tempo,J6,_xlpm.ref,_xlfn.XLOOKUP(_xlpm.lang,$D$36:$D$42,$J$36:$J$42,""),IF(OR(_xlpm.tempo="Failed",_xlpm.ref=""),"Not Applicable",IF(_xlpm.tempo>_xlpm.ref,"Bigger",IF(_xlpm.tempo<_xlpm.ref,"Smaller","Equal"))))} -> Bigger | Q6: Python | R6: =_xlfn.MINIFS($J$3:$J$35,$D$3:$D$35,"Python") -> 11.6524 | S6: =_xlfn.MAXIFS($J$3:$J$35,$D$3:$D$35,"Python") -> 163.4762 | T6: {=INDEX($A$3:$A$35,MATCH(1,($D$3:$D$35="Python")*($J$3:$J$35=_xlfn.MINIFS($J$3:$J$35,$D$3:$D$35,"Python")),0))} -> P2 | U6: {=INDEX($B$3:$B$35,MATCH(1,($D$3:$D$35="Python")*($J$3:$J$35=_xlfn.MINIFS($J$3:$J$35,$D$3:$D$35,"Python")),0))} -> Normal | V6: {=INDEX($A$3:$A$35,MATCH(1,($D$3:$D$35="Python")*($J$3:$J$35=_xlfn.MAXIFS($J$3:$J$35,$D$3:$D$35,"Python")),0))} -> P1 | W6: {=INDEX($B$3:$B$35,MATCH(1,($D$3:$D$35="Python")*($J$3:$J$35=_xlfn.MAXIFS($J$3:$J$35,$D$3:$D$35,"Python")),0))} -> Normal
A7: P1 | B7: TBR | C7: ChatGPT | D7: Python | E7: 94.204 | F7: 95.886 | G7: 92.459 | H7: 91.448 | I7: 95.831 | J7: =AVERAGE(E7:I7) -> 93.9656 | K7: =STDEV(E7:I7) -> 1.9895126 | N7: {=_xlfn.LET(_xlpm.lang,D7,_xlpm.tempo,J7,_xlpm.ref,_xlfn.XLOOKUP(_xlpm.lang,$D$36:$D$42,$J$36:$J$42,""),IF(OR(_xlpm.tempo="Failed",_xlpm.ref=""),"Not Applicable",IF(_xlpm.tempo>_xlpm.ref,"Bigger",IF(_xlpm.tempo<_xlpm.ref,"Smaller","Equal"))))} -> Bigger
A8: P1 | B8: TBR | C8: Claude | D8: Python | E8: 163.079 | F8: 157.723 | G8: 152.318 | H8: 176.955 | I8: 157.833 | J8: =AVERAGE(E8:I8) -> 161.5816 | K8: =STDEV(E8:I8) -> 9.398653 | N8: {=_xlfn.LET(_xlpm.lang,D8,_xlpm.tempo,J8,_xlpm.ref,_xlfn.XLOOKUP(_xlpm.lang,$D$36:$D$42,$J$36:$J$42,""),IF(OR(_xlpm.tempo="Failed",_xlpm.ref=""),"Not Applicable",IF(_xlpm.tempo>_xlpm.ref,"Bigger",IF(_xlpm.tempo<_xlpm.ref,"Smaller","Equal"))))} -> Bigger | Q8: =COUNTIF(N3:N35, "Smaller") -> 2 | R8: =COUNTIFS($N$3:$N35, "Smaller", $D$3:$D35, "Python") -> 2
A9: P1 | B9: TBR | C9: DeepSeek | D9: Python | E9: 47.044 | F9: 48.275 | G9: 48.16 | H9: 47.292 | I9: 48.336 | J9: =AVERAGE(E9:I9) -> 47.8214 | K9: =STDEV(E9:I9) -> 0.60618298 | N9: {=_xlfn.LET(_xlpm.lang,D9,_xlpm.tempo,J9,_xlpm.ref,_xlfn.XLOOKUP(_xlpm.lang,$D$36:$D$42,$J$36:$J$42,""),IF(OR(_xlpm.tempo="Failed",_xlpm.ref=""),"Not Applicable",IF(_xlpm.tempo>_xlpm.ref,"Bigger",IF(_xlpm.tempo<_xlpm.ref,"Smaller","Equal"))))} -> Bigger
A10: P1 | B10: TBR | C10: Gemini | D10: Python | E10: 94.204 | F10: 95.886 | G10: 92.459 | H10: 91.448 | I10: 95.831 | J10: =AVERAGE(E10:I10) -> 93.9656 | K10: =STDEV(E10:I10) -> 1.9895126 | N10: {=_xlfn.LET(_xlpm.lang,D10,_xlpm.tempo,J10,_xlpm.ref,_xlfn.XLOOKUP(_xlpm.lang,$D$36:$D$42,$J$36:$J$42,""),IF(OR(_xlpm.tempo="Failed",_xlpm.ref=""),"Not Applicable",IF(_xlpm.tempo>_xlpm.ref,"Bigger",IF(_xlpm.tempo<_xlpm.ref,"Smaller","Equal"))))} -> Bigger
A11: P2 | B11: Normal | C11: ChatGPT | D11: Go | E11: 10.651 | F11: 11.02 | G11: 10.418 | H11: 10.91 | I11: 10.851 | J11: =AVERAGE(E11:I11) -> 10.77 | K11: =STDEV(E11:I11) -> 0.23807877 | N11: {=_xlfn.LET(_xlpm.lang,D11,_xlpm.tempo,J11,_xlpm.ref,_xlfn.XLOOKUP(_xlpm.lang,$D$36:$D$42,$J$36:$J$42,""),IF(OR(_xlpm.tempo="Failed",_xlpm.ref=""),"Not Applicable",IF(_xlpm.tempo>_xlpm.ref,"Bigger",IF(_xlpm.tempo<_xlpm.ref,"Smaller","Equal"))))} -> Bigger
A12: P2 | B12: Normal | C12: Claude | D12: C | E12: 12.322 | F12: 12.057 | G12: 12.869 | H12: 11.87 | I12: 12.125 | J12: =AVERAGE(E12:I12) -> 12.2486 | K12: =STDEV(E12:I12) -> 0.38262553 | M12: 9.272 | N12: {=_xlfn.LET(_xlpm.lang,D12,_xlpm.tempo,J12,_xlpm.ref,_xlfn.XLOOKUP(_xlpm.lang,$D$36:$D$42,$J$36:$J$42,""),IF(OR(_xlpm.tempo="Failed",_xlpm.ref=""),"Not Applicable",IF(_xlpm.tempo>_xlpm.ref,"Bigger",IF(_xlpm.tempo<_xlpm.ref,"Smaller","Equal"))))} -> Bigger
A13: P2 | B13: Normal | C13: DeepSeek | D13: Python | E13: 11.654 | F13: 11.756 | G13: 11.581 | H13: 11.491 | I13: 11.78 | J13: =AVERAGE(E13:I13) -> 11.6524 | K13: =STDEV(E13:I13) -> 0.12058731 | M13: 11.543 | N13: {=_xlfn.LET(_xlpm.lang,D13,_xlpm.tempo,J13,_xlpm.ref,_xlfn.XLOOKUP(_xlpm.lang,$D$36:$D$42,$J$36:$J$42,""),IF(OR(_xlpm.tempo="Failed",_xlpm.ref=""),"Not Applicable",IF(_xlpm.tempo>_xlpm.ref,"Bigger",IF(_xlpm.tempo<_xlpm.ref,"Smaller","Equal"))))} -> Smaller
A14: P2 | B14: Normal | C14: Gemini | D14: Go | E14: Failed | F14: Failed | G14: Failed | H14: Failed | I14: Failed | J14: Failed | K14: Failed | L14: It did not compile. | N14: {=_xlfn.LET(_xlpm.lang,D14,_xlpm.tempo,J14,_xlpm.ref,_xlfn.XLOOKUP(_xlpm.lang,$D$36:$D$42,$J$36:$J$42,""),IF(OR(_xlpm.tempo="Failed",_xlpm.ref=""),"Not Applicable",IF(_xlpm.tempo>_xlpm.ref,"Bigger",IF(_xlpm.tempo<_xlpm.ref,"Smaller","Equal"))))} -> Not Applicable
A15: P2 | B15: TBR | C15: ChatGPT | D15: Rust | E15: 17.371 | F15: 17.839 | G15: 18.363 | H15: 18.26 | I15: 18.11 | J15: =AVERAGE(E15:I15) -> 17.9886 | K15: =STDEV(E15:I15) -> 0.397612 | N15: {=_xlfn.LET(_xlpm.lang,D15,_xlpm.tempo,J15,_xlpm.ref,_xlfn.XLOOKUP(_xlpm.lang,$D$36:$D$42,$J$36:$J$42,""),IF(OR(_xlpm.tempo="Failed",_xlpm.ref=""),"Not Applicable",IF(_xlpm.tempo>_xlpm.ref,"Bigger",IF(_xlpm.tempo<_xlpm.ref,"Smaller","Equal"))))} -> Not Applicable
A16: P2 | B16: TBR | C16: Claude | D16: Python | E16: 126.344 | F16: 127.349 | G16: 124.707 | H16: 125.111 | I16: 128.055 | J16: =AVERAGE(E16:I16) -> 126.3132 | K16: =STDEV(E16:I16) -> 1.4259086 | N16: {=_xlfn.LET(_xlpm.lang,D16,_xlpm.tempo,J16,_xlpm.ref,_xlfn.XLOOKUP(_xlpm.lang,$D$36:$D$42,$J$36:$J$42,""),IF(OR(_xlpm.tempo="Failed",_xlpm.ref=""),"Not Applicable",IF(_xlpm.tempo>_xlpm.ref,"Bigger",IF(_xlpm.tempo<_xlpm.ref,"Smaller","Equal"))))} -> Bigger
A17: P2 | B17: TBR | C17: DeepSeek | D17: Python | E17: Failed | F17: Failed | G17: Failed | H17: Failed | I17: Failed | J17: Failed | K17: Failed | L17: Compiled ok. Wrong output. | N17: {=_xlfn.LET(_xlpm.lang,D17,_xlpm.tempo,J17,_xlpm.ref,_xlfn.XLOOKUP(_xlpm.lang,$D$36:$D$42,$J$36:$J$42,""),IF(OR(_xlpm.tempo="Failed",_xlpm.ref=""),"Not Applicable",IF(_xlpm.tempo>_xlpm.ref,"Bigger",IF(_xlpm.tempo<_xlpm.ref,"Smaller","Equal"))))} -> Not Applicable
A18: P2 | B18: TBR | C18: Gemini | D18: Python | E18: 58.3 | F18: 59.24 | G18: 57.236 | H18: 60.437 | I18: 59.875 | J18: =AVERAGE(E18:I18) -> 59.0176 | K18: =STDEV(E18:I18) -> 1.2736111 | N18: {=_xlfn.LET(_xlpm.lang,D18,_xlpm.tempo,J18,_xlpm.ref,_xlfn.XLOOKUP(_xlpm.lang,$D$36:$D$42,$J$36:$J$42,""),IF(OR(_xlpm.tempo="Failed",_xlpm.ref=""),"Not Applicable",IF(_xlpm.tempo>_xlpm.ref,"Bigger",IF(_xlpm.tempo<_xlpm.ref,"Smaller","Equal"))))} -> Bigger
A19: P3 | B19: Normal | C19: ChatGPT | D19: Go | E19: 10.296 | F19: 9.859 | G19: 10.735 | H19: 10.614 | I19: 10.131 | J19: =AVERAGE(E19:I19) -> 10.327 | K19: =STDEV(E19:I19) -> 0.35610181 | N19: {=_xlfn.LET(_xlpm.lang,D19,_xlpm.tempo,J19,_xlpm.ref,_xlfn.XLOOKUP(_xlpm.lang,$D$36:$D$42,$J$36:$J$42,""),IF(OR(_xlpm.tempo="Failed",_xlpm.ref=""),"Not Applicable",IF(_xlpm.tempo>_xlpm.ref,"Bigger",IF(_xlpm.tempo<_xlpm.ref,"Smaller","Equal"))))} -> Bigger
A20: P3 | B20: Normal | C20: Claude | D20: Python | E20: 116.931 | F20: 124.04 | G20: 120.32 | H20: 112.362 | I20: 133.96 | J20: =AVERAGE(E20:I20) -> 121.5226 | K20: =STDEV(E20:I20) -> 8.1772833 | M20: 71.865 | N20: {=_xlfn.LET(_xlpm.lang,D20,_xlpm.tempo,J20,_xlpm.ref,_xlfn.XLOOKUP(_xlpm.lang,$D$36:$D$42,$J$36:$J$42,""),IF(OR(_xlpm.tempo="Failed",_xlpm.ref=""),"Not Applicable",IF(_xlpm.tempo>_xlpm.ref,"Bigger",IF(_xlpm.tempo<_xlpm.ref,"Smaller","Equal"))))} -> Bigger
A21: P3 | B21: Normal | C21: DeepSeek | D21: Python | E21: Failed | F21: Failed | G21: Failed | H21: Failed | I21: Failed | J21: Failed | K21: Failed | L21: Compiled ok. Wrong output. | N21: {=_xlfn.LET(_xlpm.lang,D21,_xlpm.tempo,J21,_xlpm.ref,_xlfn.XLOOKUP(_xlpm.lang,$D$36:$D$42,$J$36:$J$42,""),IF(OR(_xlpm.tempo="Failed",_xlpm.ref=""),"Not Applicable",IF(_xlpm.tempo>_xlpm.ref,"Bigger",IF(_xlpm.tempo<_xlpm.ref,"Smaller","Equal"))))} -> Not Applicable
A22: P3 | B22: Normal | C22: DeepSeek | D22: C | E22: Failed | F22: Failed | G22: Failed | H22: Failed | I22: Failed | J22: Failed | K22: Failed | L22: Compiled ok. Wrong output. | N22: {=_xlfn.LET(_xlpm.lang,D22,_xlpm.tempo,J22,_xlpm.ref,_xlfn.XLOOKUP(_xlpm.lang,$D$36:$D$42,$J$36:$J$42,""),IF(OR(_xlpm.tempo="Failed",_xlpm.ref=""),"Not Applicable",IF(_xlpm.tempo>_xlpm.ref,"Bigger",IF(_xlpm.tempo<_xlpm.ref,"Smaller","Equal"))))} -> Not Applicable
A23: P3 | B23: Normal | C23: Gemini | D23: Python | E23: Failed | F23: Failed | G23: Failed | H23: Failed | I23: Failed | J23: Failed | K23: Failed | L23: It did not compile. | N23: {=_xlfn.LET(_xlpm.lang,D23,_xlpm.tempo,J23,_xlpm.ref,_xlfn.XLOOKUP(_xlpm.lang,$D$36:$D$42,$J$36:$J$42,""),IF(OR(_xlpm.tempo="Failed",_xlpm.ref=""),"Not Applicable",IF(_xlpm.tempo>_xlpm.ref,"Bigger",IF(_xlpm.tempo<_xlpm.ref,"Smaller","Equal"))))} -> Not Applicable
A24: P3 | B24: TBR | C24: ChatGPT | D24: Rust | E24: Failed | F24: Failed | G24: Failed | H24: Failed | I24: Failed | J24: Failed | K24: Failed | L24: Compiled ok. Wrong output. | N24: {=_xlfn.LET(_xlpm.lang,D24,_xlpm.tempo,J24,_xlpm.ref,_xlfn.XLOOKUP(_xlpm.lang,$D$36:$D$42,$J$36:$J$42,""),IF(OR(_xlpm.tempo="Failed",_xlpm.ref=""),"Not Applicable",IF(_xlpm.tempo>_xlpm.ref,"Bigger",IF(_xlpm.tempo<_xlpm.ref,"Smaller","Equal"))))} -> Not Applicable
A25: P3 | B25: TBR | C25: Claude | D25: Python | E25: 112.891 | F25: 123.486 | G25: 118.635 | H25: 115.249 | I25: 123.974 | J25: =AVERAGE(E25:I25) -> 118.847 | K25: =STDEV(E25:I25) -> 4.9058876 | M25: 77.655 | N25: {=_xlfn.LET(_xlpm.lang,D25,_xlpm.tempo,J25,_xlpm.ref,_xlfn.XLOOKUP(_xlpm.lang,$D$36:$D$42,$J$36:$J$42,""),IF(OR(_xlpm.tempo="Failed",_xlpm.ref=""),"Not Applicable",IF(_xlpm.tempo>_xlpm.ref,"Bigger",IF(_xlpm.tempo<_xlpm.ref,"Smaller","Equal"))))} -> Bigger
A26: P3 | B26: TBR | C26: DeepSeek | D26: Python | E26: 125.556 | F26: 110.999 | G26: 120.546 | H26: 112.615 | I26: 115.749 | J26: =AVERAGE(E26:I26) -> 117.093 | K26: =STDEV(E26:I26) -> 5.9695317 | M26: 64.824 | N26: {=_xlfn.LET(_xlpm.lang,D26,_xlpm.tempo,J26,_xlpm.ref,_xlfn.XLOOKUP(_xlpm.lang,$D$36:$D$42,$J$36:$J$42,""),IF(OR(_xlpm.tempo="Failed",_xlpm.ref=""),"Not Applicable",IF(_xlpm.tempo>_xlpm.ref,"Bigger",IF(_xlpm.tempo<_xlpm.ref,"Smaller","Equal"))))} -> Bigger
A27: P3 | B27: TBR | C27: Gemini | D27: Python | E27: 97.425 | F27: 101.591 | G27: 98.396 | H27: 91.207 | I27: 88.95 | J27: =AVERAGE(E27:I27) -> 95.5138 | K27: =STDEV(E27:I27) -> 5.2565226 | M27: 103.824 | N27: {=_xlfn.LET(_xlpm.lang,D27,_xlpm.tempo,J27,_xlpm.ref,_xlfn.XLOOKUP(_xlpm.lang,$D$36:$D$42,$J$36:$J$42,""),IF(OR(_xlpm.tempo="Failed",_xlpm.ref=""),"Not Applicable",IF(_xlpm.tempo>_xlpm.ref,"Bigger",IF(_xlpm.tempo<_xlpm.ref,"Smaller","Equal"))))} -> Bigger
A28: P4 | B28: Normal | C28: ChatGPT | D28: Go | E28: 10.576 | F28: 10.608 | G28: 10.74 | H28: 9.727 | I28: 10.104 | J28: =AVERAGE(E28:I28) -> 10.351 | K28: =STDEV(E28:I28) -> 0.4237865 | N28: {=_xlfn.LET(_xlpm.lang,D28,_xlpm.tempo,J28,_xlpm.ref,_xlfn.XLOOKUP(_xlpm.lang,$D$36:$D$42,$J$36:$J$42,""),IF(OR(_xlpm.tempo="Failed",_xlpm.ref=""),"Not Applicable",IF(_xlpm.tempo>_xlpm.ref,"Bigger",IF(_xlpm.tempo<_xlpm.ref,"Smaller","Equal"))))} -> Bigger
A29: P4 | B29: Normal | C29: Claude | D29: Python | E29: 136.646 | F29: 147.486 | G29: 118.635 | H29: 115.249 | I29: 153.974 | J29: =AVERAGE(E29:I29) -> 134.398 | K29: =STDEV(E29:I29) -> 17.137134 | M29: 75.759 | N29: {=_xlfn.LET(_xlpm.lang,D29,_xlpm.tempo,J29,_xlpm.ref,_xlfn.XLOOKUP(_xlpm.lang,$D$36:$D$42,$J$36:$J$42,""),IF(OR(_xlpm.tempo="Failed",_xlpm.ref=""),"Not Applicable",IF(_xlpm.tempo>_xlpm.ref,"Bigger",IF(_xlpm.tempo<_xlpm.ref,"Smaller","Equal"))))} -> Bigger
A30: P4 | B30: Normal | C30: DeepSeek | D30: Python | E30: 121.161 | F30: 120.826 | G30: 126.104 | H30: 142.158 | I30: 124.367 | J30: =AVERAGE(E30:I30) -> 126.9232 | K30: =STDEV(E30:I30) -> 8.7989087 | M30: 87.048 | N30: {=_xlfn.LET(_xlpm.lang,D30,_xlpm.tempo,J30,_xlpm.ref,_xlfn.XLOOKUP(_xlpm.lang,$D$36:$D$42,$J$36:$J$42,""),IF(OR(_xlpm.tempo="Failed",_xlpm.ref=""),"Not Applicable",IF(_xlpm.tempo>_xlpm.ref,"Bigger",IF(_xlpm.tempo<_xlpm.ref,"Smaller","Equal"))))} -> Bigger
A31: P4 | B31: Normal | C31: Gemini | D31: Go | E31: 13.718 | F31: 14.108 | G31: 14.602 | H31: 13.554 | I31: 13.897 | J31: =AVERAGE(E31:I31) -> 13.9758 | K31: =STDEV(E31:I31) -> 0.40626002 | N31: {=_xlfn.LET(_xlpm.lang,D31,_xlpm.tempo,J31,_xlpm.ref,_xlfn.XLOOKUP(_xlpm.lang,$D$36:$D$42,$J$36:$J$42,""),IF(OR(_xlpm.tempo="Failed",_xlpm.ref=""),"Not Applicable",IF(_xlpm.tempo>_xlpm.ref,"Bigger",IF(_xlpm.tempo<_xlpm.ref,"Smaller","Equal"))))} -> Bigger
A32: P4 | B32: TBR | C32: ChatGPT | D32: Go | E32: 14.578 | F32: 14.883 | G32: 14.865 | H32: 14.873 | I32: 14.479 | J32: =AVERAGE(E32:I32) -> 14.7356 | K32: =STDEV(E32:I32) -> 0.19237411 | N32: {=_xlfn.LET(_xlpm.lang,D32,_xlpm.tempo,J32,_xlpm.ref,_xlfn.XLOOKUP(_xlpm.lang,$D$36:$D$42,$J$36:$J$42,""),IF(OR(_xlpm.tempo="Failed",_xlpm.ref=""),"Not Applicable",IF(_xlpm.tempo>_xlpm.ref,"Bigger",IF(_xlpm.tempo<_xlpm.ref,"Smaller","Equal"))))} -> Bigger
A33: P4 | B33: TBR | C33: Claude | D33: C | E33: 21.728 | F33: 21.895 | G33: 21.71 | H33: 20.384 | I33: 20.84 | J33: =AVERAGE(E33:I33) -> 21.3114 | K33: =STDEV(E33:I33) -> 0.66244154 | M33: 16.709 | N33: {=_xlfn.LET(_xlpm.lang,D33,_xlpm.tempo,J33,_xlpm.ref,_xlfn.XLOOKUP(_xlpm.lang,$D$36:$D$42,$J$36:$J$42,""),IF(OR(_xlpm.tempo="Failed",_xlpm.ref=""),"Not Applicable",IF(_xlpm.tempo>_xlpm.ref,"Bigger",IF(_xlpm.tempo<_xlpm.ref,"Smaller","Equal"))))} -> Bigger
A34: P4 | B34: TBR | C34: DeepSeek | D34: Python | E34: Failed | F34: Failed | G34: Failed | H34: Failed | I34: Failed | J34: Failed | K34: Failed | L34: Compiled ok. Wrong output. | N34: {=_xlfn.LET(_xlpm.lang,D34,_xlpm.tempo,J34,_xlpm.ref,_xlfn.XLOOKUP(_xlpm.lang,$D$36:$D$42,$J$36:$J$42,""),IF(OR(_xlpm.tempo="Failed",_xlpm.ref=""),"Not Applicable",IF(_xlpm.tempo>_xlpm.ref,"Bigger",IF(_xlpm.tempo<_xlpm.ref,"Smaller","Equal"))))} -> Not Applicable
A35: P4 | B35: TBR | C35: Gemini | D35: C++ | E35: 27.063 | F35: 26.183 | G35: 26.198 | H35: 26.664 | I35: 26.414 | J35: =AVERAGE(E35:I35) -> 26.5044 | K35: =STDEV(E35:I35) -> 0.36839422 | N35: {=_xlfn.LET(_xlpm.lang,D35,_xlpm.tempo,J35,_xlpm.ref,_xlfn.XLOOKUP(_xlpm.lang,$D$36:$D$42,$J$36:$J$42,""),IF(OR(_xlpm.tempo="Failed",_xlpm.ref=""),"Not Applicable",IF(_xlpm.tempo>_xlpm.ref,"Bigger",IF(_xlpm.tempo<_xlpm.ref,"Smaller","Equal"))))} -> Bigger
D36: Python | E36: 25.197 | F36: 26.369 | G36: 26.061 | H36: 26.575 | I36: 27.702 | J36: =AVERAGE(E36:I36) -> 26.3808 | K36: =STDEV(E36:I36) -> 0.90651486
D37: Python -OO | E37: 27.246 | F37: 28.095 | G37: 27.663 | H37: 28.488 | I37: 25.564 | J37: =AVERAGE(E37:I37) -> 27.4112 | K37: =STDEV(E37:I37) -> 1.1324666
D38: C | E38: 8.034 | F38: 8.06 | G38: 7.917 | H38: 7.969 | I38: 7.821 | J38: =AVERAGE(E38:I38) -> 7.9602 | K38: =STDEV(E38:I38) -> 0.095821188
D39: C-O3 | E39: 7.747 | F39: 7.832 | G39: 7.865 | H39: 7.823 | I39: 7.625 | J39: =AVERAGE(E39:I39) -> 7.7784 | K39: =STDEV(E39:I39) -> 0.09601979
D40: C++ | E40: 9.634 | F40: 9.871 | G40: 9.656 | H40: 9.621 | I40: 9.638 | J40: =AVERAGE(E40:I40) -> 9.684 | K40: =STDEV(E40:I40) -> 0.10528295
D41: C++ -O3 | E41: 7.522 | F41: 7.479 | G41: 7.585 | H41: 7.476 | I41: 7.775 | J41: =AVERAGE(E41:I41) -> 7.5674 | K41: =STDEV(E41:I41) -> 0.1241342
D42: Go | E42: 9.009 | F42: 8.914 | G42: 8.992 | H42: 8.941 | I42: 9.11 | J42: =AVERAGE(E42:I42) -> 8.9932 | K42: =STDEV(E42:I42) -> 0.075648529
N43: =COUNTIF($N$3:N42,"Smaller") -> 2

Sheet binary-trees
A1: PROMPT | B1: SEARCH TYPE | C1: AI TOOL | D1: P. L. | E1: RUNTIME | L1: OUTPUT COMMENT | M1: OPTMIZATION FLAG
E2: M1 | F2: M2 | G2: M3 | H2: M4 | I2: M5 | J2: AVG | K2: STD | M2: AVG
A3: P1 | B3: Normal | C3: ChatGPT | D3: C | E3: 20.344 | F3: 20.712 | G3: 20.47 | H3: 20.243 | I3: 20.35 | J3: =AVERAGE(E3:I3) -> 20.4238 | K3: =STDEV(E3:I3) -> 0.18006721 | M3: 15.708 | N3: {=_xlfn.LET(_xlpm.lang,D3,_xlpm.tempo,J3,_xlpm.ref,_xlfn.XLOOKUP(_xlpm.lang,$D$64:$D$70,$J$64:$J$70,""),IF(OR(_xlpm.tempo="Failed",_xlpm.ref=""),"Not Applicable",IF(_xlpm.tempo>_xlpm.ref,"Bigger",IF(_xlpm.tempo<_xlpm.ref,"Smaller","Equal"))))} -> Bigger | Q3: MIN | R3: MAX | S3: PROMPT (MIN) | T3: SEARCH TYPE (MIN) | U3: PROMPT (MAX) | V3: SEARCH TYPE (MAX)
A4: P1 | B4: Normal | C4: Claude | D4: C++ | E4: 0.384 | F4: 0.393 | G4: 0.383 | H4: 0.394 | I4: 0.388 | J4: =AVERAGE(E4:I4) -> 0.3884 | K4: =STDEV(E4:I4) -> 0.0050299105 | N4: {=_xlfn.LET(_xlpm.lang,D4,_xlpm.tempo,J4,_xlpm.ref,_xlfn.XLOOKUP(_xlpm.lang,$D$64:$D$70,$J$64:$J$70,""),IF(OR(_xlpm.tempo="Failed",_xlpm.ref=""),"Not Applicable",IF(_xlpm.tempo>_xlpm.ref,"Bigger",IF(_xlpm.tempo<_xlpm.ref,"Smaller","Equal"))))} -> Smaller | P4: C | Q4: =_xlfn.MINIFS($J$3:$J$63,$D$3:$D$63,"C") -> 0.2532 | R4: =_xlfn.MAXIFS($J$3:$J$63,$D$3:$D$63,"C") -> 20.4238 | S4: {=INDEX($A$3:$A$63,MATCH(1,($D$3:$D$63="C")*($J$3:$J$63=_xlfn.MINIFS($J$3:$J$63,$D$3:$D$63,"C")),0))} -> P1 | T4: {=INDEX($B$3:$B$63,MATCH(1,($D$3:$D$63="C")*($J$3:$J$63=_xlfn.MINIFS($J$3:$J$63,$D$3:$D$63,"C")),0))} -> TBR | U4: {=INDEX($A$3:$A$63,MATCH(1,($D$3:$D$63="C")*($J$3:$J$63=_xlfn.MAXIFS($J$3:$J$63,$D$3:$D$63,"C")),0))} -> P1 | V4: {=INDEX($B$3:$B$63,MATCH(1,($D$3:$D$63="C")*($J$3:$J$63=_xlfn.MAXIFS($J$3:$J$63,$D$3:$D$63,"C")),0))} -> Normal
A5: P1 | B5: Normal | C5: Claude | D5: Java | E5: 0.196 | F5: 0.343 | G5: 0.357 | H5: 0.368 | I5: 0.374 | J5: =AVERAGE(E5:I5) -> 0.3276 | K5: =STDEV(E5:I5) -> 0.074507047 | N5: {=_xlfn.LET(_xlpm.lang,D5,_xlpm.tempo,J5,_xlpm.ref,_xlfn.XLOOKUP(_xlpm.lang,$D$64:$D$70,$J$64:$J$70,""),IF(OR(_xlpm.tempo="Failed",_xlpm.ref=""),"Not Applicable",IF(_xlpm.tempo>_xlpm.ref,"Bigger",IF(_xlpm.tempo<_xlpm.ref,"Smaller","Equal"))))} -> Not Applicable | P5: Go | Q5: =_xlfn.MINIFS($J$3:$J$63,$D$3:$D$63,"Go") -> 0.0524 | R5: =_xlfn.MAXIFS($J$3:$J$63,$D$3:$D$63,"Go") -> 25.933 | S5: {=INDEX($A$3:$A$63,MATCH(1,($D$3:$D$63="Go")*($J$3:$J$63=_xlfn.MINIFS($J$3:$J$63,$D$3:$D$63,"Go")),0))} -> P2 | T5: {=INDEX($B$3:$B$63,MATCH(1,($D$3:$D$63="Go")*($J$3:$J$63=_xlfn.MINIFS($J$3:$J$63,$D$3:$D$63,"Go")),0))} -> TBR | U5: {=INDEX($A$3:$A$63,MATCH(1,($D$3:$D$63="Go")*($J$3:$J$63=_xlfn.MAXIFS($J$3:$J$63,$D$3:$D$63,"Go")),0))} -> P3 | V5: {=INDEX($B$3:$B$63,MATCH(1,($D$3:$D$63="Go")*($J$3:$J$63=_xlfn.MAXIFS($J$3:$J$63,$D$3:$D$63,"Go")),0))} -> Normal
A6: P1 | B6: Normal | C6: Claude | D6: Python | E6: 5.038 | F6: 5.094 | G6: 5.15 | H6: 5.073 | I6: 5.081 | J6: =AVERAGE(E6:I6) -> 5.0872 | K6: =STDEV(E6:I6) -> 0.040776219 | N6: {=_xlfn.LET(_xlpm.lang,D6,_xlpm.tempo,J6,_xlpm.ref,_xlfn.XLOOKUP(_xlpm.lang,$D$64:$D$70,$J$64:$J$70,""),IF(OR(_xlpm.tempo="Failed",_xlpm.ref=""),"Not Applicable",IF(_xlpm.tempo>_xlpm.ref,"Bigger",IF(_xlpm.tempo<_xlpm.ref,"Smaller","Equal"))))} -> Smaller | P6: Python | Q6: =_xlfn.MINIFS($J$3:$J$63,$D$3:$D$63,"Python") -> 0.792 | R6: =_xlfn.MAXIFS($J$3:$J$63,$D$3:$D$63,"Python") -> 450.531 | S6: {=INDEX($A$3:$A$63,MATCH(1,($D$3:$D$63="Python")*($J$3:$J$63=_xlfn.MINIFS($J$3:$J$63,$D$3:$D$63,"Python")),0))} -> P1 | T6: {=INDEX($B$3:$B$63,MATCH(1,($D$3:$D$63="Python")*($J$3:$J$63=_xlfn.MINIFS($J$3:$J$63,$D$3:$D$63,"Python")),0))} -> Normal | U6: {=INDEX($A$3:$A$63,MATCH(1,($D$3:$D$63="Python")*($J$3:$J$63=_xlfn.MAXIFS($J$3:$J$63,$D$3:$D$63,"Python")),0))} -> P3 | V6: {=INDEX($B$3:$B$63,MATCH(1,($D$3:$D$63="Python")*($J$3:$J$63=_xlfn.MAXIFS($J$3:$J$63,$D$3:$D$63,"Python")),0))} -> Normal
A7: P1 | B7: Normal | C7: Claude | D7: C# | E7: 0.635 | F7: 0.626 | G7: 0.654 | H7: 0.611 | I7: 0.639 | J7: =AVERAGE(E7:I7) -> 0.633 | K7: =STDEV(E7:I7) -> 0.015921683 | N7: {=_xlfn.LET(_xlpm.lang,D7,_xlpm.tempo,J7,_xlpm.ref,_xlfn.XLOOKUP(_xlpm.lang,$D$64:$D$70,$J$64:$J$70,""),IF(OR(_xlpm.tempo="Failed",_xlpm.ref=""),"Not Applicable",IF(_xlpm.tempo>_xlpm.ref,"Bigger",IF(_xlpm.tempo<_xlpm.ref,"Smaller","Equal"))))} -> Not Applicable
A8: P1 | B8: Normal | C8: DeepSeek | D8: Java | E8: Failed | F8: Failed | G8: Failed | H8: Failed | I8: Failed | J8: Failed | K8: Failed | L8: It did not compile. | N8: {=_xlfn.LET(_xlpm.lang,D8,_xlpm.tempo,J8,_xlpm.ref,_xlfn.XLOOKUP(_xlpm.lang,$D$64:$D$70,$J$64:$J$70,""),IF(OR(_xlpm.tempo="Failed",_xlpm.ref=""),"Not Applicable",IF(_xlpm.tempo>_xlpm.ref,"Bigger",IF(_xlpm.tempo<_xlpm.ref,"Smaller","Equal"))))} -> Not Applicable
A9: P1 | B9: Normal | C9: DeepSeek | D9: C++ | E9: 0.552 | F9: 0.556 | G9: 0.572 | H9: 0.576 | I9: 0.549 | J9: =AVERAGE(E9:I9) -> 0.561 | K9: =STDEV(E9:I9) -> 0.012206556 | N9: {=_xlfn.LET(_xlpm.lang,D9,_xlpm.tempo,J9,_xlpm.ref,_xlfn.XLOOKUP(_xlpm.lang,$D$64:$D$70,$J$64:$J$70,""),IF(OR(_xlpm.tempo="Failed",_xlpm.ref=""),"Not Applicable",IF(_xlpm.tempo>_xlpm.ref,"Bigger",IF(_xlpm.tempo<_xlpm.ref,"Smaller","Equal"))))} -> Smaller | P9: =COUNTIF(N3:N63, "Smaller") -> 14 | Q9: =COUNTIFS($N$3:$N63, "Smaller", $D$3:$D63, "Python") -> 4
A10: P1 | B10: Normal | C10: DeepSeek | D10: Python | E10: 0.787 | F10: 0.803 | G10: 0.79 | H10: 0.791 | I10: 0.789 | J10: =AVERAGE(E10:I10) -> 0.792 | K10: =STDEV(E10:I10) -> 0.0063245553 | M10: 0.876 | N10: {=_xlfn.LET(_xlpm.lang,D10,_xlpm.tempo,J10,_xlpm.ref,_xlfn.XLOOKUP(_xlpm.lang,$D$64:$D$70,$J$64:$J$70,""),IF(OR(_xlpm.tempo="Failed",_xlpm.ref=""),"Not Applicable",IF(_xlpm.tempo>_xlpm.ref,"Bigger",IF(_xlpm.tempo<_xlpm.ref,"Smaller","Equal"))))} -> Smaller
A11: P1 | B11: Normal | C11: Gemini | D11: Java | E11: 4.152 | F11: 4.095 | G11: 4.081 | H11: 4.115 | I11: 4.089 | J11: =AVERAGE(E11:I11) -> 4.1064 | K11: =STDEV(E11:I11) -> 0.028421823 | N11: {=_xlfn.LET(_xlpm.lang,D11,_xlpm.tempo,J11,_xlpm.ref,_xlfn.XLOOKUP(_xlpm.lang,$D$64:$D$70,$J$64:$J$70,""),IF(OR(_xlpm.tempo="Failed",_xlpm.ref=""),"Not Applicable",IF(_xlpm.tempo>_xlpm.ref,"Bigger",IF(_xlpm.tempo<_xlpm.ref,"Smaller","Equal"))))} -> Not Applicable
A12: P1 | B12: TBR | C12: ChatGPT | D12: C | E12: 6.862 | F12: 6.974 | G12: 7.056 | H12: 6.868 | I12: 6.892 | J12: =AVERAGE(E12:I12) -> 6.9304 | K12: =STDEV(E12:I12) -> 0.083251426 | N12: {=_xlfn.LET(_xlpm.lang,D12,_xlpm.tempo,J12,_xlpm.ref,_xlfn.XLOOKUP(_xlpm.lang,$D$64:$D$70,$J$64:$J$70,""),IF(OR(_xlpm.tempo="Failed",_xlpm.ref=""),"Not Applicable",IF(_xlpm.tempo>_xlpm.ref,"Bigger",IF(_xlpm.tempo<_xlpm.ref,"Smaller","Equal"))))} -> Bigger
A13: P1 | B13: TBR | C13: Claude | D13: C | E13: 0.259 | F13: 0.249 | G13: 0.248 | H13: 0.254 | I13: 0.256 | J13: =AVERAGE(E13:I13) -> 0.2532 | K13: =STDEV(E13:I13) -> 0.0046583259 | M13: 0.223 | N13: {=_xlfn.LET(_xlpm.lang,D13,_xlpm.tempo,J13,_xlpm.ref,_xlfn.XLOOKUP(_xlpm.lang,$D$64:$D$70,$J$64:$J$70,""),IF(OR(_xlpm.tempo="Failed",_xlpm.ref=""),"Not Applicable",IF(_xlpm.tempo>_xlpm.ref,"Bigger",IF(_xlpm.tempo<_xlpm.ref,"Smaller","Equal"))))} -> Smaller
A14: P1 | B14: TBR | C14: Claude | D14: Python | E14: 53.916 | F14: 55.11 | G14: 54.466 | H14: 54.142 | I14: 54.918 | J14: =AVERAGE(E14:I14) -> 54.5104 | K14: =STDEV(E14:I14) -> 0.5041476 | N14: {=_xlfn.LET(_xlpm.lang,D14,_xlpm.tempo,J14,_xlpm.ref,_xlfn.XLOOKUP(_xlpm.lang,$D$64:$D$70,$J$64:$J$70,""),IF(OR(_xlpm.tempo="Failed",_xlpm.ref=""),"Not Applicable",IF(_xlpm.tempo>_xlpm.ref,"Bigger",IF(_xlpm.tempo<_xlpm.ref,"Smaller","Equal"))))} -> Bigger
A15: P1 | B15: TBR | C15: Claude | D15: Java | E15: 0.701 | F15: 0.733 | G15: 0.74 | H15: 0.727 | I15: 0.749 | J15: =AVERAGE(E15:I15) -> 0.73 | K15: =STDEV(E15:I15) -> 0.018165902 | N15: {=_xlfn.LET(_xlpm.lang,D15,_xlpm.tempo,J15,_xlpm.ref,_xlfn.XLOOKUP(_xlpm.lang,$D$64:$D$70,$J$64:$J$70,""),IF(OR(_xlpm.tempo="Failed",_xlpm.ref=""),"Not Applicable",IF(_xlpm.tempo>_xlpm.ref,"Bigger",IF(_xlpm.tempo<_xlpm.ref,"Smaller","Equal"))))} -> Not Applicable
A16: P1 | B16: TBR | C16: DeepSeek | D16: C | E16: Failed | F16: Failed | G16: Failed | H16: Failed | I16: Failed | J16: Failed | K16: Failed | L16: It did not compile. | N16: {=_xlfn.LET(_xlpm.lang,D16,_xlpm.tempo,J16,_xlpm.ref,_xlfn.XLOOKUP(_xlpm.lang,$D$64:$D$70,$J$64:$J$70,""),IF(OR(_xlpm.tempo="Failed",_xlpm.ref=""),"Not Applicable",IF(_xlpm.tempo>_xlpm.ref,"Bigger",IF(_xlpm.tempo<_xlpm.ref,"Smaller","Equal"))))} -> Not Applicable
A17: P1 | B17: TBR | C17: DeepSeek | D17: Java | E17: Failed | F17: Failed | G17: Failed | H17: Failed | I17: Failed | J17: Failed | K17: Failed | L17: It did not compile. | N17: {=_xlfn.LET(_xlpm.lang,D17,_xlpm.tempo,J17,_xlpm.ref,_xlfn.XLOOKUP(_xlpm.lang,$D$64:$D$70,$J$64:$J$70,""),IF(OR(_xlpm.tempo="Failed",_xlpm.ref=""),"Not Applicable",IF(_xlpm.tempo>_xlpm.ref,"Bigger",IF(_xlpm.tempo<_xlpm.ref,"Smaller","Equal"))))} -> Not Applicable
A18: P1 | B18: TBR | C18: DeepSeek | D18: Python | E18: Failed | F18: Failed | G18: Failed | H18: Failed | I18: Failed | J18: Failed | K18: Failed | L18: Compiled ok. Wrong output. | N18: {=_xlfn.LET(_xlpm.lang,D18,_xlpm.tempo,J18,_xlpm.ref,_xlfn.XLOOKUP(_xlpm.lang,$D$64:$D$70,$J$64:$J$70,""),IF(OR(_xlpm.tempo="Failed",_xlpm.ref=""),"Not Applicable",IF(_xlpm.tempo>_xlpm.ref,"Bigger",IF(_xlpm.tempo<_xlpm.ref,"Smaller","Equal"))))} -> Not Applicable
A19: P1 | B19: TBR | C19: DeepSeek | D19: Go | E19: Failed | F19: Failed | G19: Failed | H19: Failed | I19: Failed | J19: Failed | K19: Failed | L19: It did not compile. | N19: {=_xlfn.LET(_xlpm.lang,D19,_xlpm.tempo,J19,_xlpm.ref,_xlfn.XLOOKUP(_xlpm.lang,$D$64:$D$70,$J$64:$J$70,""),IF(OR(_xlpm.tempo="Failed",_xlpm.ref=""),"Not Applicable",IF(_xlpm.tempo>_xlpm.ref,"Bigger",IF(_xlpm.tempo<_xlpm.ref,"Smaller","Equal"))))} -> Not Applicable
A20: P1 | B20: TBR | C20: Gemini | D20: Java | E20: 0.448 | F20: 0.448 | G20: 0.444 | H20: 0.439 | I20: 0.45 | J20: =AVERAGE(E20:I20) -> 0.4458 | K20: =STDEV(E20:I20) -> 0.0043817805 | N20: {=_xlfn.LET(_xlpm.lang,D20,_xlpm.tempo,J20,_xlpm.ref,_xlfn.XLOOKUP(_xlpm.lang,$D$64:$D$70,$J$64:$J$70,""),IF(OR(_xlpm.tempo="Failed",_xlpm.ref=""),"Not Applicable",IF(_xlpm.tempo>_xlpm.ref,"Bigger",IF(_xlpm.tempo<_xlpm.ref,"Smaller","Equal"))))} -> Not Applicable
A21: P2 | B21: Normal | C21: ChatGPT | D21: C | E21: Failed | F21: Failed | G21: Failed | H21: Failed | I21: Failed | J21: Failed | K21: Failed | L21: Compiled ok. Wrong output. | N21: {=_xlfn.LET(_xlpm.lang,D21,_xlpm.tempo,J21,_xlpm.ref,_xlfn.XLOOKUP(_xlpm.lang,$D$64:$D$70,$J$64:$J$70,""),IF(OR(_xlpm.tempo="Failed",_xlpm.ref=""),"Not Applicable",IF(_xlpm.tempo>_xlpm.ref,"Bigger",IF(_xlpm.tempo<_xlpm.ref,"Smaller","Equal"))))} -> Not Applicable
A22: P2 | B22: Normal | C22: Claude | D22: C++ | E22: 0.515 | F22: 0.527 | G22: 0.526 | H22: 0.509 | I22: 0.52 | J22: =AVERAGE(E22:I22) -> 0.5194 | K22: =STDEV(E22:I22) -> 0.0075696763 | N22: {=_xlfn.LET(_xlpm.lang,D22,_xlpm.tempo,J22,_xlpm.ref,_xlfn.XLOOKUP(_xlpm.lang,$D$64:$D$70,$J$64:$J$70,""),IF(OR(_xlpm.tempo="Failed",_xlpm.ref=""),"Not Applicable",IF(_xlpm.tempo>_xlpm.ref,"Bigger",IF(_xlpm.tempo<_xlpm.ref,"Smaller","Equal"))))} -> Smaller
A23: P2 | B23: Normal | C23: Claude | D23: Python | E23: 4.869 | F23: 4.817 | G23: 4.863 | H23: 4.853 | I23: 4.866 | J23: =AVERAGE(E23:I23) -> 4.8536 | K23: =STDEV(E23:I23) -> 0.02132604 | N23: {=_xlfn.LET(_xlpm.lang,D23,_xlpm.tempo,J23,_xlpm.ref,_xlfn.XLOOKUP(_xlpm.lang,$D$64:$D$70,$J$64:$J$70,""),IF(OR(_xlpm.tempo="Failed",_xlpm.ref=""),"Not Applicable",IF(_xlpm.tempo>_xlpm.ref,"Bigger",IF(_xlpm.tempo<_xlpm.ref,"Smaller","Equal"))))} -> Smaller
A24: P2 | B24: Normal | C24: DeepSeek | D24: C++ | E24: Failed | F24: Failed | G24: Failed | H24: Failed | I24: Failed | J24: Failed | K24: Failed | L24: It did not compile. | N24: {=_xlfn.LET(_xlpm.lang,D24,_xlpm.tempo,J24,_xlpm.ref,_xlfn.XLOOKUP(_xlpm.lang,$D$64:$D$70,$J$64:$J$70,""),IF(OR(_xlpm.tempo="Failed",_xlpm.ref=""),"Not Applicable",IF(_xlpm.tempo>_xlpm.ref,"Bigger",IF(_xlpm.tempo<_xlpm.ref,"Smaller","Equal"))))} -> Not Applicable
A25: P2 | B25: Normal | C25: Gemini | D25: C++ | E25: 0.088 | F25: 0.086 | G25: 0.086 | H25: 0.086 | I25: 0.087 | J25: =AVERAGE(E25:I25) -> 0.0866 | K25: =STDEV(E25:I25) -> 0.00089442719 | N25: {=_xlfn.LET(_xlpm.lang,D25,_xlpm.tempo,J25,_xlpm.ref,_xlfn.XLOOKUP(_xlpm.lang,$D$64:$D$70,$J$64:$J$70,""),IF(OR(_xlpm.tempo="Failed",_xlpm.ref=""),"Not Applicable",IF(_xlpm.tempo>_xlpm.ref,"Bigger",IF(_xlpm.tempo<_xlpm.ref,"Smaller","Equal"))))} -> Smaller
A26: P2 | B26: TBR | C26: ChatGPT | D26: Go | E26: 0.054 | F26: 0.042 | G26: 0.057 | H26: 0.055 | I26: 0.054 | J26: =AVERAGE(E26:I26) -> 0.0524 | K26: =STDEV(E26:I26) -> 0.0059413803 | N26: {=_xlfn.LET(_xlpm.lang,D26,_xlpm.tempo,J26,_xlpm.ref,_xlfn.XLOOKUP(_xlpm.lang,$D$64:$D$70,$J$64:$J$70,""),IF(OR(_xlpm.tempo="Failed",_xlpm.ref=""),"Not Applicable",IF(_xlpm.tempo>_xlpm.ref,"Bigger",IF(_xlpm.tempo<_xlpm.ref,"Smaller","Equal"))))} -> Smaller
A27: P2 | B27: TBR | C27: Claude | D27: C | E27: 0.3984 | F27: 0.398 | G27: 0.396 | H27: 0.401 | I27: 0.397 | J27: =AVERAGE(E27:I27) -> 0.39808 | K27: =STDEV(E27:I27) -> 0.0018793616 | N27: {=_xlfn.LET(_xlpm.lang,D27,_xlpm.tempo,J27,_xlpm.ref,_xlfn.XLOOKUP(_xlpm.lang,$D$64:$D$70,$J$64:$J$70,""),IF(OR(_xlpm.tempo="Failed",_xlpm.ref=""),"Not Applicable",IF(_xlpm.tempo>_xlpm.ref,"Bigger",IF(_xlpm.tempo<_xlpm.ref,"Smaller","Equal"))))} -> Smaller
A28: P2 | B28: TBR | C28: Claude | D28: Python | E28: 3.29 | F28: 3.336 | G28: 3.301 | H28: 3.326 | I28: 3.321 | J28: =AVERAGE(E28:I28) -> 3.3148 | K28: =STDEV(E28:I28) -> 0.018833481 | N28: {=_xlfn.LET(_xlpm.lang,D28,_xlpm.tempo,J28,_xlpm.ref,_xlfn.XLOOKUP(_xlpm.lang,$D$64:$D$70,$J$64:$J$70,""),IF(OR(_xlpm.tempo="Failed",_xlpm.ref=""),"Not Applicable",IF(_xlpm.tempo>_xlpm.ref,"Bigger",IF(_xlpm.tempo<_xlpm.ref,"Smaller","Equal"))))} -> Smaller
A29: P2 | B29: TBR | C29: DeepSeek | D29: C++ | E29: 0.869 | F29: 0.779 | G29: 0.708 | H29: 0.548 | I29: 0.539 | J29: =AVERAGE(E29:I29) -> 0.6886 | K29: =STDEV(E29:I29) -> 0.14425776 | N29: {=_xlfn.LET(_xlpm.lang,D29,_xlpm.tempo,J29,_xlpm.ref,_xlfn.XLOOKUP(_xlpm.lang,$D$64:$D$70,$J$64:$J$70,""),IF(OR(_xlpm.tempo="Failed",_xlpm.ref=""),"Not Applicable",IF(_xlpm.tempo>_xlpm.ref,"Bigger",IF(_xlpm.tempo<_xlpm.ref,"Smaller","Equal"))))} -> Smaller
A30: P2 | B30: TBR | C30: Gemini | D30: Go | E30: 0.095 | F30: 0.109 | G30: 0.113 | H30: 0.1 | I30: 0.105 | J30: =AVERAGE(E30:I30) -> 0.1044 | K30: =STDEV(E30:I30) -> 0.0071274119 | N30: {=_xlfn.LET(_xlpm.lang,D30,_xlpm.tempo,J30,_xlpm.ref,_xlfn.XLOOKUP(_xlpm.lang,$D$64:$D$70,$J$64:$J$70,""),IF(OR(_xlpm.tempo="Failed",_xlpm.ref=""),"Not Applicable",IF(_xlpm.tempo>_xlpm.ref,"Bigger",IF(_xlpm.tempo<_xlpm.ref,"Smaller","Equal"))))} -> Smaller
A31: P3 | B31: Normal | C31: ChatGPT | D31: Go | E31: 25.722 | F31: 25.721 | G31: 26.037 | H31: 25.881 | I31: 26.304 | J31: =AVERAGE(E31:I31) -> 25.933 | K31: =STDEV(E31:I31) -> 0.24526822 | N31: {=_xlfn.LET(_xlpm.lang,D31,_xlpm.tempo,J31,_xlpm.ref,_xlfn.XLOOKUP(_xlpm.lang,$D$64:$D$70,$J$64:$J$70,""),IF(OR(_xlpm.tempo="Failed",_xlpm.ref=""),"Not Applicable",IF(_xlpm.tempo>_xlpm.ref,"Bigger",IF(_xlpm.tempo<_xlpm.ref,"Smaller","Equal"))))} -> Bigger
A32: P3 | B32: Normal | C32: Claude | D32: Python | E32: 447.588 | F32: 445.776 | G32: 422.557 | H32: 444.292 | I32: 446.911 | J32: =AVERAGE(E32:I32) -> 441.4248 | K32: =STDEV(E32:I32) -> 10.6211 | M32: 456.017 | N32: {=_xlfn.LET(_xlpm.lang,D32,_xlpm.tempo,J32,_xlpm.ref,_xlfn.XLOOKUP(_xlpm.lang,$D$64:$D$70,$J$64:$J$70,""),IF(OR(_xlpm.tempo="Failed",_xlpm.ref=""),"Not Applicable",IF(_xlpm.tempo>_xlpm.ref,"Bigger",IF(_xlpm.tempo<_xlpm.ref,"Smaller","Equal"))))} -> Bigger
A33: P3 | B33: Normal | C33: DeepSeek | D33: Python | E33: Failed | F33: Failed | G33: Failed | H33: Failed | I33: Failed | J33: Failed | K33: Failed | L33: Compiled ok. Wrong output. | N33: {=_xlfn.LET(_xlpm.lang,D33,_xlpm.tempo,J33,_xlpm.ref,_xlfn.XLOOKUP(_xlpm.lang,$D$64:$D$70,$J$64:$J$70,""),IF(OR(_xlpm.tempo="Failed",_xlpm.ref=""),"Not Applicable",IF(_xlpm.tempo>_xlpm.ref,"Bigger",IF(_xlpm.tempo<_xlpm.ref,"Smaller","Equal"))))} -> Not Applicable
A34: P3 | B34: Normal | C34: Gemini | D34: Python | E34: 449.254 | F34: 450.836 | G34: 451.497 | H34: 450.868 | I34: 450.2 | J34: =AVERAGE(E34:I34) -> 450.531 | K34: =STDEV(E34:I34) -> 0.84853403 | M34: 446.657 | N34: {=_xlfn.LET(_xlpm.lang,D34,_xlpm.tempo,J34,_xlpm.ref,_xlfn.XLOOKUP(_xlpm.lang,$D$64:$D$70,$J$64:$J$70,""),IF(OR(_xlpm.tempo="Failed",_xlpm.ref=""),"Not Applicable",IF(_xlpm.tempo>_xlpm.ref,"Bigger",IF(_xlpm.tempo<_xlpm.ref,"Smaller","Equal"))))} -> Bigger
A35: P3 | B35: TBR | C35: ChatGPT | D35: Go | E35: 5.045 | F35: 5.031 | G35: 5.026 | H35: 5.005 | I35: 5.094 | J35: =AVERAGE(E35:I35) -> 5.0402 | K35: =STDEV(E35:I35) -> 0.033327166 | N35: {=_xlfn.LET(_xlpm.lang,D35,_xlpm.tempo,J35,_xlpm.ref,_xlfn.XLOOKUP(_xlpm.lang,$D$64:$D$70,$J$64:$J$70,""),IF(OR(_xlpm.tempo="Failed",_xlpm.ref=""),"Not Applicable",IF(_xlpm.tempo>_xlpm.ref,"Bigger",IF(_xlpm.tempo<_xlpm.ref,"Smaller","Equal"))))} -> Smaller
A36: P3 | B36: TBR | C36: Claude | D36: Python | E36: Failed | F36: Failed | G36: Failed | H36: Failed | I36: Failed | J36: Failed | K36: Failed | L36: Compiled ok. Wrong output. | N36: {=_xlfn.LET(_xlpm.lang,D36,_xlpm.tempo,J36,_xlpm.ref,_xlfn.XLOOKUP(_xlpm.lang,$D$64:$D$70,$J$64:$J$70,""),IF(OR(_xlpm.tempo="Failed",_xlpm.ref=""),"Not Applicable",IF(_xlpm.tempo>_xlpm.ref,"Bigger",IF(_xlpm.tempo<_xlpm.ref,"Smaller","Equal"))))} -> Not Applicable
A37: P3 | B37: TBR | C37: Claude | D37: Java | E37: 4.053 | F37: 4.048 | G37: 4.109 | H37: 4.12 | I37: 4.099 | J37: =AVERAGE(E37:I37) -> 4.0858 | K37: =STDEV(E37:I37) -> 0.033116461 | N37: {=_xlfn.LET(_xlpm.lang,D37,_xlpm.tempo,J37,_xlpm.ref,_xlfn.XLOOKUP(_xlpm.lang,$D$64:$D$70,$J$64:$J$70,""),IF(OR(_xlpm.tempo="Failed",_xlpm.ref=""),"Not Applicable",IF(_xlpm.tempo>_xlpm.ref,"Bigger",IF(_xlpm.tempo<_xlpm.ref,"Smaller","Equal"))))} -> Not Applicable
A38: P3 | B38: TBR | C38: Claude | D38: C++ | E38: 21.421 | F38: 21.144 | G38: 21.394 | H38: 21.101 | I38: 22.127 | J38: =AVERAGE(E38:I38) -> 21.4374 | K38: =STDEV(E38:I38) -> 0.41138461 | N38: {=_xlfn.LET(_xlpm.lang,D38,_xlpm.tempo,J38,_xlpm.ref,_xlfn.XLOOKUP(_xlpm.lang,$D$64:$D$70,$J$64:$J$70,""),IF(OR(_xlpm.tempo="Failed",_xlpm.ref=""),"Not Applicable",IF(_xlpm.tempo>_xlpm.ref,"Bigger",IF(_xlpm.tempo<_xlpm.ref,"Smaller","Equal"))))} -> Bigger
A39: P3 | B39: TBR | C39: Claude | D39: Go | E39: 22.202 | F39: 22.004 | G39: 22.34 | H39: 22.407 | I39: 22.015 | J39: =AVERAGE(E39:I39) -> 22.1936 | K39: =STDEV(E39:I39) -> 0.18363633 | N39: {=_xlfn.LET(_xlpm.lang,D39,_xlpm.tempo,J39,_xlpm.ref,_xlfn.XLOOKUP(_xlpm.lang,$D$64:$D$70,$J$64:$J$70,""),IF(OR(_xlpm.tempo="Failed",_xlpm.ref=""),"Not Applicable",IF(_xlpm.tempo>_xlpm.ref,"Bigger",IF(_xlpm.tempo<_xlpm.ref,"Smaller","Equal"))))} -> Bigger
A40: P3 | B40: TBR | C40: Claude | D40: JavaScript | E40: 17.795 | F40: 17.732 | G40: 17.713 | H40: 17.551 | I40: 17.765 | J40: =AVERAGE(E40:I40) -> 17.7112 | K40: =STDEV(E40:I40) -> 0.094890463 | N40: {=_xlfn.LET(_xlpm.lang,D40,_xlpm.tempo,J40,_xlpm.ref,_xlfn.XLOOKUP(_xlpm.lang,$D$64:$D$70,$J$64:$J$70,""),IF(OR(_xlpm.tempo="Failed",_xlpm.ref=""),"Not Applicable",IF(_xlpm.tempo>_xlpm.ref,"Bigger",IF(_xlpm.tempo<_xlpm.ref,"Smaller","Equal"))))} -> Not Applicable
A41: P3 | B41: TBR | C41: Claude | D41: Rust | E41: 36.829 | F41: 36.913 | G41: 36.955 | H41: 36.851 | I41: 36.856 | J41: =AVERAGE(E41:I41) -> 36.8808 | K41: =STDEV(E41:I41) -> 0.05178996 | N41: {=_xlfn.LET(_xlpm.lang,D41,_xlpm.tempo,J41,_xlpm.ref,_xlfn.XLOOKUP(_xlpm.lang,$D$64:$D$70,$J$64:$J$70,""),IF(OR(_xlpm.tempo="Failed",_xlpm.ref=""),"Not Applicable",IF(_xlpm.tempo>_xlpm.ref,"Bigger",IF(_xlpm.tempo<_xlpm.ref,"Smaller","Equal"))))} -> Not Applicable
A42: P3 | B42: TBR | C42: DeepSeek | D42: Python | E42: Failed | F42: Failed | G42: Failed | H42: Failed | I42: Failed | J42: Failed | K42: Failed | L42: Compiled ok. Wrong output. | N42: {=_xlfn.LET(_xlpm.lang,D42,_xlpm.tempo,J42,_xlpm.ref,_xlfn.XLOOKUP(_xlpm.lang,$D$64:$D$70,$J$64:$J$70,""),IF(OR(_xlpm.tempo="Failed",_xlpm.ref=""),"Not Applicable",IF(_xlpm.tempo>_xlpm.ref,"Bigger",IF(_xlpm.tempo<_xlpm.ref,"Smaller","Equal"))))} -> Not Applicable
A43: P3 | B43: TBR | C43: Gemini | D43: Python | E43: 411.628 | F43: 411.875 | G43: 413.51 | H43: 409.961 | I43: 410.791 | J43: =AVERAGE(E43:I43) -> 411.553 | K43: =STDEV(E43:I43) -> 1.3279934 | M43: 414.64 | N43: {=_xlfn.LET(_xlpm.lang,D43,_xlpm.tempo,J43,_xlpm.ref,_xlfn.XLOOKUP(_xlpm.lang,$D$64:$D$70,$J$64:$J$70,""),IF(OR(_xlpm.tempo="Failed",_xlpm.ref=""),"Not Applicable",IF(_xlpm.tempo>_xlpm.ref,"Bigger",IF(_xlpm.tempo<_xlpm.ref,"Smaller","Equal"))))} -> Bigger
A44: P3 | B44: TBR | C44: Gemini | D44: Java | E44: Failed | F44: Failed | G44: Failed | H44: Failed | I44: Failed | J44: Failed | K44: Failed | L44: It did not compile. | N44: {=_xlfn.LET(_xlpm.lang,D44,_xlpm.tempo,J44,_xlpm.ref,_xlfn.XLOOKUP(_xlpm.lang,$D$64:$D$70,$J$64:$J$70,""),IF(OR(_xlpm.tempo="Failed",_xlpm.ref=""),"Not Applicable",IF(_xlpm.tempo>_xlpm.ref,"Bigger",IF(_xlpm.tempo<_xlpm.ref,"Smaller","Equal"))))} -> Not Applicable
A45: P4 | B45: Normal | C45: ChatGPT | D45: Go | E45: 21.337 | F45: 21.643 | G45: 21.634 | H45: 21.375 | I45: 21.299 | J45: =AVERAGE(E45:I45) -> 21.4576 | K45: =STDEV(E45:I45) -> 0.16734037 | N45: {=_xlfn.LET(_xlpm.lang,D45,_xlpm.tempo,J45,_xlpm.ref,_xlfn.XLOOKUP(_xlpm.lang,$D$64:$D$70,$J$64:$J$70,""),IF(OR(_xlpm.tempo="Failed",_xlpm.ref=""),"Not Applicable",IF(_xlpm.tempo>_xlpm.ref,"Bigger",IF(_xlpm.tempo<_xlpm.ref,"Smaller","Equal"))))} -> Bigger
A46: P4 | B46: Normal | C46: Claude | D46: C++ | E46: 20.427 | F46: 20.681 | G46: 20.626 | H46: 20.376 | I46: 20.672 | J46: =AVERAGE(E46:I46) -> 20.5564 | K46: =STDEV(E46:I46) -> 0.144067 | N46: {=_xlfn.LET(_xlpm.lang,D46,_xlpm.tempo,J46,_xlpm.ref,_xlfn.XLOOKUP(_xlpm.lang,$D$64:$D$70,$J$64:$J$70,""),IF(OR(_xlpm.tempo="Failed",_xlpm.ref=""),"Not Applicable",IF(_xlpm.tempo>_xlpm.ref,"Bigger",IF(_xlpm.tempo<_xlpm.ref,"Smaller","Equal"))))} -> Bigger
A47: P4 | B47: Normal | C47: Claude | D47: Python | E47: 405.632 | F47: 407.652 | G47: 407.966 | H47: 408.007 | I47: 404.835 | J47: =AVERAGE(E47:I47) -> 406.8184 | K47: =STDEV(E47:I47) -> 1.4803771 | M47: 402.465 | N47: {=_xlfn.LET(_xlpm.lang,D47,_xlpm.tempo,J47,_xlpm.ref,_xlfn.XLOOKUP(_xlpm.lang,$D$64:$D$70,$J$64:$J$70,""),IF(OR(_xlpm.tempo="Failed",_xlpm.ref=""),"Not Applicable",IF(_xlpm.tempo>_xlpm.ref,"Bigger",IF(_xlpm.tempo<_xlpm.ref,"Smaller","Equal"))))} -> Bigger
A48: P4 | B48: Normal | C48: Claude | D48: Java | E48: 3.985 | F48: 4.152 | G48: 4.183 | H48: 4.151 | I48: 4.147 | J48: =AVERAGE(E48:I48) -> 4.1236 | K48: =STDEV(E48:I48) -> 0.078808629 | N48: {=_xlfn.LET(_xlpm.lang,D48,_xlpm.tempo,J48,_xlpm.ref,_xlfn.XLOOKUP(_xlpm.lang,$D$64:$D$70,$J$64:$J$70,""),IF(OR(_xlpm.tempo="Failed",_xlpm.ref=""),"Not Applicable",IF(_xlpm.tempo>_xlpm.ref,"Bigger",IF(_xlpm.tempo<_xlpm.ref,"Smaller","Equal"))))} -> Not Applicable
A49: P4 | B49: Normal | C49: Claude | D49: Go | E49: 21.531 | F49: 21.771 | G49: 21.565 | H49: 21.862 | I49: 21.884 | J49: =AVERAGE(E49:I49) -> 21.7226 | K49: =STDEV(E49:I49) -> 0.1653581 | N49: {=_xlfn.LET(_xlpm.lang,D49,_xlpm.tempo,J49,_xlpm.ref,_xlfn.XLOOKUP(_xlpm.lang,$D$64:$D$70,$J$64:$J$70,""),IF(OR(_xlpm.tempo="Failed",_xlpm.ref=""),"Not Applicable",IF(_xlpm.tempo>_xlpm.ref,"Bigger",IF(_xlpm.tempo<_xlpm.ref,"Smaller","Equal"))))} -> Bigger
A50: P4 | B50: Normal | C50: Claude | D50: Rust | E50: 37.211 | F50: 37.435 | G50: 37.285 | H50: 37.314 | I50: 37.34 | J50: =AVERAGE(E50:I50) -> 37.317 | K50: =STDEV(E50:I50) -> 0.081734326 | N50: {=_xlfn.LET(_xlpm.lang,D50,_xlpm.tempo,J50,_xlpm.ref,_xlfn.XLOOKUP(_xlpm.lang,$D$64:$D$70,$J$64:$J$70,""),IF(OR(_xlpm.tempo="Failed",_xlpm.ref=""),"Not Applicable",IF(_xlpm.tempo>_xlpm.ref,"Bigger",IF(_xlpm.tempo<_xlpm.ref,"Smaller","Equal"))))} -> Not Applicable
A51: P4 | B51: Normal | C51: Claude | D51: JavaScript | E51: 17.492 | F51: 17.786 | G51: 17.641 | H51: 17.647 | I51: 18.274 | J51: =AVERAGE(E51:I51) -> 17.768 | K51: =STDEV(E51:I51) -> 0.30137435 | N51: {=_xlfn.LET(_xlpm.lang,D51,_xlpm.tempo,J51,_xlpm.ref,_xlfn.XLOOKUP(_xlpm.lang,$D$64:$D$70,$J$64:$J$70,""),IF(OR(_xlpm.tempo="Failed",_xlpm.ref=""),"Not Applicable",IF(_xlpm.tempo>_xlpm.ref,"Bigger",IF(_xlpm.tempo<_xlpm.ref,"Smaller","Equal"))))} -> Not Applicable
A52: P4 | B52: Normal | C52: Claude | D52: C# | E52: 23.777 | F52: 23.559 | G52: 23.6 | H52: 24.006 | I52: 23.319 | J52: =AVERAGE(E52:I52) -> 23.6522 | K52: =STDEV(E52:I52) -> 0.25650673 | N52: {=_xlfn.LET(_xlpm.lang,D52,_xlpm.tempo,J52,_xlpm.ref,_xlfn.XLOOKUP(_xlpm.lang,$D$64:$D$70,$J$64:$J$70,""),IF(OR(_xlpm.tempo="Failed",_xlpm.ref=""),"Not Applicable",IF(_xlpm.tempo>_xlpm.ref,"Bigger",IF(_xlpm.tempo<_xlpm.ref,"Smaller","Equal"))))} -> Not Applicable
A53: P4 | B53: Normal | C53: DeepSeek | D53: Python | E53: Failed | F53: Failed | G53: Failed | H53: Failed | I53: Failed | J53: Failed | K53: Failed | L53: Compiled ok. Wrong output. | N53: {=_xlfn.LET(_xlpm.lang,D53,_xlpm.tempo,J53,_xlpm.ref,_xlfn.XLOOKUP(_xlpm.lang,$D$64:$D$70,$J$64:$J$70,""),IF(OR(_xlpm.tempo="Failed",_xlpm.ref=""),"Not Applicable",IF(_xlpm.tempo>_xlpm.ref,"Bigger",IF(_xlpm.tempo<_xlpm.ref,"Smaller","Equal"))))} -> Not Applicable
A54: P4 | B54: Normal | C54: Gemini | D54: Go | E54: 21.915 | F54: 22.066 | G54: 21.866 | H54: 21.969 | I54: 21.875 | J54: =AVERAGE(E54:I54) -> 21.9382 | K54: =STDEV(E54:I54) -> 0.082199148 | N54: {=_xlfn.LET(_xlpm.lang,D54,_xlpm.tempo,J54,_xlpm.ref,_xlfn.XLOOKUP(_xlpm.lang,$D$64:$D$70,$J$64:$J$70,""),IF(OR(_xlpm.tempo="Failed",_xlpm.ref=""),"Not Applicable",IF(_xlpm.tempo>_xlpm.ref,"Bigger",IF(_xlpm.tempo<_xlpm.ref,"Smaller","Equal"))))} -> Bigger
A55: P4 | B55: TBR | C55: ChatGPT | D55: Go | E55: 25.117 | F55: 24.08 | G55: 24.593 | H55: 24.444 | I55: 24.532 | J55: =AVERAGE(E55:I55) -> 24.5532 | K55: =STDEV(E55:I55) -> 0.37274214 | N55: {=_xlfn.LET(_xlpm.lang,D55,_xlpm.tempo,J55,_xlpm.ref,_xlfn.XLOOKUP(_xlpm.lang,$D$64:$D$70,$J$64:$J$70,""),IF(OR(_xlpm.tempo="Failed",_xlpm.ref=""),"Not Applicable",IF(_xlpm.tempo>_xlpm.ref,"Bigger",IF(_xlpm.tempo<_xlpm.ref,"Smaller","Equal"))))} -> Bigger
A56: P4 | B56: TBR | C56: Claude | D56: C++ | E56: 21.421 | F56: 22.275 | G56: 21.402 | H56: 21.429 | I56: 21.455 | J56: =AVERAGE(E56:I56) -> 21.5964 | K56: =STDEV(E56:I56) -> 0.37982601 | N56: {=_xlfn.LET(_xlpm.lang,D56,_xlpm.tempo,J56,_xlpm.ref,_xlfn.XLOOKUP(_xlpm.lang,$D$64:$D$70,$J$64:$J$70,""),IF(OR(_xlpm.tempo="Failed",_xlpm.ref=""),"Not Applicable",IF(_xlpm.tempo>_xlpm.ref,"Bigger",IF(_xlpm.tempo<_xlpm.ref,"Smaller","Equal"))))} -> Bigger
A57: P4 | B57: TBR | C57: Claude | D57: Java | E57: 4.128 | F57: 4.27 | G57: 4.231 | H57: 4.263 | I57: 4.36 | J57: =AVERAGE(E57:I57) -> 4.2504 | K57: =STDEV(E57:I57) -> 0.08353622 | N57: {=_xlfn.LET(_xlpm.lang,D57,_xlpm.tempo,J57,_xlpm.ref,_xlfn.XLOOKUP(_xlpm.lang,$D$64:$D$70,$J$64:$J$70,""),IF(OR(_xlpm.tempo="Failed",_xlpm.ref=""),"Not Applicable",IF(_xlpm.tempo>_xlpm.ref,"Bigger",IF(_xlpm.tempo<_xlpm.ref,"Smaller","Equal"))))} -> Not Applicable
A58: P4 | B58: TBR | C58: Claude | D58: Python | E58: 282.967 | F58: 282.712 | G58: 279.388 | H58: 280.103 | I58: 283.723 | J58: =AVERAGE(E58:I58) -> 281.7786 | K58: =STDEV(E58:I58) -> 1.9096351 | M58: 282.134 | N58: {=_xlfn.LET(_xlpm.lang,D58,_xlpm.tempo,J58,_xlpm.ref,_xlfn.XLOOKUP(_xlpm.lang,$D$64:$D$70,$J$64:$J$70,""),IF(OR(_xlpm.tempo="Failed",_xlpm.ref=""),"Not Applicable",IF(_xlpm.tempo>_xlpm.ref,"Bigger",IF(_xlpm.tempo<_xlpm.ref,"Smaller","Equal"))))} -> Bigger
A59: P4 | B59: TBR | C59: Claude | D59: Go | E59: 22.017 | F59: 22.09 | G59: 22.107 | H59: 21.977 | I59: 22.072 | J59: =AVERAGE(E59:I59) -> 22.0526 | K59: =STDEV(E59:I59) -> 0.054123008 | N59: {=_xlfn.LET(_xlpm.lang,D59,_xlpm.tempo,J59,_xlpm.ref,_xlfn.XLOOKUP(_xlpm.lang,$D$64:$D$70,$J$64:$J$70,""),IF(OR(_xlpm.tempo="Failed",_xlpm.ref=""),"Not Applicable",IF(_xlpm.tempo>_xlpm.ref,"Bigger",IF(_xlpm.tempo<_xlpm.ref,"Smaller","Equal"))))} -> Bigger
A60: P4 | B60: TBR | C60: Claude | D60: Rust | E60: 36.825 | F60: 36.605 | G60: 36.495 | H60: 36.371 | I60: 36.466 | J60: =AVERAGE(E60:I60) -> 36.5524 | K60: =STDEV(E60:I60) -> 0.17374061 | N60: {=_xlfn.LET(_xlpm.lang,D60,_xlpm.tempo,J60,_xlpm.ref,_xlfn.XLOOKUP(_xlpm.lang,$D$64:$D$70,$J$64:$J$70,""),IF(OR(_xlpm.tempo="Failed",_xlpm.ref=""),"Not Applicable",IF(_xlpm.tempo>_xlpm.ref,"Bigger",IF(_xlpm.tempo<_xlpm.ref,"Smaller","Equal"))))} -> Not Applicable
A61: P4 | B61: TBR | C61: Claude | D61: C# | E61: 21.766 | F61: 21.888 | G61: 21.97 | H61: 22.05 | I61: 21.783 | J61: =AVERAGE(E61:I61) -> 21.8914 | K61: =STDEV(E61:I61) -> 0.12126335 | N61: {=_xlfn.LET(_xlpm.lang,D61,_xlpm.tempo,J61,_xlpm.ref,_xlfn.XLOOKUP(_xlpm.lang,$D$64:$D$70,$J$64:$J$70,""),IF(OR(_xlpm.tempo="Failed",_xlpm.ref=""),"Not Applicable",IF(_xlpm.tempo>_xlpm.ref,"Bigger",IF(_xlpm.tempo<_xlpm.ref,"Smaller","Equal"))))} -> Not Applicable
A62: P4 | B62: TBR | C62: DeepSeek | D62: Python | E62: Failed | F62: Failed | G62: Failed | H62: Failed | I62: Failed | J62: Failed | K62: Failed | L62: Compiled ok. Wrong output. | N62: {=_xlfn.LET(_xlpm.lang,D62,_xlpm.tempo,J62,_xlpm.ref,_xlfn.XLOOKUP(_xlpm.lang,$D$64:$D$70,$J$64:$J$70,""),IF(OR(_xlpm.tempo="Failed",_xlpm.ref=""),"Not Applicable",IF(_xlpm.tempo>_xlpm.ref,"Bigger",IF(_xlpm.tempo<_xlpm.ref,"Smaller","Equal"))))} -> Not Applicable
A63: P4 | B63: TBR | C63: Gemini | D63: Go | E63: Failed | F63: Failed | G63: Failed | H63: Failed | I63: Failed | J63: Failed | K63: Failed | L63: Compiled ok. Wrong output. | N63: {=_xlfn.LET(_xlpm.lang,D63,_xlpm.tempo,J63,_xlpm.ref,_xlfn.XLOOKUP(_xlpm.lang,$D$64:$D$70,$J$64:$J$70,""),IF(OR(_xlpm.tempo="Failed",_xlpm.ref=""),"Not Applicable",IF(_xlpm.tempo>_xlpm.ref,"Bigger",IF(_xlpm.tempo<_xlpm.ref,"Smaller","Equal"))))} -> Not Applicable
D64: Python | E64: 42.641 | F64: 42.814 | G64: 45.194 | H64: 47.102 | I64: 48.943 | J64: =AVERAGE(E64:I64) -> 45.3388 | K64: =STDEV(E64:I64) -> 2.7282246
D65: Python -OO | E65: 46.142 | F65: 43.891 | G65: 45.167 | H65: 45.975 | I65: 43.676 | J65: =AVERAGE(E65:I65) -> 44.9702 | K65: =STDEV(E65:I65) -> 1.1468538
D66: C | E66: 1.892 | F66: 1.907 | G66: 1.54 | H66: 1.966 | I66: 2.088 | J66: =AVERAGE(E66:I66) -> 1.8786 | K66: =STDEV(E66:I66) -> 0.20440352
D67: C-O3 | E67: 1.153 | F67: 1.163 | G67: 1.144 | H67: 1.181 | I67: 1.181 | J67: =AVERAGE(E67:I67) -> 1.1644 | K67: =STDEV(E67:I67) -> 0.016577093
D68: C++ | E68: 2.177 | F68: 2.131 | G68: 2.121 | H68: 2.057 | I68: 2.193 | J68: =AVERAGE(E68:I68) -> 2.1358 | K68: =STDEV(E68:I68) -> 0.053434072
D69: C++ -O3 | E69: 0.824 | F69: 0.898 | G69: 0.875 | H69: 0.859 | I69: 0.802 | J69: =AVERAGE(E69:I69) -> 0.8516 | K69: =STDEV(E69:I69) -> 0.038656177
D70: Go | E70: 9.111 | F70: 9.248 | G70: 9.388 | H70: 9.34 | I70: 9.269 | J70: =AVERAGE(E70:I70) -> 9.2712 | K70: =STDEV(E70:I70) -> 0.1055732
N71: =COUNTIF($N$3:N63,"Smaller") -> 14

Sheet fannkuch-redux
A1: PROMPT | B1: SEARCH TYPE | C1: AI TOOL | D1: P. L. | E1: RUNTIME | L1: OUTPUT COMMENT | M1: OPTMIZATION FLAG
E2: M1 | F2: M2 | G2: M3 | H2: M4 | I2: M5 | J2: AVG | K2: STD | M2: AVG | Q2: MIN | R2: MAX | S2: PROMPT (MIN) | T2: SEARCH TYPE (MIN) | U2: PROMPT (MAX) | V2: SEARCH TYPE (MAX)
A3: P1 | B3: Normal | C3: ChatGPT | D3: C | E3: Failed | F3: Failed | G3: Failed | H3: Failed | I3: Failed | J3: Failed | K3: Failed | L3: Compiled ok. Wrong output. | N3: {=_xlfn.LET(_xlpm.lang,D3,_xlpm.tempo,J3,_xlpm.ref,_xlfn.XLOOKUP(_xlpm.lang,$D$47:$D$53,$J$47:$J$53,""),IF(OR(_xlpm.tempo="Failed",_xlpm.ref=""),"Not Applicable",IF(_xlpm.tempo>_xlpm.ref,"Bigger",IF(_xlpm.tempo<_xlpm.ref,"Smaller","Equal"))))} -> Not Applicable | P3: C | Q3: =_xlfn.MINIFS($J$3:$J$46,$D$3:$D$46,"C") -> 76.125 | R3: =_xlfn.MAXIFS($J$3:$J$46,$D$3:$D$46,"C") -> 77.4144 | S3: {=INDEX($A$3:$A$46,MATCH(1,($D$3:$D$46="C")*($J$3:$J$46=_xlfn.MINIFS($J$3:$J$46,$D$3:$D$46,"C")),0))} -> P1 | T3: {=INDEX($B$3:$B$46,MATCH(1,($D$3:$D$46="C")*($J$3:$J$46=_xlfn.MINIFS($J$3:$J$46,$D$3:$D$46,"C")),0))} -> TBR | U3: {=INDEX($A$3:$A$46,MATCH(1,($D$3:$D$46="C")*($J$3:$J$46=_xlfn.MAXIFS($J$3:$J$46,$D$3:$D$46,"C")),0))} -> P2 | V3: {=INDEX($B$3:$B$46,MATCH(1,($D$3:$D$46="C")*($J$3:$J$46=_xlfn.MAXIFS($J$3:$J$46,$D$3:$D$46,"C")),0))} -> TBR
A4: P1 | B4: Normal | C4: Claude | D4: Python | E4: Failed | F4: Failed | G4: Failed | H4: Failed | I4: Failed | J4: Failed | K4: Failed | L4: It did not compile. | N4: {=_xlfn.LET(_xlpm.lang,D4,_xlpm.tempo,J4,_xlpm.ref,_xlfn.XLOOKUP(_xlpm.lang,$D$47:$D$53,$J$47:$J$53,""),IF(OR(_xlpm.tempo="Failed",_xlpm.ref=""),"Not Applicable",IF(_xlpm.tempo>_xlpm.ref,"Bigger",IF(_xlpm.tempo<_xlpm.ref,"Smaller","Equal"))))} -> Not Applicable | P4: Go | Q4: =_xlfn.MINIFS($J$3:$J$46,$D$3:$D$46,"Go") -> 6.6728 | R4: =_xlfn.MAXIFS($J$3:$J$46,$D$3:$D$46,"Go") -> 372.7792 | S4: {=INDEX($A$3:$A$46,MATCH(1,($D$3:$D$46="Go")*($J$3:$J$46=_xlfn.MINIFS($J$3:$J$46,$D$3:$D$46,"Go")),0))} -> P2 | T4: {=INDEX($B$3:$B$46,MATCH(1,($D$3:$D$46="Go")*($J$3:$J$46=_xlfn.MINIFS($J$3:$J$46,$D$3:$D$46,"Go")),0))} -> TBR | U4: {=INDEX($A$3:$A$46,MATCH(1,($D$3:$D$46="Go")*($J$3:$J$46=_xlfn.MAXIFS($J$3:$J$46,$D$3:$D$46,"Go")),0))} -> P4 | V4: {=INDEX($B$3:$B$46,MATCH(1,($D$3:$D$46="Go")*($J$3:$J$46=_xlfn.MAXIFS($J$3:$J$46,$D$3:$D$46,"Go")),0))} -> TBR
A5: P1 | B5: Normal | C5: Claude | D5: Python | E5: Failed | F5: Failed | G5: Failed | H5: Failed | I5: Failed | J5: Failed | K5: Failed | L5: Compiled ok. Wrong output. | N5: {=_xlfn.LET(_xlpm.lang,D5,_xlpm.tempo,J5,_xlpm.ref,_xlfn.XLOOKUP(_xlpm.lang,$D$47:$D$53,$J$47:$J$53,""),IF(OR(_xlpm.tempo="Failed",_xlpm.ref=""),"Not Applicable",IF(_xlpm.tempo>_xlpm.ref,"Bigger",IF(_xlpm.tempo<_xlpm.ref,"Smaller","Equal"))))} -> Not Applicable | P5: Python | Q5: =_xlfn.MINIFS($J$3:$J$46,$D$3:$D$46,"Python") -> 367.7262 | R5: =_xlfn.MAXIFS($J$3:$J$46,$D$3:$D$46,"Python") -> 2632.1998 | S5: {=INDEX($A$3:$A$46,MATCH(1,($D$3:$D$46="Python")*($J$3:$J$46=_xlfn.MINIFS($J$3:$J$46,$D$3:$D$46,"Python")),0))} -> P1 | T5: {=INDEX($B$3:$B$46,MATCH(1,($D$3:$D$46="Python")*($J$3:$J$46=_xlfn.MINIFS($J$3:$J$46,$D$3:$D$46,"Python")),0))} -> Normal | U5: {=INDEX($A$3:$A$46,MATCH(1,($D$3:$D$46="Python")*($J$3:$J$46=_xlfn.MAXIFS($J$3:$J$46,$D$3:$D$46,"Python")),0))} -> P2 | V5: {=INDEX($B$3:$B$46,MATCH(1,($D$3:$D$46="Python")*($J$3:$J$46=_xlfn.MAXIFS($J$3:$J$46,$D$3:$D$46,"Python")),0))} -> TBR
A6: P1 | B6: Normal | C6: DeepSeek | D6: Python | E6: Failed | F6: Failed | G6: Failed | H6: Failed | I6: Failed | J6: Failed | K6: Failed | L6: Compiled ok. Wrong output. | N6: {=_xlfn.LET(_xlpm.lang,D6,_xlpm.tempo,J6,_xlpm.ref,_xlfn.XLOOKUP(_xlpm.lang,$D$47:$D$53,$J$47:$J$53,""),IF(OR(_xlpm.tempo="Failed",_xlpm.ref=""),"Not Applicable",IF(_xlpm.tempo>_xlpm.ref,"Bigger",IF(_xlpm.tempo<_xlpm.ref,"Smaller","Equal"))))} -> Not Applicable
A7: P1 | B7: Normal | C7: DeepSeek | D7: Python | E7: Failed | F7: Failed | G7: Failed | H7: Failed | I7: Failed | J7: Failed | K7: Failed | L7: It did not compile. | N7: {=_xlfn.LET(_xlpm.lang,D7,_xlpm.tempo,J7,_xlpm.ref,_xlfn.XLOOKUP(_xlpm.lang,$D$47:$D$53,$J$47:$J$53,""),IF(OR(_xlpm.tempo="Failed",_xlpm.ref=""),"Not Applicable",IF(_xlpm.tempo>_xlpm.ref,"Bigger",IF(_xlpm.tempo<_xlpm.ref,"Smaller","Equal"))))} -> Not Applicable | P7: =COUNTIF(N3:N46, "Smaller") -> 1 | Q7: =COUNTIFS($N$3:$N46, "Smaller", $D$3:$D46, "Python") -> 0
A8: P1 | B8: Normal | C8: Gemini | D8: Python | E8: 366.855 | F8: 371.527 | G8: 367.481 | H8: 365.595 | I8: 367.173 | J8: =AVERAGE(E8:I8) -> 367.7262 | K8: =STDEV(E8:I8) -> 2.2423892 | M8: 366.115 | N8: {=_xlfn.LET(_xlpm.lang,D8,_xlpm.tempo,J8,_xlpm.ref,_xlfn.XLOOKUP(_xlpm.lang,$D$47:$D$53,$J$47:$J$53,""),IF(OR(_xlpm.tempo="Failed",_xlpm.ref=""),"Not Applicable",IF(_xlpm.tempo>_xlpm.ref,"Bigger",IF(_xlpm.tempo<_xlpm.ref,"Smaller","Equal"))))} -> Bigger
A9: P1 | B9: TBR | C9: ChatGPT | D9: C | E9: 74.87 | F9: 76.331 | G9: 77.088 | H9: 74.633 | I9: 77.703 | J9: =AVERAGE(E9:I9) -> 76.125 | K9: =STDEV(E9:I9) -> 1.3473101 | M9: 60.872 | N9: {=_xlfn.LET(_xlpm.lang,D9,_xlpm.tempo,J9,_xlpm.ref,_xlfn.XLOOKUP(_xlpm.lang,$D$47:$D$53,$J$47:$J$53,""),IF(OR(_xlpm.tempo="Failed",_xlpm.ref=""),"Not Applicable",IF(_xlpm.tempo>_xlpm.ref,"Bigger",IF(_xlpm.tempo<_xlpm.ref,"Smaller","Equal"))))} -> Bigger
A10: P1 | B10: TBR | C10: Claude | D10: Python | E10: Failed | F10: Failed | G10: Failed | H10: Failed | I10: Failed | J10: Failed | K10: Failed | L10: Compiled ok. Wrong output. | N10: {=_xlfn.LET(_xlpm.lang,D10,_xlpm.tempo,J10,_xlpm.ref,_xlfn.XLOOKUP(_xlpm.lang,$D$47:$D$53,$J$47:$J$53,""),IF(OR(_xlpm.tempo="Failed",_xlpm.ref=""),"Not Applicable",IF(_xlpm.tempo>_xlpm.ref,"Bigger",IF(_xlpm.tempo<_xlpm.ref,"Smaller","Equal"))))} -> Not Applicable
A11: P1 | B11: TBR | C11: Claude | D11: Python | E11: Failed | F11: Failed | G11: Failed | H11: Failed | I11: Failed | J11: Failed | K11: Failed | L11: Compiled ok. Wrong output. | N11: {=_xlfn.LET(_xlpm.lang,D11,_xlpm.tempo,J11,_xlpm.ref,_xlfn.XLOOKUP(_xlpm.lang,$D$47:$D$53,$J$47:$J$53,""),IF(OR(_xlpm.tempo="Failed",_xlpm.ref=""),"Not Applicable",IF(_xlpm.tempo>_xlpm.ref,"Bigger",IF(_xlpm.tempo<_xlpm.ref,"Smaller","Equal"))))} -> Not Applicable
A12: P1 | B12: TBR | C12: DeepSeek | D12: Python | E12: Failed | F12: Failed | G12: Failed | H12: Failed | I12: Failed | J12: Failed | K12: Failed | L12: Compiled ok. Wrong output. | N12: {=_xlfn.LET(_xlpm.lang,D12,_xlpm.tempo,J12,_xlpm.ref,_xlfn.XLOOKUP(_xlpm.lang,$D$47:$D$53,$J$47:$J$53,""),IF(OR(_xlpm.tempo="Failed",_xlpm.ref=""),"Not Applicable",IF(_xlpm.tempo>_xlpm.ref,"Bigger",IF(_xlpm.tempo<_xlpm.ref,"Smaller","Equal"))))} -> Not Applicable
A13: P1 | B13: TBR | C13: DeepSeek | D13: Python | E13: Failed | F13: Failed | G13: Failed | H13: Failed | I13: Failed | J13: Failed | K13: Failed | L13: Compiled ok. Wrong output. | N13: {=_xlfn.LET(_xlpm.lang,D13,_xlpm.tempo,J13,_xlpm.ref,_xlfn.XLOOKUP(_xlpm.lang,$D$47:$D$53,$J$47:$J$53,""),IF(OR(_xlpm.tempo="Failed",_xlpm.ref=""),"Not Applicable",IF(_xlpm.tempo>_xlpm.ref,"Bigger",IF(_xlpm.tempo<_xlpm.ref,"Smaller","Equal"))))} -> Not Applicable
A14: P1 | B14: TBR | C14: Gemini | D14: Python | E14: 614.345 | F14: 629.687 | G14: 654.186 | H14: 612.832 | I14: 609.238 | J14: =AVERAGE(E14:I14) -> 624.0576 | K14: =STDEV(E14:I14) -> 18.570002 | N14: {=_xlfn.LET(_xlpm.lang,D14,_xlpm.tempo,J14,_xlpm.ref,_xlfn.XLOOKUP(_xlpm.lang,$D$47:$D$53,$J$47:$J$53,""),IF(OR(_xlpm.tempo="Failed",_xlpm.ref=""),"Not Applicable",IF(_xlpm.tempo>_xlpm.ref,"Bigger",IF(_xlpm.tempo<_xlpm.ref,"Smaller","Equal"))))} -> Bigger
A15: P2 | B15: Normal | C15: ChatGPT | D15: No Code | E15: Failed | F15: Failed | G15: Failed | H15: Failed | I15: Failed | J15: Failed | K15: Failed | L15: No Code | N15: {=_xlfn.LET(_xlpm.lang,D15,_xlpm.tempo,J15,_xlpm.ref,_xlfn.XLOOKUP(_xlpm.lang,$D$47:$D$53,$J$47:$J$53,""),IF(OR(_xlpm.tempo="Failed",_xlpm.ref=""),"Not Applicable",IF(_xlpm.tempo>_xlpm.ref,"Bigger",IF(_xlpm.tempo<_xlpm.ref,"Smaller","Equal"))))} -> Not Applicable
A16: P2 | B16: Normal | C16: Claude | D16: Python | E16: Failed | F16: Failed | G16: Failed | H16: Failed | I16: Failed | J16: Failed | K16: Failed | L16: Compiled ok. Wrong output. | N16: {=_xlfn.LET(_xlpm.lang,D16,_xlpm.tempo,J16,_xlpm.ref,_xlfn.XLOOKUP(_xlpm.lang,$D$47:$D$53,$J$47:$J$53,""),IF(OR(_xlpm.tempo="Failed",_xlpm.ref=""),"Not Applicable",IF(_xlpm.tempo>_xlpm.ref,"Bigger",IF(_xlpm.tempo<_xlpm.ref,"Smaller","Equal"))))} -> Not Applicable
A17: P2 | B17: Normal | C17: Claude | D17: C | E17: Failed | F17: Failed | G17: Failed | H17: Failed | I17: Failed | J17: Failed | K17: Failed | L17: Compiled ok. Wrong output. | N17: {=_xlfn.LET(_xlpm.lang,D17,_xlpm.tempo,J17,_xlpm.ref,_xlfn.XLOOKUP(_xlpm.lang,$D$47:$D$53,$J$47:$J$53,""),IF(OR(_xlpm.tempo="Failed",_xlpm.ref=""),"Not Applicable",IF(_xlpm.tempo>_xlpm.ref,"Bigger",IF(_xlpm.tempo<_xlpm.ref,"Smaller","Equal"))))} -> Not Applicable
A18: P2 | B18: Normal | C18: DeepSeek | D18: Python | E18: Failed | F18: Failed | G18: Failed | H18: Failed | I18: Failed | J18: Failed | K18: Failed | L18: It did not compile. | N18: {=_xlfn.LET(_xlpm.lang,D18,_xlpm.tempo,J18,_xlpm.ref,_xlfn.XLOOKUP(_xlpm.lang,$D$47:$D$53,$J$47:$J$53,""),IF(OR(_xlpm.tempo="Failed",_xlpm.ref=""),"Not Applicable",IF(_xlpm.tempo>_xlpm.ref,"Bigger",IF(_xlpm.tempo<_xlpm.ref,"Smaller","Equal"))))} -> Not Applicable
A19: P2 | B19: Normal | C19: Gemini | D19: Go | E19: 9.663 | F19: 9.576 | G19: 9.533 | H19: 9.552 | I19: 9.518 | J19: =AVERAGE(E19:I19) -> 9.5684 | K19: =STDEV(E19:I19) -> 0.057160301 | N19: {=_xlfn.LET(_xlpm.lang,D19,_xlpm.tempo,J19,_xlpm.ref,_xlfn.XLOOKUP(_xlpm.lang,$D$47:$D$53,$J$47:$J$53,""),IF(OR(_xlpm.tempo="Failed",_xlpm.ref=""),"Not Applicable",IF(_xlpm.tempo>_xlpm.ref,"Bigger",IF(_xlpm.tempo<_xlpm.ref,"Smaller","Equal"))))} -> Bigger
A20: P2 | B20: TBR | C20: ChatGPT | D20: C | E20: Failed | F20: Failed | G20: Failed | H20: Failed | I20: Failed | J20: Failed | K20: Failed | L20: It did not compile. | N20: {=_xlfn.LET(_xlpm.lang,D20,_xlpm.tempo,J20,_xlpm.ref,_xlfn.XLOOKUP(_xlpm.lang,$D$47:$D$53,$J$47:$J$53,""),IF(OR(_xlpm.tempo="Failed",_xlpm.ref=""),"Not Applicable",IF(_xlpm.tempo>_xlpm.ref,"Bigger",IF(_xlpm.tempo<_xlpm.ref,"Smaller","Equal"))))} -> Not Applicable
A21: P2 | B21: TBR | C21: Claude | D21: Python | E21: Failed | F21: Failed | G21: Failed | H21: Failed | I21: Failed | J21: Failed | K21: Failed | L21: Compiled ok. Wrong output. | N21: {=_xlfn.LET(_xlpm.lang,D21,_xlpm.tempo,J21,_xlpm.ref,_xlfn.XLOOKUP(_xlpm.lang,$D$47:$D$53,$J$47:$J$53,""),IF(OR(_xlpm.tempo="Failed",_xlpm.ref=""),"Not Applicable",IF(_xlpm.tempo>_xlpm.ref,"Bigger",IF(_xlpm.tempo<_xlpm.ref,"Smaller","Equal"))))} -> Not Applicable
A22: P2 | B22: TBR | C22: Claude | D22: C | E22: 77.384 | F22: 77.91 | G22: 77.662 | H22: 76.236 | I22: 77.88 | J22: =AVERAGE(E22:I22) -> 77.4144 | K22: =STDEV(E22:I22) -> 0.69160307 | N22: {=_xlfn.LET(_xlpm.lang,D22,_xlpm.tempo,J22,_xlpm.ref,_xlfn.XLOOKUP(_xlpm.lang,$D$47:$D$53,$J$47:$J$53,""),IF(OR(_xlpm.tempo="Failed",_xlpm.ref=""),"Not Applicable",IF(_xlpm.tempo>_xlpm.ref,"Bigger",IF(_xlpm.tempo<_xlpm.ref,"Smaller","Equal"))))} -> Bigger
A23: P2 | B23: TBR | C23: DeepSeek | D23: Python | E23: Failed | F23: Failed | G23: Failed | H23: Failed | I23: Failed | J23: Failed | K23: Failed | L23: It did not compile. | N23: {=_xlfn.LET(_xlpm.lang,D23,_xlpm.tempo,J23,_xlpm.ref,_xlfn.XLOOKUP(_xlpm.lang,$D$47:$D$53,$J$47:$J$53,""),IF(OR(_xlpm.tempo="Failed",_xlpm.ref=""),"Not Applicable",IF(_xlpm.tempo>_xlpm.ref,"Bigger",IF(_xlpm.tempo<_xlpm.ref,"Smaller","Equal"))))} -> Not Applicable
A24: P2 | B24: TBR | C24: DeepSeek | D24: Python | E24: 2644.8 | F24: 2630.201 | G24: 2641.199 | H24: 2611.84 | I24: 2632.959 | J24: =AVERAGE(E24:I24) -> 2632.1998 | K24: =STDEV(E24:I24) -> 12.833975 | M24: 2702.568 | N24: {=_xlfn.LET(_xlpm.lang,D24,_xlpm.tempo,J24,_xlpm.ref,_xlfn.XLOOKUP(_xlpm.lang,$D$47:$D$53,$J$47:$J$53,""),IF(OR(_xlpm.tempo="Failed",_xlpm.ref=""),"Not Applicable",IF(_xlpm.tempo>_xlpm.ref,"Bigger",IF(_xlpm.tempo<_xlpm.ref,"Smaller","Equal"))))} -> Bigger
A25: P2 | B25: TBR | C25: Gemini | D25: Go | E25: 6.759 | F25: 6.719 | G25: 6.648 | H25: 6.622 | I25: 6.616 | J25: =AVERAGE(E25:I25) -> 6.6728 | K25: =STDEV(E25:I25) -> 0.063219459 | N25: {=_xlfn.LET(_xlpm.lang,D25,_xlpm.tempo,J25,_xlpm.ref,_xlfn.XLOOKUP(_xlpm.lang,$D$47:$D$53,$J$47:$J$53,""),IF(OR(_xlpm.tempo="Failed",_xlpm.ref=""),"Not Applicable",IF(_xlpm.tempo>_xlpm.ref,"Bigger",IF(_xlpm.tempo<_xlpm.ref,"Smaller","Equal"))))} -> Smaller
A26: P3 | B26: Normal | C26: ChatGPT | D26: C | E26: Failed | F26: Failed | G26: Failed | H26: Failed | I26: Failed | J26: Failed | K26: Failed | L26: Compiled ok. Wrong output. | N26: {=_xlfn.LET(_xlpm.lang,D26,_xlpm.tempo,J26,_xlpm.ref,_xlfn.XLOOKUP(_xlpm.lang,$D$47:$D$53,$J$47:$J$53,""),IF(OR(_xlpm.tempo="Failed",_xlpm.ref=""),"Not Applicable",IF(_xlpm.tempo>_xlpm.ref,"Bigger",IF(_xlpm.tempo<_xlpm.ref,"Smaller","Equal"))))} -> Not Applicable
A27: P3 | B27: Normal | C27: Claude | D27: Python | E27: Failed | F27: Failed | G27: Failed | H27: Failed | I27: Failed | J27: Failed | K27: Failed | L27: It did not compile. | N27: {=_xlfn.LET(_xlpm.lang,D27,_xlpm.tempo,J27,_xlpm.ref,_xlfn.XLOOKUP(_xlpm.lang,$D$47:$D$53,$J$47:$J$53,""),IF(OR(_xlpm.tempo="Failed",_xlpm.ref=""),"Not Applicable",IF(_xlpm.tempo>_xlpm.ref,"Bigger",IF(_xlpm.tempo<_xlpm.ref,"Smaller","Equal"))))} -> Not Applicable
A28: P3 | B28: Normal | C28: Claude | D28: C | E28: Failed | F28: Failed | G28: Failed | H28: Failed | I28: Failed | J28: Failed | K28: Failed | L28: Compiled ok. Wrong output. | N28: {=_xlfn.LET(_xlpm.lang,D28,_xlpm.tempo,J28,_xlpm.ref,_xlfn.XLOOKUP(_xlpm.lang,$D$47:$D$53,$J$47:$J$53,""),IF(OR(_xlpm.tempo="Failed",_xlpm.ref=""),"Not Applicable",IF(_xlpm.tempo>_xlpm.ref,"Bigger",IF(_xlpm.tempo<_xlpm.ref,"Smaller","Equal"))))} -> Not Applicable
A29: P3 | B29: Normal | C29: DeepSeek | D29: Python | E29: Failed | F29: Failed | G29: Failed | H29: Failed | I29: Failed | J29: Failed | K29: Failed | L29: Compiled ok. Wrong output. | N29: {=_xlfn.LET(_xlpm.lang,D29,_xlpm.tempo,J29,_xlpm.ref,_xlfn.XLOOKUP(_xlpm.lang,$D$47:$D$53,$J$47:$J$53,""),IF(OR(_xlpm.tempo="Failed",_xlpm.ref=""),"Not Applicable",IF(_xlpm.tempo>_xlpm.ref,"Bigger",IF(_xlpm.tempo<_xlpm.ref,"Smaller","Equal"))))} -> Not Applicable
A30: P3 | B30: Normal | C30: DeepSeek | D30: C | E30: Failed | F30: Failed | G30: Failed | H30: Failed | I30: Failed | J30: Failed | K30: Failed | L30: Compiled ok. Wrong output. | N30: {=_xlfn.LET(_xlpm.lang,D30,_xlpm.tempo,J30,_xlpm.ref,_xlfn.XLOOKUP(_xlpm.lang,$D$47:$D$53,$J$47:$J$53,""),IF(OR(_xlpm.tempo="Failed",_xlpm.ref=""),"Not Applicable",IF(_xlpm.tempo>_xlpm.ref,"Bigger",IF(_xlpm.tempo<_xlpm.ref,"Smaller","Equal"))))} -> Not Applicable
A31: P3 | B31: Normal | C31: Gemini | D31: C++ | E31: 534.662 | F31: 536.222 | G31: 534.022 | H31: 632.858 | I31: 535.258 | J31: =AVERAGE(E31:I31) -> 554.6044 | K31: =STDEV(E31:I31) -> 43.752589 | N31: {=_xlfn.LET(_xlpm.lang,D31,_xlpm.tempo,J31,_xlpm.ref,_xlfn.XLOOKUP(_xlpm.lang,$D$47:$D$53,$J$47:$J$53,""),IF(OR(_xlpm.tempo="Failed",_xlpm.ref=""),"Not Applicable",IF(_xlpm.tempo>_xlpm.ref,"Bigger",IF(_xlpm.tempo<_xlpm.ref,"Smaller","Equal"))))} -> Bigger
A32: P3 | B32: TBR | C32: ChatGPT | D32: C | E32: Failed | F32: Failed | G32: Failed | H32: Failed | I32: Failed | J32: Failed | K32: Failed | L32: Compiled ok. Wrong output. | N32: {=_xlfn.LET(_xlpm.lang,D32,_xlpm.tempo,J32,_xlpm.ref,_xlfn.XLOOKUP(_xlpm.lang,$D$47:$D$53,$J$47:$J$53,""),IF(OR(_xlpm.tempo="Failed",_xlpm.ref=""),"Not Applicable",IF(_xlpm.tempo>_xlpm.ref,"Bigger",IF(_xlpm.tempo<_xlpm.ref,"Smaller","Equal"))))} -> Not Applicable
A33: P3 | B33: TBR | C33: Claude | D33: C | E33: Failed | F33: Failed | G33: Failed | H33: Failed | I33: Failed | J33: Failed | K33: Failed | L33: Compiled ok. Wrong output. | N33: {=_xlfn.LET(_xlpm.lang,D33,_xlpm.tempo,J33,_xlpm.ref,_xlfn.XLOOKUP(_xlpm.lang,$D$47:$D$53,$J$47:$J$53,""),IF(OR(_xlpm.tempo="Failed",_xlpm.ref=""),"Not Applicable",IF(_xlpm.tempo>_xlpm.ref,"Bigger",IF(_xlpm.tempo<_xlpm.ref,"Smaller","Equal"))))} -> Not Applicable
A34: P3 | B34: TBR | C34: DeepSeek | D34: C++ | E34: Failed | F34: Failed | G34: Failed | H34: Failed | I34: Failed | J34: Failed | K34: Failed | L34: Compiled ok. Wrong output. | N34: {=_xlfn.LET(_xlpm.lang,D34,_xlpm.tempo,J34,_xlpm.ref,_xlfn.XLOOKUP(_xlpm.lang,$D$47:$D$53,$J$47:$J$53,""),IF(OR(_xlpm.tempo="Failed",_xlpm.ref=""),"Not Applicable",IF(_xlpm.tempo>_xlpm.ref,"Bigger",IF(_xlpm.tempo<_xlpm.ref,"Smaller","Equal"))))} -> Not Applicable
A35: P3 | B35: TBR | C35: DeepSeek | D35: C++ | E35: Failed | F35: Failed | G35: Failed | H35: Failed | I35: Failed | J35: Failed | K35: Failed | L35: Compiled ok. Wrong output. | N35: {=_xlfn.LET(_xlpm.lang,D35,_xlpm.tempo,J35,_xlpm.ref,_xlfn.XLOOKUP(_xlpm.lang,$D$47:$D$53,$J$47:$J$53,""),IF(OR(_xlpm.tempo="Failed",_xlpm.ref=""),"Not Applicable",IF(_xlpm.tempo>_xlpm.ref,"Bigger",IF(_xlpm.tempo<_xlpm.ref,"Smaller","Equal"))))} -> Not Applicable
A36: P3 | B36: TBR | C36: Gemini | D36: C++ | E36: 46.986 | F36: 47.223 | G36: 47.417 | H36: 47.566 | I36: 47.57 | J36: =AVERAGE(E36:I36) -> 47.3524 | K36: =STDEV(E36:I36) -> 0.24906887 | N36: {=_xlfn.LET(_xlpm.lang,D36,_xlpm.tempo,J36,_xlpm.ref,_xlfn.XLOOKUP(_xlpm.lang,$D$47:$D$53,$J$47:$J$53,""),IF(OR(_xlpm.tempo="Failed",_xlpm.ref=""),"Not Applicable",IF(_xlpm.tempo>_xlpm.ref,"Bigger",IF(_xlpm.tempo<_xlpm.ref,"Smaller","Equal"))))} -> Bigger
A37: P4 | B37: Normal | C37: ChatGPT | D37: C | E37: Failed | F37: Failed | G37: Failed | H37: Failed | I37: Failed | J37: Failed | K37: Failed | L37: Compiled ok. Wrong output. | N37: {=_xlfn.LET(_xlpm.lang,D37,_xlpm.tempo,J37,_xlpm.ref,_xlfn.XLOOKUP(_xlpm.lang,$D$47:$D$53,$J$47:$J$53,""),IF(OR(_xlpm.tempo="Failed",_xlpm.ref=""),"Not Applicable",IF(_xlpm.tempo>_xlpm.ref,"Bigger",IF(_xlpm.tempo<_xlpm.ref,"Smaller","Equal"))))} -> Not Applicable
A38: P4 | B38: Normal | C38: Claude | D38: Python | E38: Failed | F38: Failed | G38: Failed | H38: Failed | I38: Failed | J38: Failed | K38: Failed | L38: Compiled ok. Wrong output. | N38: {=_xlfn.LET(_xlpm.lang,D38,_xlpm.tempo,J38,_xlpm.ref,_xlfn.XLOOKUP(_xlpm.lang,$D$47:$D$53,$J$47:$J$53,""),IF(OR(_xlpm.tempo="Failed",_xlpm.ref=""),"Not Applicable",IF(_xlpm.tempo>_xlpm.ref,"Bigger",IF(_xlpm.tempo<_xlpm.ref,"Smaller","Equal"))))} -> Not Applicable
A39: P4 | B39: Normal | C39: DeepSeek | D39: Python | E39: Failed | F39: Failed | G39: Failed | H39: Failed | I39: Failed | J39: Failed | K39: Failed | L39: Compiled ok. Wrong output. | N39: {=_xlfn.LET(_xlpm.lang,D39,_xlpm.tempo,J39,_xlpm.ref,_xlfn.XLOOKUP(_xlpm.lang,$D$47:$D$53,$J$47:$J$53,""),IF(OR(_xlpm.tempo="Failed",_xlpm.ref=""),"Not Applicable",IF(_xlpm.tempo>_xlpm.ref,"Bigger",IF(_xlpm.tempo<_xlpm.ref,"Smaller","Equal"))))} -> Not Applicable
A40: P4 | B40: Normal | C40: DeepSeek | D40: Python | E40: Failed | F40: Failed | G40: Failed | H40: Failed | I40: Failed | J40: Failed | K40: Failed | L40: Compiled ok. Wrong output. | N40: {=_xlfn.LET(_xlpm.lang,D40,_xlpm.tempo,J40,_xlpm.ref,_xlfn.XLOOKUP(_xlpm.lang,$D$47:$D$53,$J$47:$J$53,""),IF(OR(_xlpm.tempo="Failed",_xlpm.ref=""),"Not Applicable",IF(_xlpm.tempo>_xlpm.ref,"Bigger",IF(_xlpm.tempo<_xlpm.ref,"Smaller","Equal"))))} -> Not Applicable
A41: P4 | B41: Normal | C41: Gemini | D41: Go | E41: Failed | F41: Failed | G41: Failed | H41: Failed | I41: Failed | J41: Failed | K41: Failed | L41: Compiled ok. Wrong output. | N41: {=_xlfn.LET(_xlpm.lang,D41,_xlpm.tempo,J41,_xlpm.ref,_xlfn.XLOOKUP(_xlpm.lang,$D$47:$D$53,$J$47:$J$53,""),IF(OR(_xlpm.tempo="Failed",_xlpm.ref=""),"Not Applicable",IF(_xlpm.tempo>_xlpm.ref,"Bigger",IF(_xlpm.tempo<_xlpm.ref,"Smaller","Equal"))))} -> Not Applicable
A42: P4 | B42: TBR | C42: ChatGPT | D42: C | E42: Failed | F42: Failed | G42: Failed | H42: Failed | I42: Failed | J42: Failed | K42: Failed | L42: Compiled ok. Wrong output. | N42: {=_xlfn.LET(_xlpm.lang,D42,_xlpm.tempo,J42,_xlpm.ref,_xlfn.XLOOKUP(_xlpm.lang,$D$47:$D$53,$J$47:$J$53,""),IF(OR(_xlpm.tempo="Failed",_xlpm.ref=""),"Not Applicable",IF(_xlpm.tempo>_xlpm.ref,"Bigger",IF(_xlpm.tempo<_xlpm.ref,"Smaller","Equal"))))} -> Not Applicable
A43: P4 | B43: TBR | C43: Claude | D43: C | E43: Failed | F43: Failed | G43: Failed | H43: Failed | I43: Failed | J43: Failed | K43: Failed | L43: Compiled ok. Wrong output. | N43: {=_xlfn.LET(_xlpm.lang,D43,_xlpm.tempo,J43,_xlpm.ref,_xlfn.XLOOKUP(_xlpm.lang,$D$47:$D$53,$J$47:$J$53,""),IF(OR(_xlpm.tempo="Failed",_xlpm.ref=""),"Not Applicable",IF(_xlpm.tempo>_xlpm.ref,"Bigger",IF(_xlpm.tempo<_xlpm.ref,"Smaller","Equal"))))} -> Not Applicable
A44: P4 | B44: TBR | C44: Claude | D44: Python | E44: Failed | F44: Failed | G44: Failed | H44: Failed | I44: Failed | J44: Failed | K44: Failed | L44: Compiled ok. Wrong output. | N44: {=_xlfn.LET(_xlpm.lang,D44,_xlpm.tempo,J44,_xlpm.ref,_xlfn.XLOOKUP(_xlpm.lang,$D$47:$D$53,$J$47:$J$53,""),IF(OR(_xlpm.tempo="Failed",_xlpm.ref=""),"Not Applicable",IF(_xlpm.tempo>_xlpm.ref,"Bigger",IF(_xlpm.tempo<_xlpm.ref,"Smaller","Equal"))))} -> Not Applicable
A45: P4 | B45: TBR | C45: DeepSeek | D45: Python | E45: Failed | F45: Failed | G45: Failed | H45: Failed | I45: Failed | J45: Failed | K45: Failed | L45: Compiled ok. Wrong output. | N45: {=_xlfn.LET(_xlpm.lang,D45,_xlpm.tempo,J45,_xlpm.ref,_xlfn.XLOOKUP(_xlpm.lang,$D$47:$D$53,$J$47:$J$53,""),IF(OR(_xlpm.tempo="Failed",_xlpm.ref=""),"Not Applicable",IF(_xlpm.tempo>_xlpm.ref,"Bigger",IF(_xlpm.tempo<_xlpm.ref,"Smaller","Equal"))))} -> Not Applicable
A46: P4 | B46: TBR | C46: Gemini | D46: Go | E46: 420.044 | F46: 360.97 | G46: 360.959 | H46: 360.966 | I46: 360.957 | J46: =AVERAGE(E46:I46) -> 372.7792 | K46: =STDEV(E46:I46) -> 26.421827 | N46: {=_xlfn.LET(_xlpm.lang,D46,_xlpm.tempo,J46,_xlpm.ref,_xlfn.XLOOKUP(_xlpm.lang,$D$47:$D$53,$J$47:$J$53,""),IF(OR(_xlpm.tempo="Failed",_xlpm.ref=""),"Not Applicable",IF(_xlpm.tempo>_xlpm.ref,"Bigger",IF(_xlpm.tempo<_xlpm.ref,"Smaller","Equal"))))} -> Bigger
D47: Python | E47: 283.685 | F47: 285.937 | G47: 286.929 | H47: 282.525 | I47: 286.473 | J47: =AVERAGE(E47:I47) -> 285.1098 | K47: =STDEV(E47:I47) -> 1.9080952
D48: Python -OO | E48: 285.672 | F48: 283.805 | G48: 282.058 | H48: 283.891 | I48: 282.432 | J48: =AVERAGE(E48:I48) -> 283.5716 | K48: =STDEV(E48:I48) -> 1.4280971
D49: C | E49: 11.462 | F49: 11.857 | G49: 11.689 | H49: 11.432 | I49: 12.187 | J49: =AVERAGE(E49:I49) -> 11.7254 | K49: =STDEV(E49:I49) -> 0.31111943
D50: C-O3 | E50: 1.785 | F50: 1.745 | G50: 1.869 | H50: 1.752 | I50: 1.753 | J50: =AVERAGE(E50:I50) -> 1.7808 | K50: =STDEV(E50:I50) -> 0.051673978
D51: C++ | E51: 6.716 | F51: 6.698 | G51: 7.156 | H51: 7.053 | I51: 6.31 | J51: =AVERAGE(E51:I51) -> 6.7866 | K51: =STDEV(E51:I51) -> 0.33444252
D52: C++ -O3 | E52: 1.983 | F52: 1.985 | G52: 2.016 | H52: 1.993 | I52: 2.104 | J52: =AVERAGE(E52:I52) -> 2.0162 | K52: =STDEV(E52:I52) -> 0.050800591
D53: Go | E53: az | F53: 6.834 | G53: 6.884 | H53: 6.958 | I53: 6.958 | J53: =AVERAGE(E53:I53) -> 6.9085 | K53: =STDEV(E53:I53) -> 0.060693218
N54: =COUNTIF(N$3:$O46,"Smaller") -> 1

Sheet k-nucleotide
A1: PROMPT | B1: SEARCH TYPE | C1: AI TOOL | D1: P. L. | E1: RUNTIME | L1: OUTPUT COMMENT | M1: OPTMIZATION FLAG
E2: M1 | F2: M2 | G2: M3 | H2: M4 | I2: M5 | J2: AVG | K2: STD | M2: AVG
A3: P1 | B3: Normal | C3: ChatGPT | D3: Rust | E3: 171.032 | F3: 173.865 | G3: 171.149 | H3: 173.208 | I3: 173.083 | J3: =AVERAGE(E3:I3) -> 172.4674 | K3: =STDEV(E3:I3) -> 1.292216 | N3: {=_xlfn.LET(_xlpm.lang,$D3,_xlpm.tempo,$J3,_xlpm.ref,_xlfn.XLOOKUP(_xlpm.lang,$D$38:$D$44,$J$38:$J$44,""),IF(OR(_xlpm.tempo="Failed",_xlpm.ref=""),"Not Applicable",IF(_xlpm.tempo>_xlpm.ref,"Bigger",IF(_xlpm.tempo<_xlpm.ref,"Smaller","Equal"))))} -> Not Applicable | Q3: MIN | R3: MAX | S3: PROMPT (MIN) | T3: SEARCH TYPE (MIN) | U3: PROMPT (MAX) | V3: SEARCH TYPE (MAX)
A4: P1 | B4: Normal | C4: Claude | D4: Python | E4: 414.154 | F4: 414.592 | G4: 412.264 | H4: 414.928 | I4: 425.683 | J4: =AVERAGE(E4:I4) -> 416.3242 | K4: =STDEV(E4:I4) -> 5.3322608 | N4: {=_xlfn.LET(_xlpm.lang,$D4,_xlpm.tempo,$J4,_xlpm.ref,_xlfn.XLOOKUP(_xlpm.lang,$D$38:$D$44,$J$38:$J$44,""),IF(OR(_xlpm.tempo="Failed",_xlpm.ref=""),"Not Applicable",IF(_xlpm.tempo>_xlpm.ref,"Bigger",IF(_xlpm.tempo<_xlpm.ref,"Smaller","Equal"))))} -> Bigger | P4: C | Q4: =_xlfn.MINIFS($J$3:$J$37,$D$3:$D$37,"C") -> 0 | R4: =_xlfn.MAXIFS($J$3:$J$37,$D$3:$D$37,"C") -> 0 | S4: {=INDEX($A$3:$A$37,MATCH(1,($D$3:$D$37="C")*($J$3:$J$37=_xlfn.MINIFS($J$3:$J$37,$D$3:$D$37,"C")),0))} -> #N/A | T4: {=INDEX($B$3:$B$37,MATCH(1,($D$3:$D$37="C")*($J$3:$J$37=_xlfn.MINIFS($J$3:$J$37,$D$3:$D$37,"C")),0))} -> #N/A | U4: {=INDEX($A$3:$A$37,MATCH(1,($D$3:$D$37="C")*($J$3:$J$37=_xlfn.MAXIFS($J$3:$J$37,$D$3:$D$37,"C")),0))} -> #N/A | V4: {=INDEX($B$3:$B$37,MATCH(1,($D$3:$D$37="C")*($J$3:$J$37=_xlfn.MAXIFS($J$3:$J$37,$D$3:$D$37,"C")),0))} -> #N/A
A5: P1 | B5: Normal | C5: DeepSeek | D5: Python | E5: 216.67 | F5: 219.14 | G5: 219.582 | H5: 218.039 | I5: 215.917 | J5: =AVERAGE(E5:I5) -> 217.8696 | K5: =STDEV(E5:I5) -> 1.5673715 | N5: {=_xlfn.LET(_xlpm.lang,$D5,_xlpm.tempo,$J5,_xlpm.ref,_xlfn.XLOOKUP(_xlpm.lang,$D$38:$D$44,$J$38:$J$44,""),IF(OR(_xlpm.tempo="Failed",_xlpm.ref=""),"Not Applicable",IF(_xlpm.tempo>_xlpm.ref,"Bigger",IF(_xlpm.tempo<_xlpm.ref,"Smaller","Equal"))))} -> Bigger | P5: Go | Q5: =_xlfn.MINIFS($J$3:$J$37,$D$3:$D$37,"Go") -> 11.6342 | R5: =_xlfn.MAXIFS($J$3:$J$37,$D$3:$D$37,"Go") -> 25.9724 | S5: {=INDEX($A$3:$A$37,MATCH(1,($D$3:$D$37="Go")*($J$3:$J$37=_xlfn.MINIFS($J$3:$J$37,$D$3:$D$37,"Go")),0))} -> P4 | T5: {=INDEX($B$3:$B$37,MATCH(1,($D$3:$D$37="Go")*($J$3:$J$37=_xlfn.MINIFS($J$3:$J$37,$D$3:$D$37,"Go")),0))} -> Normal | U5: {=INDEX($A$3:$A$37,MATCH(1,($D$3:$D$37="Go")*($J$3:$J$37=_xlfn.MAXIFS($J$3:$J$37,$D$3:$D$37,"Go")),0))} -> P4 | V5: {=INDEX($B$3:$B$37,MATCH(1,($D$3:$D$37="Go")*($J$3:$J$37=_xlfn.MAXIFS($J$3:$J$37,$D$3:$D$37,"Go")),0))} -> Normal
A6: P1 | B6: Normal | C6: DeepSeek | D6: Python | E6: 289.506 | F6: 288.814 | G6: 288.893 | H6: 289.184 | I6: 294.762 | J6: =AVERAGE(E6:I6) -> 290.2318 | K6: =STDEV(E6:I6) -> 2.5470534 | N6: {=_xlfn.LET(_xlpm.lang,$D6,_xlpm.tempo,$J6,_xlpm.ref,_xlfn.XLOOKUP(_xlpm.lang,$D$38:$D$44,$J$38:$J$44,""),IF(OR(_xlpm.tempo="Failed",_xlpm.ref=""),"Not Applicable",IF(_xlpm.tempo>_xlpm.ref,"Bigger",IF(_xlpm.tempo<_xlpm.ref,"Smaller","Equal"))))} -> Bigger | P6: Python | Q6: =_xlfn.MINIFS($J$3:$J$37,$D$3:$D$37,"Python") -> 74.4738 | R6: =_xlfn.MAXIFS($J$3:$J$37,$D$3:$D$37,"Python") -> 470.8828 | S6: {=INDEX($A$3:$A$37,MATCH(1,($D$3:$D$37="Python")*($J$3:$J$37=_xlfn.MINIFS($J$3:$J$37,$D$3:$D$37,"Python")),0))} -> P2 | T6: {=INDEX($B$3:$B$37,MATCH(1,($D$3:$D$37="Python")*($J$3:$J$37=_xlfn.MINIFS($J$3:$J$37,$D$3:$D$37,"Python")),0))} -> TBR | U6: {=INDEX($A$3:$A$37,MATCH(1,($D$3:$D$37="Python")*($J$3:$J$37=_xlfn.MAXIFS($J$3:$J$37,$D$3:$D$37,"Python")),0))} -> P3 | V6: {=INDEX($B$3:$B$37,MATCH(1,($D$3:$D$37="Python")*($J$3:$J$37=_xlfn.MAXIFS($J$3:$J$37,$D$3:$D$37,"Python")),0))} -> TBR
A7: P1 | B7: Normal | C7: Gemini | D7: Python | E7: 76.722 | F7: 75.082 | G7: 73.085 | H7: 77.449 | I7: 77.158 | J7: =AVERAGE(E7:I7) -> 75.8992 | K7: =STDEV(E7:I7) -> 1.8200958 | N7: {=_xlfn.LET(_xlpm.lang,$D7,_xlpm.tempo,$J7,_xlpm.ref,_xlfn.XLOOKUP(_xlpm.lang,$D$38:$D$44,$J$38:$J$44,""),IF(OR(_xlpm.tempo="Failed",_xlpm.ref=""),"Not Applicable",IF(_xlpm.tempo>_xlpm.ref,"Bigger",IF(_xlpm.tempo<_xlpm.ref,"Smaller","Equal"))))} -> Bigger
A8: P1 | B8: TBR | C8: ChatGPT | D8: Rust | E8: 167.525 | F8: 166.324 | G8: 166.828 | H8: 168.829 | I8: 166.457 | J8: =AVERAGE(E8:I8) -> 167.1926 | K8: =STDEV(E8:I8) -> 1.0267426 | N8: {=_xlfn.LET(_xlpm.lang,$D8,_xlpm.tempo,$J8,_xlpm.ref,_xlfn.XLOOKUP(_xlpm.lang,$D$38:$D$44,$J$38:$J$44,""),IF(OR(_xlpm.tempo="Failed",_xlpm.ref=""),"Not Applicable",IF(_xlpm.tempo>_xlpm.ref,"Bigger",IF(_xlpm.tempo<_xlpm.ref,"Smaller","Equal"))))} -> Not Applicable | P8: =COUNTIF(N3:N37, "Smaller") -> 0 | Q8: =COUNTIFS($N$3:$N37, "Smaller", $D$3:$D37, "Python") -> 0
A9: P1 | B9: TBR | C9: Claude | D9: Python | E9: 191.453 | F9: 196.096 | G9: 199.911 | H9: 195.525 | I9: 201.906 | J9: =AVERAGE(E9:I9) -> 196.9782 | K9: =STDEV(E9:I9) -> 4.0713152 | N9: {=_xlfn.LET(_xlpm.lang,$D9,_xlpm.tempo,$J9,_xlpm.ref,_xlfn.XLOOKUP(_xlpm.lang,$D$38:$D$44,$J$38:$J$44,""),IF(OR(_xlpm.tempo="Failed",_xlpm.ref=""),"Not Applicable",IF(_xlpm.tempo>_xlpm.ref,"Bigger",IF(_xlpm.tempo<_xlpm.ref,"Smaller","Equal"))))} -> Bigger
A10: P1 | B10: TBR | C10: DeepSeek | D10: Python | E10: Failed | F10: Failed | G10: Failed | H10: Failed | I10: Failed | J10: Failed | K10: Failed | L10: Compiled ok. Wrong output. | N10: {=_xlfn.LET(_xlpm.lang,$D10,_xlpm.tempo,$J10,_xlpm.ref,_xlfn.XLOOKUP(_xlpm.lang,$D$38:$D$44,$J$38:$J$44,""),IF(OR(_xlpm.tempo="Failed",_xlpm.ref=""),"Not Applicable",IF(_xlpm.tempo>_xlpm.ref,"Bigger",IF(_xlpm.tempo<_xlpm.ref,"Smaller","Equal"))))} -> Not Applicable
A11: P1 | B11: TBR | C11: Gemini | D11: Python | E11: 206.004 | F11: 205.572 | G11: 206.972 | H11: 202.893 | I11: 202.591 | J11: =AVERAGE(E11:I11) -> 204.8064 | K11: =STDEV(E11:I11) -> 1.9544378 | N11: {=_xlfn.LET(_xlpm.lang,$D11,_xlpm.tempo,$J11,_xlpm.ref,_xlfn.XLOOKUP(_xlpm.lang,$D$38:$D$44,$J$38:$J$44,""),IF(OR(_xlpm.tempo="Failed",_xlpm.ref=""),"Not Applicable",IF(_xlpm.tempo>_xlpm.ref,"Bigger",IF(_xlpm.tempo<_xlpm.ref,"Smaller","Equal"))))} -> Bigger
A12: P2 | B12: Normal | C12: ChatGPT | D12: Go | E12: Failed | F12: Failed | G12: Failed | H12: Failed | I12: Failed | J12: Failed | K12: Failed | L12: Compiled ok. Wrong output. | N12: {=_xlfn.LET(_xlpm.lang,$D12,_xlpm.tempo,$J12,_xlpm.ref,_xlfn.XLOOKUP(_xlpm.lang,$D$38:$D$44,$J$38:$J$44,""),IF(OR(_xlpm.tempo="Failed",_xlpm.ref=""),"Not Applicable",IF(_xlpm.tempo>_xlpm.ref,"Bigger",IF(_xlpm.tempo<_xlpm.ref,"Smaller","Equal"))))} -> Not Applicable
A13: P2 | B13: Normal | C13: Claude | D13: Python | E13: 195.02 | F13: 196.116 | G13: 197.259 | H13: 197.073 | I13: 196.042 | J13: =AVERAGE(E13:I13) -> 196.302 | K13: =STDEV(E13:I13) -> 0.90222087 | N13: {=_xlfn.LET(_xlpm.lang,$D13,_xlpm.tempo,$J13,_xlpm.ref,_xlfn.XLOOKUP(_xlpm.lang,$D$38:$D$44,$J$38:$J$44,""),IF(OR(_xlpm.tempo="Failed",_xlpm.ref=""),"Not Applicable",IF(_xlpm.tempo>_xlpm.ref,"Bigger",IF(_xlpm.tempo<_xlpm.ref,"Smaller","Equal"))))} -> Bigger
A14: P2 | B14: Normal | C14: DeepSeek | D14: Python | E14: Failed | F14: Failed | G14: Failed | H14: Failed | I14: Failed | J14: Failed | K14: Failed | L14: Compiled ok. Wrong output. | N14: {=_xlfn.LET(_xlpm.lang,$D14,_xlpm.tempo,$J14,_xlpm.ref,_xlfn.XLOOKUP(_xlpm.lang,$D$38:$D$44,$J$38:$J$44,""),IF(OR(_xlpm.tempo="Failed",_xlpm.ref=""),"Not Applicable",IF(_xlpm.tempo>_xlpm.ref,"Bigger",IF(_xlpm.tempo<_xlpm.ref,"Smaller","Equal"))))} -> Not Applicable
A15: P2 | B15: Normal | C15: Gemini | D15: Go | E15: 21.921 | F15: 22.104 | G15: 21.888 | H15: 22.347 | I15: 22.272 | J15: =AVERAGE(E15:I15) -> 22.1064 | K15: =STDEV(E15:I15) -> 0.20456613 | N15: {=_xlfn.LET(_xlpm.lang,$D15,_xlpm.tempo,$J15,_xlpm.ref,_xlfn.XLOOKUP(_xlpm.lang,$D$38:$D$44,$J$38:$J$44,""),IF(OR(_xlpm.tempo="Failed",_xlpm.ref=""),"Not Applicable",IF(_xlpm.tempo>_xlpm.ref,"Bigger",IF(_xlpm.tempo<_xlpm.ref,"Smaller","Equal"))))} -> Bigger
A16: P2 | B16: TBR | C16: ChatGPT | D16: Go | E16: Failed | F16: Failed | G16: Failed | H16: Failed | I16: Failed | J16: Failed | K16: Failed | L16: Compiled ok. Wrong output. | N16: {=_xlfn.LET(_xlpm.lang,$D16,_xlpm.tempo,$J16,_xlpm.ref,_xlfn.XLOOKUP(_xlpm.lang,$D$38:$D$44,$J$38:$J$44,""),IF(OR(_xlpm.tempo="Failed",_xlpm.ref=""),"Not Applicable",IF(_xlpm.tempo>_xlpm.ref,"Bigger",IF(_xlpm.tempo<_xlpm.ref,"Smaller","Equal"))))} -> Not Applicable
A17: P2 | B17: TBR | C17: Claude | D17: Python | E17: 197.938 | F17: 198.487 | G17: 197.087 | H17: 199.369 | I17: 198.158 | J17: =AVERAGE(E17:I17) -> 198.2078 | K17: =STDEV(E17:I17) -> 0.83033168 | N17: {=_xlfn.LET(_xlpm.lang,$D17,_xlpm.tempo,$J17,_xlpm.ref,_xlfn.XLOOKUP(_xlpm.lang,$D$38:$D$44,$J$38:$J$44,""),IF(OR(_xlpm.tempo="Failed",_xlpm.ref=""),"Not Applicable",IF(_xlpm.tempo>_xlpm.ref,"Bigger",IF(_xlpm.tempo<_xlpm.ref,"Smaller","Equal"))))} -> Bigger
A18: P2 | B18: TBR | C18: DeepSeek | D18: Python | E18: Failed | F18: Failed | G18: Failed | H18: Failed | I18: Failed | J18: Failed | K18: Failed | L18: Compiled ok. Wrong output. | N18: {=_xlfn.LET(_xlpm.lang,$D18,_xlpm.tempo,$J18,_xlpm.ref,_xlfn.XLOOKUP(_xlpm.lang,$D$38:$D$44,$J$38:$J$44,""),IF(OR(_xlpm.tempo="Failed",_xlpm.ref=""),"Not Applicable",IF(_xlpm.tempo>_xlpm.ref,"Bigger",IF(_xlpm.tempo<_xlpm.ref,"Smaller","Equal"))))} -> Not Applicable
A19: P2 | B19: TBR | C19: DeepSeek | D19: Bash (.sh) | E19: Failed | F19: Failed | G19: Failed | H19: Failed | I19: Failed | J19: Failed | K19: Failed | L19: Compiled ok. Wrong output. | N19: {=_xlfn.LET(_xlpm.lang,$D19,_xlpm.tempo,$J19,_xlpm.ref,_xlfn.XLOOKUP(_xlpm.lang,$D$38:$D$44,$J$38:$J$44,""),IF(OR(_xlpm.tempo="Failed",_xlpm.ref=""),"Not Applicable",IF(_xlpm.tempo>_xlpm.ref,"Bigger",IF(_xlpm.tempo<_xlpm.ref,"Smaller","Equal"))))} -> Not Applicable
A20: P2 | B20: TBR | C20: Gemini | D20: Python | E20: 71.213 | F20: 75.967 | G20: 76.957 | H20: 72.202 | I20: 76.03 | J20: =AVERAGE(E20:I20) -> 74.4738 | K20: =STDEV(E20:I20) -> 2.5793206 | M20: 74.469 | N20: {=_xlfn.LET(_xlpm.lang,$D20,_xlpm.tempo,$J20,_xlpm.ref,_xlfn.XLOOKUP(_xlpm.lang,$D$38:$D$44,$J$38:$J$44,""),IF(OR(_xlpm.tempo="Failed",_xlpm.ref=""),"Not Applicable",IF(_xlpm.tempo>_xlpm.ref,"Bigger",IF(_xlpm.tempo<_xlpm.ref,"Smaller","Equal"))))} -> Bigger
A21: P3 | B21: Normal | C21: ChatGPT | D21: Python | E21: 78.229 | F21: 77.534 | G21: 80.291 | H21: 77.722 | I21: 79.438 | J21: =AVERAGE(E21:I21) -> 78.6428 | K21: =STDEV(E21:I21) -> 1.1829462 | N21: {=_xlfn.LET(_xlpm.lang,$D21,_xlpm.tempo,$J21,_xlpm.ref,_xlfn.XLOOKUP(_xlpm.lang,$D$38:$D$44,$J$38:$J$44,""),IF(OR(_xlpm.tempo="Failed",_xlpm.ref=""),"Not Applicable",IF(_xlpm.tempo>_xlpm.ref,"Bigger",IF(_xlpm.tempo<_xlpm.ref,"Smaller","Equal"))))} -> Bigger
A22: P3 | B22: Normal | C22: Claude | D22: Python | E22: 78.529 | F22: 75.785 | G22: 78.535 | H22: 78.086 | I22: 73.752 | J22: =AVERAGE(E22:I22) -> 76.9374 | K22: =STDEV(E22:I22) -> 2.1142136 | M22: 202.957 | N22: {=_xlfn.LET(_xlpm.lang,$D22,_xlpm.tempo,$J22,_xlpm.ref,_xlfn.XLOOKUP(_xlpm.lang,$D$38:$D$44,$J$38:$J$44,""),IF(OR(_xlpm.tempo="Failed",_xlpm.ref=""),"Not Applicable",IF(_xlpm.tempo>_xlpm.ref,"Bigger",IF(_xlpm.tempo<_xlpm.ref,"Smaller","Equal"))))} -> Bigger
A23: P3 | B23: Normal | C23: DeepSeek | D23: Go | E23: 16.466 | F23: 16.588 | G23: 16.462 | H23: 17.207 | I23: 16.778 | J23: Failed | K23: Failed | L23: Compiled ok. Wrong output. | N23: {=_xlfn.LET(_xlpm.lang,$D23,_xlpm.tempo,$J23,_xlpm.ref,_xlfn.XLOOKUP(_xlpm.lang,$D$38:$D$44,$J$38:$J$44,""),IF(OR(_xlpm.tempo="Failed",_xlpm.ref=""),"Not Applicable",IF(_xlpm.tempo>_xlpm.ref,"Bigger",IF(_xlpm.tempo<_xlpm.ref,"Smaller","Equal"))))} -> Not Applicable
A24: P3 | B24: Normal | C24: Gemini | D24: Python | E24: 78.229 | F24: 77.534 | G24: 80.291 | H24: 77.722 | I24: 79.438 | J24: =AVERAGE(E24:I24) -> 78.6428 | K24: =STDEV(E24:I24) -> 1.1829462 | M24: 79.284 | N24: {=_xlfn.LET(_xlpm.lang,$D24,_xlpm.tempo,$J24,_xlpm.ref,_xlfn.XLOOKUP(_xlpm.lang,$D$38:$D$44,$J$38:$J$44,""),IF(OR(_xlpm.tempo="Failed",_xlpm.ref=""),"Not Applicable",IF(_xlpm.tempo>_xlpm.ref,"Bigger",IF(_xlpm.tempo<_xlpm.ref,"Smaller","Equal"))))} -> Bigger
A25: P3 | B25: TBR | C25: ChatGPT | D25: Rust | E25: 194.213 | F25: 197.104 | G25: 194.445 | H25: 195.458 | I25: 198.563 | J25: =AVERAGE(E25:I25) -> 195.9566 | K25: =STDEV(E25:I25) -> 1.8495625 | N25: {=_xlfn.LET(_xlpm.lang,$D25,_xlpm.tempo,$J25,_xlpm.ref,_xlfn.XLOOKUP(_xlpm.lang,$D$38:$D$44,$J$38:$J$44,""),IF(OR(_xlpm.tempo="Failed",_xlpm.ref=""),"Not Applicable",IF(_xlpm.tempo>_xlpm.ref,"Bigger",IF(_xlpm.tempo<_xlpm.ref,"Smaller","Equal"))))} -> Not Applicable
A26: P3 | B26: TBR | C26: Claude | D26: Python | E26: Failed | F26: Failed | G26: Failed | H26: Failed | I26: Failed | J26: Failed | K26: Failed | L26: Compiled ok. Wrong output. | N26: {=_xlfn.LET(_xlpm.lang,$D26,_xlpm.tempo,$J26,_xlpm.ref,_xlfn.XLOOKUP(_xlpm.lang,$D$38:$D$44,$J$38:$J$44,""),IF(OR(_xlpm.tempo="Failed",_xlpm.ref=""),"Not Applicable",IF(_xlpm.tempo>_xlpm.ref,"Bigger",IF(_xlpm.tempo<_xlpm.ref,"Smaller","Equal"))))} -> Not Applicable
A27: P3 | B27: TBR | C27: DeepSeek | D27: Python | E27: 469.477 | F27: 474.131 | G27: 471.196 | H27: 469.733 | I27: 469.877 | J27: =AVERAGE(E27:I27) -> 470.8828 | K27: =STDEV(E27:I27) -> 1.9338333 | M27: 479.607 | N27: {=_xlfn.LET(_xlpm.lang,$D27,_xlpm.tempo,$J27,_xlpm.ref,_xlfn.XLOOKUP(_xlpm.lang,$D$38:$D$44,$J$38:$J$44,""),IF(OR(_xlpm.tempo="Failed",_xlpm.ref=""),"Not Applicable",IF(_xlpm.tempo>_xlpm.ref,"Bigger",IF(_xlpm.tempo<_xlpm.ref,"Smaller","Equal"))))} -> Bigger
A28: P3 | B28: TBR | C28: Gemini | D28: Python | E28: 78.529 | F28: 75.785 | G28: 78.535 | H28: 78.086 | I28: 73.752 | J28: =AVERAGE(E28:I28) -> 76.9374 | K28: =STDEV(E28:I28) -> 2.1142136 | M28: 76.559 | N28: {=_xlfn.LET(_xlpm.lang,$D28,_xlpm.tempo,$J28,_xlpm.ref,_xlfn.XLOOKUP(_xlpm.lang,$D$38:$D$44,$J$38:$J$44,""),IF(OR(_xlpm.tempo="Failed",_xlpm.ref=""),"Not Applicable",IF(_xlpm.tempo>_xlpm.ref,"Bigger",IF(_xlpm.tempo<_xlpm.ref,"Smaller","Equal"))))} -> Bigger
A29: P4 | B29: Normal | C29: ChatGPT | D29: Go | E29: 26.052 | F29: 25.843 | G29: 26.016 | H29: 25.728 | I29: 26.223 | J29: =AVERAGE(E29:I29) -> 25.9724 | K29: =STDEV(E29:I29) -> 0.19203724 | N29: {=_xlfn.LET(_xlpm.lang,$D29,_xlpm.tempo,$J29,_xlpm.ref,_xlfn.XLOOKUP(_xlpm.lang,$D$38:$D$44,$J$38:$J$44,""),IF(OR(_xlpm.tempo="Failed",_xlpm.ref=""),"Not Applicable",IF(_xlpm.tempo>_xlpm.ref,"Bigger",IF(_xlpm.tempo<_xlpm.ref,"Smaller","Equal"))))} -> Bigger
A30: P4 | B30: Normal | C30: Claude | D30: Python | E30: 201.911 | F30: 203.899 | G30: 205.679 | H30: 203.176 | I30: 203.591 | J30: =AVERAGE(E30:I30) -> 203.6512 | K30: =STDEV(E30:I30) -> 1.3630034 | M30: 205.961 | N30: {=_xlfn.LET(_xlpm.lang,$D30,_xlpm.tempo,$J30,_xlpm.ref,_xlfn.XLOOKUP(_xlpm.lang,$D$38:$D$44,$J$38:$J$44,""),IF(OR(_xlpm.tempo="Failed",_xlpm.ref=""),"Not Applicable",IF(_xlpm.tempo>_xlpm.ref,"Bigger",IF(_xlpm.tempo<_xlpm.ref,"Smaller","Equal"))))} -> Bigger
A31: P4 | B31: Normal | C31: DeepSeek | D31: Python | E31: Failed | F31: Failed | G31: Failed | H31: Failed | I31: Failed | J31: Failed | K31: Failed | L31: It did not compile. | N31: {=_xlfn.LET(_xlpm.lang,$D31,_xlpm.tempo,$J31,_xlpm.ref,_xlfn.XLOOKUP(_xlpm.lang,$D$38:$D$44,$J$38:$J$44,""),IF(OR(_xlpm.tempo="Failed",_xlpm.ref=""),"Not Applicable",IF(_xlpm.tempo>_xlpm.ref,"Bigger",IF(_xlpm.tempo<_xlpm.ref,"Smaller","Equal"))))} -> Not Applicable
A32: P4 | B32: Normal | C32: DeepSeek | D32: Python | E32: Failed | F32: Failed | G32: Failed | H32: Failed | I32: Failed | J32: Failed | K32: Failed | L32: Compiled ok. Wrong output. | N32: {=_xlfn.LET(_xlpm.lang,$D32,_xlpm.tempo,$J32,_xlpm.ref,_xlfn.XLOOKUP(_xlpm.lang,$D$38:$D$44,$J$38:$J$44,""),IF(OR(_xlpm.tempo="Failed",_xlpm.ref=""),"Not Applicable",IF(_xlpm.tempo>_xlpm.ref,"Bigger",IF(_xlpm.tempo<_xlpm.ref,"Smaller","Equal"))))} -> Not Applicable
A33: P4 | B33: Normal | C33: Gemini | D33: Go | E33: 11.885 | F33: 11.469 | G33: 11.861 | H33: 11.546 | I33: 11.41 | J33: =AVERAGE(E33:I33) -> 11.6342 | K33: =STDEV(E33:I33) -> 0.22342493 | N33: {=_xlfn.LET(_xlpm.lang,$D33,_xlpm.tempo,$J33,_xlpm.ref,_xlfn.XLOOKUP(_xlpm.lang,$D$38:$D$44,$J$38:$J$44,""),IF(OR(_xlpm.tempo="Failed",_xlpm.ref=""),"Not Applicable",IF(_xlpm.tempo>_xlpm.ref,"Bigger",IF(_xlpm.tempo<_xlpm.ref,"Smaller","Equal"))))} -> Bigger
A34: P4 | B34: TBR | C34: ChatGPT | D34: Go | E34: 21.614 | F34: 21.63 | G34: 21.66 | H34: 21.588 | I34: 21.559 | J34: =AVERAGE(E34:I34) -> 21.6102 | K34: =STDEV(E34:I34) -> 0.038732415 | N34: {=_xlfn.LET(_xlpm.lang,$D34,_xlpm.tempo,$J34,_xlpm.ref,_xlfn.XLOOKUP(_xlpm.lang,$D$38:$D$44,$J$38:$J$44,""),IF(OR(_xlpm.tempo="Failed",_xlpm.ref=""),"Not Applicable",IF(_xlpm.tempo>_xlpm.ref,"Bigger",IF(_xlpm.tempo<_xlpm.ref,"Smaller","Equal"))))} -> Bigger
A35: P4 | B35: TBR | C35: Claude | D35: Python | E35: 201.558 | F35: 198.832 | G35: 199.568 | H35: 199.348 | I35: 200.115 | J35: =AVERAGE(E35:I35) -> 199.8842 | K35: =STDEV(E35:I35) -> 1.0427719 | M35: 207.38 | N35: {=_xlfn.LET(_xlpm.lang,$D35,_xlpm.tempo,$J35,_xlpm.ref,_xlfn.XLOOKUP(_xlpm.lang,$D$38:$D$44,$J$38:$J$44,""),IF(OR(_xlpm.tempo="Failed",_xlpm.ref=""),"Not Applicable",IF(_xlpm.tempo>_xlpm.ref,"Bigger",IF(_xlpm.tempo<_xlpm.ref,"Smaller","Equal"))))} -> Bigger
A36: P4 | B36: TBR | C36: DeepSeek | D36: Python | E36: Failed | F36: Failed | G36: Failed | H36: Failed | I36: Failed | J36: Failed | K36: Failed | L36: It did not compile. | N36: {=_xlfn.LET(_xlpm.lang,$D36,_xlpm.tempo,$J36,_xlpm.ref,_xlfn.XLOOKUP(_xlpm.lang,$D$38:$D$44,$J$38:$J$44,""),IF(OR(_xlpm.tempo="Failed",_xlpm.ref=""),"Not Applicable",IF(_xlpm.tempo>_xlpm.ref,"Bigger",IF(_xlpm.tempo<_xlpm.ref,"Smaller","Equal"))))} -> Not Applicable
A37: P4 | B37: TBR | C37: Gemini | D37: Go | E37: 16.466 | F37: 16.588 | G37: 16.462 | H37: 17.207 | I37: 16.778 | J37: =AVERAGE(E37:I37) -> 16.7002 | K37: =STDEV(E37:I37) -> 0.31107748 | N37: {=_xlfn.LET(_xlpm.lang,$D37,_xlpm.tempo,$J37,_xlpm.ref,_xlfn.XLOOKUP(_xlpm.lang,$D$38:$D$44,$J$38:$J$44,""),IF(OR(_xlpm.tempo="Failed",_xlpm.ref=""),"Not Applicable",IF(_xlpm.tempo>_xlpm.ref,"Bigger",IF(_xlpm.tempo<_xlpm.ref,"Smaller","Equal"))))} -> Bigger
D38: Python | E38: 57.942 | F38: 62.467 | G38: 61.413 | H38: 60.472 | I38: 61.524 | J38: =AVERAGE(E38:I38) -> 60.7636 | K38: =STDEV(E38:I38) -> 1.7282909
D39: Python -OO | E39: 62.669 | F39: 59.327 | G39: 61.183 | H39: 58.745 | I39: 56.457 | J39: =AVERAGE(E39:I39) -> 59.6762 | K39: =STDEV(E39:I39) -> 2.3759009
D40: C | E40: 7.171 | F40: 7.277 | G40: 7.374 | H40: 7.453 | I40: 7.297 | J40: =AVERAGE(E40:I40) -> 7.3144 | K40: =STDEV(E40:I40) -> 0.10609807
D41: C-O3 | E41: 3.462 | F41: 3.504 | G41: 3.527 | H41: 3.571 | I41: 3.531 | J41: =AVERAGE(E41:I41) -> 3.519 | K41: =STDEV(E41:I41) -> 0.039956226
D42: C++ | E42: 18.64 | F42: 16.78 | G42: 17.999 | H42: 18.659 | I42: 18.586 | J42: =AVERAGE(E42:I42) -> 18.1328 | K42: =STDEV(E42:I42) -> 0.80428521
D43: C++ -O3 | E43: 2.273 | F43: 2.318 | G43: 2.335 | H43: 2.334 | I43: 2.329 | J43: =AVERAGE(E43:I43) -> 2.3178 | K43: =STDEV(E43:I43) -> 0.025936461
D44: Go | E44: 4.22 | F44: 4.337 | G44: 4.232 | H44: 4.24 | I44: 4.244 | J44: =AVERAGE(E44:I44) -> 4.2546 | K44: =STDEV(E44:I44) -> 0.046965945
N45: =COUNTIF(N$3:$N37,"Smaller") -> 0

Sheet mandelbrot
A1: PROMPT | B1: SEARCH TYPE | C1: AI TOOL | D1: P. L. | E1: RUNTIME | L1: OUTPUT COMMENT | M1: OPTMIZATION FLAG
E2: M1 | F2: M2 | G2: M3 | H2: M4 | I2: M5 | J2: AVG | K2: STD | M2: AVG
A3: P1 | B3: Normal | C3: ChatGPT | D3: C | E3: 38.658 | F3: 38.664 | G3: 38.737 | H3: 38.536 | I3: 38.656 | J3: =AVERAGE(E3:I3) -> 38.6502 | K3: =STDEV(E3:I3) -> 0.072216342 | N3: {=_xlfn.LET(_xlpm.lang,$D3,_xlpm.tempo,$J3,_xlpm.ref,_xlfn.XLOOKUP(_xlpm.lang,$D$43:$D$49,$J$43:$J$49,""),IF(OR(_xlpm.tempo="Failed",_xlpm.ref=""),"Not Applicable",IF(_xlpm.tempo>_xlpm.ref,"Bigger",IF(_xlpm.tempo<_xlpm.ref,"Smaller","Equal"))))} -> Bigger | Q3: MIN | R3: MAX | S3: PROMPT (MIN) | T3: SEARCH TYPE (MIN) | U3: PROMPT (MAX) | V3: SEARCH TYPE (MAX)
A4: P1 | B4: Normal | C4: Claude | D4: C | E4: 149.757 | F4: 151.819 | G4: 149.318 | H4: 151.464 | I4: 151.167 | J4: =AVERAGE(E4:I4) -> 150.705 | K4: =STDEV(E4:I4) -> 1.1014756 | N4: {=_xlfn.LET(_xlpm.lang, D4,_xlpm.tempo, J4,_xlpm.ref, _xlfn.XLOOKUP(_xlpm.lang, $D$43:$D$49, $J$43:$J$49, ""), IF(_xlpm.ref="", "Not Applicable", IF(_xlpm.tempo>_xlpm.ref, "Bigger", IF(_xlpm.tempo<_xlpm.ref, "Smaller", "Equal"))))} -> Bigger | P4: C | Q4: =_xlfn.MINIFS($J$3:$J$42,$D$3:$D$42,"C") -> 34.4546 | R4: =_xlfn.MAXIFS($J$3:$J$42,$D$3:$D$42,"C") -> 518.489 | S4: {=INDEX($A$3:$A$42,MATCH(1,($D$3:$D$42="C")*($J$3:$J$42=_xlfn.MINIFS($J$3:$J$42,$D$3:$D$42,"C")),0))} -> P2 | T4: {=INDEX($B$3:$B$42,MATCH(1,($D$3:$D$42="C")*($J$3:$J$42=_xlfn.MINIFS($J$3:$J$42,$D$3:$D$42,"C")),0))} -> Normal | U4: {=INDEX($A$3:$A$42,MATCH(1,($D$3:$D$42="C")*($J$3:$J$42=_xlfn.MAXIFS($J$3:$J$42,$D$3:$D$42,"C")),0))} -> P1 | V4: {=INDEX($B$3:$B$42,MATCH(1,($D$3:$D$42="C")*($J$3:$J$42=_xlfn.MAXIFS($J$3:$J$42,$D$3:$D$42,"C")),0))} -> TBR
A5: P1 | B5: Normal | C5: DeepSeek | D5: C | E5: 43.61 | F5: 43.949 | G5: 43.813 | H5: 413.615 | I5: 43.785 | J5: =AVERAGE(E5:I5) -> 117.7544 | K5: =STDEV(E5:I5) -> 165.39115 | N5: {=_xlfn.LET(_xlpm.lang, D5,_xlpm.tempo, J5,_xlpm.ref, _xlfn.XLOOKUP(_xlpm.lang, $D$43:$D$49, $J$43:$J$49, ""), IF(_xlpm.ref="", "Not Applicable", IF(_xlpm.tempo>_xlpm.ref, "Bigger", IF(_xlpm.tempo<_xlpm.ref, "Smaller", "Equal"))))} -> Bigger | P5: Go | Q5: =_xlfn.MINIFS($J$3:$J$42,$D$3:$D$42,"Go") -> 4.7818 | R5: =_xlfn.MAXIFS($J$3:$J$42,$D$3:$D$42,"Go") -> 4.7818 | S5: {=INDEX($A$3:$A$42,MATCH(1,($D$3:$D$42="Go")*($J$3:$J$42=_xlfn.MINIFS($J$3:$J$42,$D$3:$D$42,"Go")),0))} -> P4 | T5: {=INDEX($B$3:$B$42,MATCH(1,($D$3:$D$42="Go")*($J$3:$J$42=_xlfn.MINIFS($J$3:$J$42,$D$3:$D$42,"Go")),0))} -> TBR | U5: {=INDEX($A$3:$A$42,MATCH(1,($D$3:$D$42="Go")*($J$3:$J$42=_xlfn.MAXIFS($J$3:$J$42,$D$3:$D$42,"Go")),0))} -> P4 | V5: {=INDEX($B$3:$B$42,MATCH(1,($D$3:$D$42="Go")*($J$3:$J$42=_xlfn.MAXIFS($J$3:$J$42,$D$3:$D$42,"Go")),0))} -> TBR
A6: P1 | B6: Normal | C6: DeepSeek | D6: Python | E6: 2300.372 | F6: 2322.075 | G6: 2285.23 | H6: 2228.955 | I6: 2264.512 | J6: =AVERAGE(E6:I6) -> 2280.2288 | K6: =STDEV(E6:I6) -> 35.559406 | N6: {=_xlfn.LET(_xlpm.lang, D6,_xlpm.tempo, J6,_xlpm.ref, _xlfn.XLOOKUP(_xlpm.lang, $D$43:$D$49, $J$43:$J$49, ""), IF(_xlpm.ref="", "Not Applicable", IF(_xlpm.tempo>_xlpm.ref, "Bigger", IF(_xlpm.tempo<_xlpm.ref, "Smaller", "Equal"))))} -> Bigger | P6: Python | Q6: =_xlfn.MINIFS($J$3:$J$42,$D$3:$D$42,"Python") -> 125.61 | R6: =_xlfn.MAXIFS($J$3:$J$42,$D$3:$D$42,"Python") -> 3094.9142 | S6: {=INDEX($A$3:$A$42,MATCH(1,($D$3:$D$42="Python")*($J$3:$J$42=_xlfn.MINIFS($J$3:$J$42,$D$3:$D$42,"Python")),0))} -> P4 | T6: {=INDEX($B$3:$B$42,MATCH(1,($D$3:$D$42="Python")*($J$3:$J$42=_xlfn.MINIFS($J$3:$J$42,$D$3:$D$42,"Python")),0))} -> TBR | U6: {=INDEX($A$3:$A$42,MATCH(1,($D$3:$D$42="Python")*($J$3:$J$42=_xlfn.MAXIFS($J$3:$J$42,$D$3:$D$42,"Python")),0))} -> P1 | V6: {=INDEX($B$3:$B$42,MATCH(1,($D$3:$D$42="Python")*($J$3:$J$42=_xlfn.MAXIFS($J$3:$J$42,$D$3:$D$42,"Python")),0))} -> Normal
A7: P1 | B7: Normal | C7: DeepSeek | D7: Java | E7: 61.603 | F7: 61.632 | G7: 61.777 | H7: 61.503 | I7: 61.445 | J7: =AVERAGE(E7:I7) -> 61.592 | K7: =STDEV(E7:I7) -> 0.12794139 | N7: {=_xlfn.LET(_xlpm.lang, D7,_xlpm.tempo, J7,_xlpm.ref, _xlfn.XLOOKUP(_xlpm.lang, $D$43:$D$49, $J$43:$J$49, ""), IF(_xlpm.ref="", "Not Applicable", IF(_xlpm.tempo>_xlpm.ref, "Bigger", IF(_xlpm.tempo<_xlpm.ref, "Smaller", "Equal"))))} -> Not Applicable
A8: P1 | B8: Normal | C8: Gemini | D8: Python | E8: 3064.33 | F8: 3052.69 | G8: 3058.198 | H8: 3132.726 | I8: 3166.627 | J8: =AVERAGE(E8:I8) -> 3094.9142 | K8: =STDEV(E8:I8) -> 51.572312 | M8: 3112.52 | N8: {=_xlfn.LET(_xlpm.lang, D8,_xlpm.tempo, J8,_xlpm.ref, _xlfn.XLOOKUP(_xlpm.lang, $D$43:$D$49, $J$43:$J$49, ""), IF(_xlpm.ref="", "Not Applicable", IF(_xlpm.tempo>_xlpm.ref, "Bigger", IF(_xlpm.tempo<_xlpm.ref, "Smaller", "Equal"))))} -> Bigger | P8: =COUNTIF(N3:N42, "Smaller") -> 2 | Q8: =COUNTIFS($N$3:$N42, "Smaller", $D$3:$D42, "Python") -> 1
A9: P1 | B9: TBR | C9: ChatGPT | D9: C | E9: 43.745 | F9: 43.826 | G9: 43.349 | H9: 43.696 | I9: 43.59 | J9: =AVERAGE(E9:I9) -> 43.6412 | K9: =STDEV(E9:I9) -> 0.18434397 | N9: {=_xlfn.LET(_xlpm.lang, D9,_xlpm.tempo, J9,_xlpm.ref, _xlfn.XLOOKUP(_xlpm.lang, $D$43:$D$49, $J$43:$J$49, ""), IF(_xlpm.ref="", "Not Applicable", IF(_xlpm.tempo>_xlpm.ref, "Bigger", IF(_xlpm.tempo<_xlpm.ref, "Smaller", "Equal"))))} -> Bigger
A10: P1 | B10: TBR | C10: Claude | D10: C | E10: 79.03 | F10: 78.503 | G10: 79.041 | H10: 78.478 | I10: 78.825 | J10: =AVERAGE(E10:I10) -> 78.7754 | K10: =STDEV(E10:I10) -> 0.27407718 | N10: {=_xlfn.LET(_xlpm.lang, D10,_xlpm.tempo, J10,_xlpm.ref, _xlfn.XLOOKUP(_xlpm.lang, $D$43:$D$49, $J$43:$J$49, ""), IF(_xlpm.ref="", "Not Applicable", IF(_xlpm.tempo>_xlpm.ref, "Bigger", IF(_xlpm.tempo<_xlpm.ref, "Smaller", "Equal"))))} -> Bigger
A11: P1 | B11: TBR | C11: DeepSeek | D11: C | E11: 515.128 | F11: 516.02 | G11: 521.677 | H11: 517.625 | I11: 521.995 | J11: =AVERAGE(E11:I11) -> 518.489 | K11: =STDEV(E11:I11) -> 3.1856772 | M11: 498.539 | N11: {=_xlfn.LET(_xlpm.lang, D11,_xlpm.tempo, J11,_xlpm.ref, _xlfn.XLOOKUP(_xlpm.lang, $D$43:$D$49, $J$43:$J$49, ""), IF(_xlpm.ref="", "Not Applicable", IF(_xlpm.tempo>_xlpm.ref, "Bigger", IF(_xlpm.tempo<_xlpm.ref, "Smaller", "Equal"))))} -> Bigger
A12: P1 | B12: TBR | C12: DeepSeek | D12: Python | E12: Failed | F12: Failed | G12: Failed | H12: Failed | I12: Failed | J12: Failed | K12: Failed | L12: It did not compile. | N12: {=_xlfn.LET(_xlpm.lang, D12,_xlpm.tempo, J12,_xlpm.ref, _xlfn.XLOOKUP(_xlpm.lang, $D$43:$D$49, $J$43:$J$49, ""), IF(_xlpm.ref="", "Not Applicable", IF(_xlpm.tempo>_xlpm.ref, "Bigger", IF(_xlpm.tempo<_xlpm.ref, "Smaller", "Equal"))))} -> Bigger
A13: P1 | B13: TBR | C13: Gemini | D13: Python | E13: 1547.868 | F13: 1586.059 | G13: 1749.185 | H13: 1536.118 | I13: 1555.892 | J13: =AVERAGE(E13:I13) -> 1595.0244 | K13: =STDEV(E13:I13) -> 88.134703 | N13: {=_xlfn.LET(_xlpm.lang, D13,_xlpm.tempo, J13,_xlpm.ref, _xlfn.XLOOKUP(_xlpm.lang, $D$43:$D$49, $J$43:$J$49, ""), IF(_xlpm.ref="", "Not Applicable", IF(_xlpm.tempo>_xlpm.ref, "Bigger", IF(_xlpm.tempo<_xlpm.ref, "Smaller", "Equal"))))} -> Bigger
A14: P2 | B14: Normal | C14: ChatGPT | D14: C | E14: 34.266 | F14: 34.302 | G14: 34.736 | H14: 34.579 | I14: 34.39 | J14: =AVERAGE(E14:I14) -> 34.4546 | K14: =STDEV(E14:I14) -> 0.19855176 | M14: 28.115 | N14: {=_xlfn.LET(_xlpm.lang, D14,_xlpm.tempo, J14,_xlpm.ref, _xlfn.XLOOKUP(_xlpm.lang, $D$43:$D$49, $J$43:$J$49, ""), IF(_xlpm.ref="", "Not Applicable", IF(_xlpm.tempo>_xlpm.ref, "Bigger", IF(_xlpm.tempo<_xlpm.ref, "Smaller", "Equal"))))} -> Bigger
A15: P2 | B15: Normal | C15: Claude | D15: C | E15: 144.425 | F15: 145.696 | G15: 146.968 | H15: 148.181 | I15: 146.283 | J15: =AVERAGE(E15:I15) -> 146.3106 | K15: =STDEV(E15:I15) -> 1.4021905 | N15: {=_xlfn.LET(_xlpm.lang, D15,_xlpm.tempo, J15,_xlpm.ref, _xlfn.XLOOKUP(_xlpm.lang, $D$43:$D$49, $J$43:$J$49, ""), IF(_xlpm.ref="", "Not Applicable", IF(_xlpm.tempo>_xlpm.ref, "Bigger", IF(_xlpm.tempo<_xlpm.ref, "Smaller", "Equal"))))} -> Bigger
A16: P2 | B16: Normal | C16: DeepSeek | D16: C | E16: 266.701 | F16: 266.996 | G16: 267.906 | H16: 267.976 | I16: 267.563 | J16: =AVERAGE(E16:I16) -> 267.4284 | K16: =STDEV(E16:I16) -> 0.56173063 | N16: {=_xlfn.LET(_xlpm.lang, D16,_xlpm.tempo, J16,_xlpm.ref, _xlfn.XLOOKUP(_xlpm.lang, $D$43:$D$49, $J$43:$J$49, ""), IF(_xlpm.ref="", "Not Applicable", IF(_xlpm.tempo>_xlpm.ref, "Bigger", IF(_xlpm.tempo<_xlpm.ref, "Smaller", "Equal"))))} -> Bigger
A17: P2 | B17: Normal | C17: Gemini | D17: Python | E17: 1342.874 | F17: 1379.496 | G17: 1348.747 | H17: 1349.444 | I17: 1341.933 | J17: =AVERAGE(E17:I17) -> 1352.4988 | K17: =STDEV(E17:I17) -> 15.463906 | N17: {=_xlfn.LET(_xlpm.lang, D17,_xlpm.tempo, J17,_xlpm.ref, _xlfn.XLOOKUP(_xlpm.lang, $D$43:$D$49, $J$43:$J$49, ""), IF(_xlpm.ref="", "Not Applicable", IF(_xlpm.tempo>_xlpm.ref, "Bigger", IF(_xlpm.tempo<_xlpm.ref, "Smaller", "Equal"))))} -> Bigger
A18: P2 | B18: TBR | C18: ChatGPT | D18: C | E18: 36.163 | F18: 36.148 | G18: 35.919 | H18: 36.193 | I18: 36.119 | J18: =AVERAGE(E18:I18) -> 36.1084 | K18: =STDEV(E18:I18) -> 0.10919157 | N18: {=_xlfn.LET(_xlpm.lang, D18,_xlpm.tempo, J18,_xlpm.ref, _xlfn.XLOOKUP(_xlpm.lang, $D$43:$D$49, $J$43:$J$49, ""), IF(_xlpm.ref="", "Not Applicable", IF(_xlpm.tempo>_xlpm.ref, "Bigger", IF(_xlpm.tempo<_xlpm.ref, "Smaller", "Equal"))))} -> Bigger
A19: P2 | B19: TBR | C19: Claude | D19: C | E19: 79.604 | F19: 79.59 | G19: 78.788 | H19: 79.3 | I19: 78.817 | J19: =AVERAGE(E19:I19) -> 79.2198 | K19: =STDEV(E19:I19) -> 0.39993399 | N19: {=_xlfn.LET(_xlpm.lang, D19,_xlpm.tempo, J19,_xlpm.ref, _xlfn.XLOOKUP(_xlpm.lang, $D$43:$D$49, $J$43:$J$49, ""), IF(_xlpm.ref="", "Not Applicable", IF(_xlpm.tempo>_xlpm.ref, "Bigger", IF(_xlpm.tempo<_xlpm.ref, "Smaller", "Equal"))))} -> Bigger
A20: P2 | B20: TBR | C20: DeepSeek | D20: C++ | E20: 522.592 | F20: 529.202 | G20: 523.139 | H20: 534.451 | I20: 524.9 | J20: =AVERAGE(E20:I20) -> 526.8568 | K20: =STDEV(E20:I20) -> 4.9752251 | N20: {=_xlfn.LET(_xlpm.lang, D20,_xlpm.tempo, J20,_xlpm.ref, _xlfn.XLOOKUP(_xlpm.lang, $D$43:$D$49, $J$43:$J$49, ""), IF(_xlpm.ref="", "Not Applicable", IF(_xlpm.tempo>_xlpm.ref, "Bigger", IF(_xlpm.tempo<_xlpm.ref, "Smaller", "Equal"))))} -> Bigger
A21: P2 | B21: TBR | C21: DeepSeek | D21: C++ | E21: 216.874 | F21: 216.952 | G21: 220.166 | H21: 220.966 | I21: 220.071 | J21: =AVERAGE(E21:I21) -> 219.0058 | K21: =STDEV(E21:I21) -> 1.9420199 | N21: {=_xlfn.LET(_xlpm.lang, D21,_xlpm.tempo, J21,_xlpm.ref, _xlfn.XLOOKUP(_xlpm.lang, $D$43:$D$49, $J$43:$J$49, ""), IF(_xlpm.ref="", "Not Applicable", IF(_xlpm.tempo>_xlpm.ref, "Bigger", IF(_xlpm.tempo<_xlpm.ref, "Smaller", "Equal"))))} -> Bigger
A22: P2 | B22: TBR | C22: Gemini | D22: Python | E22: 1862.834 | F22: 1860.163 | G22: 1885.389 | H22: 1902.779 | I22: 1910.364 | J22: =AVERAGE(E22:I22) -> 1884.3058 | K22: =STDEV(E22:I22) -> 22.7232 | N22: {=_xlfn.LET(_xlpm.lang, D22,_xlpm.tempo, J22,_xlpm.ref, _xlfn.XLOOKUP(_xlpm.lang, $D$43:$D$49, $J$43:$J$49, ""), IF(_xlpm.ref="", "Not Applicable", IF(_xlpm.tempo>_xlpm.ref, "Bigger", IF(_xlpm.tempo<_xlpm.ref, "Smaller", "Equal"))))} -> Bigger
A23: P3 | B23: Normal | C23: ChatGPT | D23: C | E23: 49.351 | F23: 49.46 | G23: 49.692 | H23: 49.319 | I23: 49.186 | J23: =AVERAGE(E23:I23) -> 49.4016 | K23: =STDEV(E23:I23) -> 0.18947902 | M23: 21.924 | N23: {=_xlfn.LET(_xlpm.lang, D23,_xlpm.tempo, J23,_xlpm.ref, _xlfn.XLOOKUP(_xlpm.lang, $D$43:$D$49, $J$43:$J$49, ""), IF(_xlpm.ref="", "Not Applicable", IF(_xlpm.tempo>_xlpm.ref, "Bigger", IF(_xlpm.tempo<_xlpm.ref, "Smaller", "Equal"))))} -> Bigger
A24: P3 | B24: Normal | C24: Claude | D24: Python | E24: Failed | F24: Failed | G24: Failed | H24: Failed | I24: Failed | J24: Failed | K24: Failed | L24: Compiled ok. Wrong output. | N24: {=_xlfn.LET(_xlpm.lang, D24,_xlpm.tempo, J24,_xlpm.ref, _xlfn.XLOOKUP(_xlpm.lang, $D$43:$D$49, $J$43:$J$49, ""), IF(_xlpm.ref="", "Not Applicable", IF(_xlpm.tempo>_xlpm.ref, "Bigger", IF(_xlpm.tempo<_xlpm.ref, "Smaller", "Equal"))))} -> Bigger
A25: P3 | B25: Normal | C25: DeepSeek | D25: C | E25: Failed | F25: Failed | G25: Failed | H25: Failed | I25: Failed | J25: Failed | K25: Failed | L25: Compiled ok. Wrong output. | N25: {=_xlfn.LET(_xlpm.lang, D25,_xlpm.tempo, J25,_xlpm.ref, _xlfn.XLOOKUP(_xlpm.lang, $D$43:$D$49, $J$43:$J$49, ""), IF(_xlpm.ref="", "Not Applicable", IF(_xlpm.tempo>_xlpm.ref, "Bigger", IF(_xlpm.tempo<_xlpm.ref, "Smaller", "Equal"))))} -> Bigger
A26: P3 | B26: Normal | C26: DeepSeek | D26: Python | E26: Failed | F26: Failed | G26: Failed | H26: Failed | I26: Failed | J26: Failed | K26: Failed | L26: Compiled ok. Wrong output. | N26: {=_xlfn.LET(_xlpm.lang, D26,_xlpm.tempo, J26,_xlpm.ref, _xlfn.XLOOKUP(_xlpm.lang, $D$43:$D$49, $J$43:$J$49, ""), IF(_xlpm.ref="", "Not Applicable", IF(_xlpm.tempo>_xlpm.ref, "Bigger", IF(_xlpm.tempo<_xlpm.ref, "Smaller", "Equal"))))} -> Bigger
A27: P3 | B27: Normal | C27: DeepSeek | D27: Rust | E27: Failed | F27: Failed | G27: Failed | H27: Failed | I27: Failed | J27: Failed | K27: Failed | L27: Compiled ok. Wrong output. | N27: {=_xlfn.LET(_xlpm.lang, D27,_xlpm.tempo, J27,_xlpm.ref, _xlfn.XLOOKUP(_xlpm.lang, $D$43:$D$49, $J$43:$J$49, ""), IF(_xlpm.ref="", "Not Applicable", IF(_xlpm.tempo>_xlpm.ref, "Bigger", IF(_xlpm.tempo<_xlpm.ref, "Smaller", "Equal"))))} -> Not Applicable
A28: P3 | B28: Normal | C28: DeepSeek | D28: Julia | E28: Failed | F28: Failed | G28: Failed | H28: Failed | I28: Failed | J28: Failed | K28: Failed | L28: It did not compile. | N28: {=_xlfn.LET(_xlpm.lang, D28,_xlpm.tempo, J28,_xlpm.ref, _xlfn.XLOOKUP(_xlpm.lang, $D$43:$D$49, $J$43:$J$49, ""), IF(_xlpm.ref="", "Not Applicable", IF(_xlpm.tempo>_xlpm.ref, "Bigger", IF(_xlpm.tempo<_xlpm.ref, "Smaller", "Equal"))))} -> Not Applicable
A29: P3 | B29: Normal | C29: Gemini | D29: C++ | E29: 10.74 | F29: 11.17 | G29: 11.149 | H29: 11.297 | I29: 11.461 | J29: =AVERAGE(E29:I29) -> 11.1634 | K29: =STDEV(E29:I29) -> 0.26736361 | N29: {=_xlfn.LET(_xlpm.lang, D29,_xlpm.tempo, J29,_xlpm.ref, _xlfn.XLOOKUP(_xlpm.lang, $D$43:$D$49, $J$43:$J$49, ""), IF(_xlpm.ref="", "Not Applicable", IF(_xlpm.tempo>_xlpm.ref, "Bigger", IF(_xlpm.tempo<_xlpm.ref, "Smaller", "Equal"))))} -> Bigger
A30: P3 | B30: TBR | C30: ChatGPT | D30: C | E30: 50.095 | F30: 50.014 | G30: 50.163 | H30: 50.096 | I30: 50.237 | J30: =AVERAGE(E30:I30) -> 50.121 | K30: =STDEV(E30:I30) -> 0.08362117 | M30: 21.578 | N30: {=_xlfn.LET(_xlpm.lang, D30,_xlpm.tempo, J30,_xlpm.ref, _xlfn.XLOOKUP(_xlpm.lang, $D$43:$D$49, $J$43:$J$49, ""), IF(_xlpm.ref="", "Not Applicable", IF(_xlpm.tempo>_xlpm.ref, "Bigger", IF(_xlpm.tempo<_xlpm.ref, "Smaller", "Equal"))))} -> Bigger
A31: P3 | B31: TBR | C31: Claude | D31: Python | E31: Failed | F31: Failed | G31: Failed | H31: Failed | I31: Failed | J31: Failed | K31: Failed | L31: Compiled ok. Wrong output. | N31: {=_xlfn.LET(_xlpm.lang, D31,_xlpm.tempo, J31,_xlpm.ref, _xlfn.XLOOKUP(_xlpm.lang, $D$43:$D$49, $J$43:$J$49, ""), IF(_xlpm.ref="", "Not Applicable", IF(_xlpm.tempo>_xlpm.ref, "Bigger", IF(_xlpm.tempo<_xlpm.ref, "Smaller", "Equal"))))} -> Bigger
A32: P3 | B32: TBR | C32: DeepSeek | D32: Python | E32: Failed | F32: Failed | G32: Failed | H32: Failed | I32: Failed | J32: Failed | K32: Failed | L32: Compiled ok. Wrong output. | N32: {=_xlfn.LET(_xlpm.lang, D32,_xlpm.tempo, J32,_xlpm.ref, _xlfn.XLOOKUP(_xlpm.lang, $D$43:$D$49, $J$43:$J$49, ""), IF(_xlpm.ref="", "Not Applicable", IF(_xlpm.tempo>_xlpm.ref, "Bigger", IF(_xlpm.tempo<_xlpm.ref, "Smaller", "Equal"))))} -> Bigger
A33: P3 | B33: TBR | C33: DeepSeek | D33: C | E33: 48.766 | F33: 48.959 | G33: 48.494 | H33: 48.814 | I33: 48.551 | J33: =AVERAGE(E33:I33) -> 48.7168 | K33: =STDEV(E33:I33) -> 0.19213199 | M33: 22.884 | N33: {=_xlfn.LET(_xlpm.lang, D33,_xlpm.tempo, J33,_xlpm.ref, _xlfn.XLOOKUP(_xlpm.lang, $D$43:$D$49, $J$43:$J$49, ""), IF(_xlpm.ref="", "Not Applicable", IF(_xlpm.tempo>_xlpm.ref, "Bigger", IF(_xlpm.tempo<_xlpm.ref, "Smaller", "Equal"))))} -> Bigger
A34: P3 | B34: TBR | C34: Gemini | D34: C | E34: 37.255 | F34: 37.407 | G34: 37.355 | H34: 37.315 | I34: 37.348 | J34: =AVERAGE(E34:I34) -> 37.336 | K34: =STDEV(E34:I34) -> 0.056008928 | M34: 21.512 | N34: {=_xlfn.LET(_xlpm.lang, D34,_xlpm.tempo, J34,_xlpm.ref, _xlfn.XLOOKUP(_xlpm.lang, $D$43:$D$49, $J$43:$J$49, ""), IF(_xlpm.ref="", "Not Applicable", IF(_xlpm.tempo>_xlpm.ref, "Bigger", IF(_xlpm.tempo<_xlpm.ref, "Smaller", "Equal"))))} -> Bigger
A35: P4 | B35: Normal | C35: ChatGPT | D35: C | E35: Failed | F35: Failed | G35: Failed | H35: Failed | I35: Failed | J35: Failed | K35: Failed | L35: Compiled ok. Wrong output. | N35: {=_xlfn.LET(_xlpm.lang, D35,_xlpm.tempo, J35,_xlpm.ref, _xlfn.XLOOKUP(_xlpm.lang, $D$43:$D$49, $J$43:$J$49, ""), IF(_xlpm.ref="", "Not Applicable", IF(_xlpm.tempo>_xlpm.ref, "Bigger", IF(_xlpm.tempo<_xlpm.ref, "Smaller", "Equal"))))} -> Bigger
A36: P4 | B36: Normal | C36: Claude | D36: Python | E36: 210.767 | F36: 209.104 | G36: 207.683 | H36: 205.616 | I36: 210.202 | J36: =AVERAGE(E36:I36) -> 208.6744 | K36: =STDEV(E36:I36) -> 2.0756792 | M36: 208.75 | N36: {=_xlfn.LET(_xlpm.lang, D36,_xlpm.tempo, J36,_xlpm.ref, _xlfn.XLOOKUP(_xlpm.lang, $D$43:$D$49, $J$43:$J$49, ""), IF(_xlpm.ref="", "Not Applicable", IF(_xlpm.tempo>_xlpm.ref, "Bigger", IF(_xlpm.tempo<_xlpm.ref, "Smaller", "Equal"))))} -> Bigger
A37: P4 | B37: Normal | C37: DeepSeek | D37: C++ | E37: Failed | F37: Failed | G37: Failed | H37: Failed | I37: Failed | J37: Failed | K37: Failed | L37: It did not compile. | N37: {=_xlfn.LET(_xlpm.lang, D37,_xlpm.tempo, J37,_xlpm.ref, _xlfn.XLOOKUP(_xlpm.lang, $D$43:$D$49, $J$43:$J$49, ""), IF(_xlpm.ref="", "Not Applicable", IF(_xlpm.tempo>_xlpm.ref, "Bigger", IF(_xlpm.tempo<_xlpm.ref, "Smaller", "Equal"))))} -> Bigger
A38: P4 | B38: Normal | C38: Gemini | D38: C++ | E38: 8.781 | F38: 8.573 | G38: 8.871 | H38: 8.923 | I38: 8.928 | J38: =AVERAGE(E38:I38) -> 8.8152 | K38: =STDEV(E38:I38) -> 0.14772339 | N38: {=_xlfn.LET(_xlpm.lang, D38,_xlpm.tempo, J38,_xlpm.ref, _xlfn.XLOOKUP(_xlpm.lang, $D$43:$D$49, $J$43:$J$49, ""), IF(_xlpm.ref="", "Not Applicable", IF(_xlpm.tempo>_xlpm.ref, "Bigger", IF(_xlpm.tempo<_xlpm.ref, "Smaller", "Equal"))))} -> Smaller
A39: P4 | B39: TBR | C39: ChatGPT | D39: C | E39: 43.984 | F39: 44.247 | G39: 44.268 | H39: 44.113 | I39: 44.199 | J39: =AVERAGE(E39:I39) -> 44.1622 | K39: =STDEV(E39:I39) -> 0.1160978 | M39: 20.568 | N39: {=_xlfn.LET(_xlpm.lang, D39,_xlpm.tempo, J39,_xlpm.ref, _xlfn.XLOOKUP(_xlpm.lang, $D$43:$D$49, $J$43:$J$49, ""), IF(_xlpm.ref="", "Not Applicable", IF(_xlpm.tempo>_xlpm.ref, "Bigger", IF(_xlpm.tempo<_xlpm.ref, "Smaller", "Equal"))))} -> Bigger
A40: P4 | B40: TBR | C40: Claude | D40: Python | E40: 127.712 | F40: 124.708 | G40: 125.791 | H40: 126.429 | I40: 123.41 | J40: =AVERAGE(E40:I40) -> 125.61 | K40: =STDEV(E40:I40) -> 1.6413051 | M40: 92.52 | N40: {=_xlfn.LET(_xlpm.lang, D40,_xlpm.tempo, J40,_xlpm.ref, _xlfn.XLOOKUP(_xlpm.lang, $D$43:$D$49, $J$43:$J$49, ""), IF(_xlpm.ref="", "Not Applicable", IF(_xlpm.tempo>_xlpm.ref, "Bigger", IF(_xlpm.tempo<_xlpm.ref, "Smaller", "Equal"))))} -> Smaller
A41: P4 | B41: TBR | C41: DeepSeek | D41: C++ | E41: Failed | F41: Failed | G41: Failed | H41: Failed | I41: Failed | J41: Failed | K41: Failed | L41: It did not compile. | N41: {=_xlfn.LET(_xlpm.lang, D41,_xlpm.tempo, J41,_xlpm.ref, _xlfn.XLOOKUP(_xlpm.lang, $D$43:$D$49, $J$43:$J$49, ""), IF(_xlpm.ref="", "Not Applicable", IF(_xlpm.tempo>_xlpm.ref, "Bigger", IF(_xlpm.tempo<_xlpm.ref, "Smaller", "Equal"))))} -> Bigger
A42: P4 | B42: TBR | C42: Gemini | D42: Go | E42: 4.783 | F42: 4.657 | G42: 4.819 | H42: 4.804 | I42: 4.846 | J42: =AVERAGE(E42:I42) -> 4.7818 | K42: =STDEV(E42:I42) -> 0.073441814 | N42: {=_xlfn.LET(_xlpm.lang, D42,_xlpm.tempo, J42,_xlpm.ref, _xlfn.XLOOKUP(_xlpm.lang, $D$43:$D$49, $J$43:$J$49, ""), IF(_xlpm.ref="", "Not Applicable", IF(_xlpm.tempo>_xlpm.ref, "Bigger", IF(_xlpm.tempo<_xlpm.ref, "Smaller", "Equal"))))} -> Bigger
D43: Python | E43: 198.797 | F43: 204.526 | G43: 199.585 | H43: 202.514 | I43: 200.64 | J43: =AVERAGE(E43:I43) -> 201.2124 | K43: =STDEV(E43:I43) -> 2.31756
D44: Python -OO | E44: 200.047 | F44: 203.772 | G44: 201.417 | H44: 203.161 | I44: 202.895 | J44: =AVERAGE(E44:I44) -> 202.2584 | K44: =STDEV(E44:I44) -> 1.5090705
D45: C | E45: 3.211 | F45: 3.301 | G45: 3.234 | H45: 3.347 | I45: 3.241 | J45: =AVERAGE(E45:I45) -> 3.2668 | K45: =STDEV(E45:I45) -> 0.055805018
D46: C -O3 | E46: 1.775 | F46: 1.899 | G46: 1.822 | H46: 1.93 | I46: 1.752 | J46: =AVERAGE(E46:I46) -> 1.8356 | K46: =STDEV(E46:I46) -> 0.077099287
D47: C++ | E47: 8.987 | F47: 9.462 | G47: 9.491 | H47: 9.542 | I47: 9.67 | J47: =AVERAGE(E47:I47) -> 9.4304 | K47: =STDEV(E47:I47) -> 0.26035418
D48: C++ -O3 | E48: 1.493 | F48: 1.542 | G48: 1.514 | H48: 1.529 | I48: 1.553 | J48: =AVERAGE(E48:I48) -> 1.5262 | K48: =STDEV(E48:I48) -> 0.023594491
D49: Go | E49: 3.324 | F49: 3.359 | G49: 3.339 | H49: 3.319 | I49: 3.333 | J49: =AVERAGE(E49:I49) -> 3.3348 | K49: =STDEV(E49:I49) -> 0.015594871
N50: =COUNTIF(N$3:$N42,"Smaller") -> 2

Sheet n-body
A1: PROMPT | B1: SEARCH TYPE | C1: AI TOOL | D1: P. L. | E1: RUNTIME | L1: OUTPUT COMMENT | M1: OPTMIZATION FLAG
E2: M1 | F2: M2 | G2: M3 | H2: M4 | I2: M5 | J2: AVG | K2: STD | M2: AVG
A3: P1 | B3: Normal | C3: ChatGPT | D3: Rust | E3: 70.566 | F3: 70.249 | G3: 70.491 | H3: 70.733 | I3: 70.822 | J3: =AVERAGE(E3:I3) -> 70.5722 | K3: =STDEV(E3:I3) -> 0.22324135 | N3: {=_xlfn.LET(_xlpm.lang,$D3,_xlpm.tempo,$J3,_xlpm.ref,_xlfn.XLOOKUP(_xlpm.lang,$D$36:$D$42,$J$36:$J$42,""),IF(OR(_xlpm.tempo="Failed",_xlpm.ref=""),"Not Applicable",IF(_xlpm.tempo>_xlpm.ref,"Bigger",IF(_xlpm.tempo<_xlpm.ref,"Smaller","Equal"))))} -> Not Applicable
A4: P1 | B4: Normal | C4: Claude | D4: Python | E4: 2960.764 | F4: 2939.381 | G4: 2937.987 | H4: 2996.366 | I4: 3005.772 | J4: =AVERAGE(E4:I4) -> 2968.054 | K4: =STDEV(E4:I4) -> 31.636713 | N4: {=_xlfn.LET(_xlpm.lang,$D4,_xlpm.tempo,$J4,_xlpm.ref,_xlfn.XLOOKUP(_xlpm.lang,$D$36:$D$42,$J$36:$J$42,""),IF(OR(_xlpm.tempo="Failed",_xlpm.ref=""),"Not Applicable",IF(_xlpm.tempo>_xlpm.ref,"Bigger",IF(_xlpm.tempo<_xlpm.ref,"Smaller","Equal"))))} -> Bigger | Q4: MIN | R4: MAX | S4: PROMPT (MIN) | T4: SEARCH TYPE (MIN) | U4: PROMPT (MAX) | V4: SEARCH TYPE (MAX)
A5: P1 | B5: Normal | C5: DeepSeek | D5: Python | E5: Failed | F5: Failed | G5: Failed | H5: Failed | I5: Failed | J5: Failed | K5: Failed | L5: It did not compile. | N5: {=_xlfn.LET(_xlpm.lang,$D5,_xlpm.tempo,$J5,_xlpm.ref,_xlfn.XLOOKUP(_xlpm.lang,$D$36:$D$42,$J$36:$J$42,""),IF(OR(_xlpm.tempo="Failed",_xlpm.ref=""),"Not Applicable",IF(_xlpm.tempo>_xlpm.ref,"Bigger",IF(_xlpm.tempo<_xlpm.ref,"Smaller","Equal"))))} -> Not Applicable | P5: C | Q5: =_xlfn.MINIFS($J$3:$J$35,$D$3:$D$35,"C") -> 13.9212 | R5: =_xlfn.MAXIFS($J$3:$J$35,$D$3:$D$35,"C") -> 13.9212 | S5: {=INDEX($A$3:$A$35,MATCH(1,($D$3:$D$35="C")*($J$3:$J$35=_xlfn.MINIFS($J$3:$J$35,$D$3:$D$35,"C")),0))} -> P4 | T5: {=INDEX($B$3:$B$35,MATCH(1,($D$3:$D$35="C")*($J$3:$J$35=_xlfn.MINIFS($J$3:$J$35,$D$3:$D$35,"C")),0))} -> TBR | U5: {=INDEX($A$3:$A$35,MATCH(1,($D$3:$D$35="C")*($J$3:$J$35=_xlfn.MAXIFS($J$3:$J$35,$D$3:$D$35,"C")),0))} -> P4 | V5: {=INDEX($B$3:$B$35,MATCH(1,($D$3:$D$35="C")*($J$3:$J$35=_xlfn.MAXIFS($J$3:$J$35,$D$3:$D$35,"C")),0))} -> TBR
A6: P1 | B6: Normal | C6: Gemini | D6: Python | E6: 696.073 | F6: 699.493 | G6: 710.818 | H6: 707.018 | I6: 712.213 | J6: =AVERAGE(E6:I6) -> 705.123 | K6: =STDEV(E6:I6) -> 7.0691504 | N6: {=_xlfn.LET(_xlpm.lang,$D6,_xlpm.tempo,$J6,_xlpm.ref,_xlfn.XLOOKUP(_xlpm.lang,$D$36:$D$42,$J$36:$J$42,""),IF(OR(_xlpm.tempo="Failed",_xlpm.ref=""),"Not Applicable",IF(_xlpm.tempo>_xlpm.ref,"Bigger",IF(_xlpm.tempo<_xlpm.ref,"Smaller","Equal"))))} -> Bigger | P6: Go | Q6: =_xlfn.MINIFS($J$3:$J$35,$D$3:$D$35,"Go") -> 4.2194 | R6: =_xlfn.MAXIFS($J$3:$J$35,$D$3:$D$35,"Go") -> 4.2194 | S6: {=INDEX($A$3:$A$35,MATCH(1,($D$3:$D$35="Go")*($J$3:$J$35=_xlfn.MINIFS($J$3:$J$35,$D$3:$D$35,"Go")),0))} -> P2 | T6: {=INDEX($B$3:$B$35,MATCH(1,($D$3:$D$35="Go")*($J$3:$J$35=_xlfn.MINIFS($J$3:$J$35,$D$3:$D$35,"Go")),0))} -> TBR | U6: {=INDEX($A$3:$A$35,MATCH(1,($D$3:$D$35="Go")*($J$3:$J$35=_xlfn.MAXIFS($J$3:$J$35,$D$3:$D$35,"Go")),0))} -> P2 | V6: {=INDEX($B$3:$B$35,MATCH(1,($D$3:$D$35="Go")*($J$3:$J$35=_xlfn.MAXIFS($J$3:$J$35,$D$3:$D$35,"Go")),0))} -> TBR
A7: P1 | B7: TBR | C7: ChatGPT | D7: Java | E7: Failed | F7: Failed | G7: Failed | H7: Failed | I7: Failed | J7: Failed | K7: Failed | L7: It did not compile. | N7: {=_xlfn.LET(_xlpm.lang,$D7,_xlpm.tempo,$J7,_xlpm.ref,_xlfn.XLOOKUP(_xlpm.lang,$D$36:$D$42,$J$36:$J$42,""),IF(OR(_xlpm.tempo="Failed",_xlpm.ref=""),"Not Applicable",IF(_xlpm.tempo>_xlpm.ref,"Bigger",IF(_xlpm.tempo<_xlpm.ref,"Smaller","Equal"))))} -> Not Applicable | P7: Python | Q7: =_xlfn.MINIFS($J$3:$J$35,$D$3:$D$35,"Python") -> 297.9552 | R7: =_xlfn.MAXIFS($J$3:$J$35,$D$3:$D$35,"Python") -> 12068.088 | S7: {=INDEX($A$3:$A$35,MATCH(1,($D$3:$D$35="Python")*($J$3:$J$35=_xlfn.MINIFS($J$3:$J$35,$D$3:$D$35,"Python")),0))} -> P1 | T7: {=INDEX($B$3:$B$35,MATCH(1,($D$3:$D$35="Python")*($J$3:$J$35=_xlfn.MINIFS($J$3:$J$35,$D$3:$D$35,"Python")),0))} -> TBR | U7: {=INDEX($A$3:$A$35,MATCH(1,($D$3:$D$35="Python")*($J$3:$J$35=_xlfn.MAXIFS($J$3:$J$35,$D$3:$D$35,"Python")),0))} -> P2 | V7: {=INDEX($B$3:$B$35,MATCH(1,($D$3:$D$35="Python")*($J$3:$J$35=_xlfn.MAXIFS($J$3:$J$35,$D$3:$D$35,"Python")),0))} -> Normal
A8: P1 | B8: TBR | C8: Claude | D8: Python | E8: 3592.362 | F8: 3582.331 | G8: 3596.765 | H8: 3525.715 | I8: 3585.123 | J8: =AVERAGE(E8:I8) -> 3576.4592 | K8: =STDEV(E8:I8) -> 28.93846 | N8: {=_xlfn.LET(_xlpm.lang,$D8,_xlpm.tempo,$J8,_xlpm.ref,_xlfn.XLOOKUP(_xlpm.lang,$D$36:$D$42,$J$36:$J$42,""),IF(OR(_xlpm.tempo="Failed",_xlpm.ref=""),"Not Applicable",IF(_xlpm.tempo>_xlpm.ref,"Bigger",IF(_xlpm.tempo<_xlpm.ref,"Smaller","Equal"))))} -> Bigger
A9: P1 | B9: TBR | C9: DeepSeek | D9: Python | E9: 11222.644 | F9: 11425.988 | G9: 11496.456 | H9: 11215.881 | I9: 11316.121 | J9: =AVERAGE(E9:I9) -> 11335.418 | K9: =STDEV(E9:I9) -> 124.0117 | N9: {=_xlfn.LET(_xlpm.lang,$D9,_xlpm.tempo,$J9,_xlpm.ref,_xlfn.XLOOKUP(_xlpm.lang,$D$36:$D$42,$J$36:$J$42,""),IF(OR(_xlpm.tempo="Failed",_xlpm.ref=""),"Not Applicable",IF(_xlpm.tempo>_xlpm.ref,"Bigger",IF(_xlpm.tempo<_xlpm.ref,"Smaller","Equal"))))} -> Bigger | P9: =COUNTIF(N3:N35, "Smaller") -> 2 | Q9: =COUNTIFS($N$3:$N35, "Smaller", $D$3:$D35, "Python") -> 0
A10: P1 | B10: TBR | C10: Gemini | D10: Python | E10: 327.952 | F10: 305.973 | G10: 285.916 | H10: 285.814 | I10: 284.121 | J10: =AVERAGE(E10:I10) -> 297.9552 | K10: =STDEV(E10:I10) -> 19.025176 | M10: 292.196 | N10: {=_xlfn.LET(_xlpm.lang,$D10,_xlpm.tempo,$J10,_xlpm.ref,_xlfn.XLOOKUP(_xlpm.lang,$D$36:$D$42,$J$36:$J$42,""),IF(OR(_xlpm.tempo="Failed",_xlpm.ref=""),"Not Applicable",IF(_xlpm.tempo>_xlpm.ref,"Bigger",IF(_xlpm.tempo<_xlpm.ref,"Smaller","Equal"))))} -> Bigger
A11: P2 | B11: Normal | C11: ChatGPT | D11: Rust | E11: 21.111 | F11: 20.937 | G11: 20.961 | H11: 20.936 | I11: 21.08 | J11: =AVERAGE(E11:I11) -> 21.005 | K11: =STDEV(E11:I11) -> 0.083937477 | N11: {=_xlfn.LET(_xlpm.lang,$D11,_xlpm.tempo,$J11,_xlpm.ref,_xlfn.XLOOKUP(_xlpm.lang,$D$36:$D$42,$J$36:$J$42,""),IF(OR(_xlpm.tempo="Failed",_xlpm.ref=""),"Not Applicable",IF(_xlpm.tempo>_xlpm.ref,"Bigger",IF(_xlpm.tempo<_xlpm.ref,"Smaller","Equal"))))} -> Not Applicable
A12: P2 | B12: Normal | C12: Claude | D12: Python | E12: 7140.366 | F12: 7255.825 | G12: 7151.153 | H12: 7478.996 | I12: 7092.365 | J12: =AVERAGE(E12:I12) -> 7223.741 | K12: =STDEV(E12:I12) -> 154.64844 | N12: {=_xlfn.LET(_xlpm.lang,$D12,_xlpm.tempo,$J12,_xlpm.ref,_xlfn.XLOOKUP(_xlpm.lang,$D$36:$D$42,$J$36:$J$42,""),IF(OR(_xlpm.tempo="Failed",_xlpm.ref=""),"Not Applicable",IF(_xlpm.tempo>_xlpm.ref,"Bigger",IF(_xlpm.tempo<_xlpm.ref,"Smaller","Equal"))))} -> Bigger
A13: P2 | B13: Normal | C13: DeepSeek | D13: Python | E13: 12273.726 | F13: 12241.187 | G13: 11778.225 | H13: 11988.638 | I13: 12058.665 | J13: =AVERAGE(E13:I13) -> 12068.088 | K13: =STDEV(E13:I13) -> 201.66303 | N13: {=_xlfn.LET(_xlpm.lang,$D13,_xlpm.tempo,$J13,_xlpm.ref,_xlfn.XLOOKUP(_xlpm.lang,$D$36:$D$42,$J$36:$J$42,""),IF(OR(_xlpm.tempo="Failed",_xlpm.ref=""),"Not Applicable",IF(_xlpm.tempo>_xlpm.ref,"Bigger",IF(_xlpm.tempo<_xlpm.ref,"Smaller","Equal"))))} -> Bigger
A14: P2 | B14: Normal | C14: Gemini | D14: C++ | E14: 24.36 | F14: 24.441 | G14: 24.412 | H14: 24.418 | I14: 24.337 | J14: =AVERAGE(E14:I14) -> 24.3936 | K14: =STDEV(E14:I14) -> 0.043339359 | N14: {=_xlfn.LET(_xlpm.lang,$D14,_xlpm.tempo,$J14,_xlpm.ref,_xlfn.XLOOKUP(_xlpm.lang,$D$36:$D$42,$J$36:$J$42,""),IF(OR(_xlpm.tempo="Failed",_xlpm.ref=""),"Not Applicable",IF(_xlpm.tempo>_xlpm.ref,"Bigger",IF(_xlpm.tempo<_xlpm.ref,"Smaller","Equal"))))} -> Smaller
A15: P2 | B15: TBR | C15: ChatGPT | D15: Rust | E15: 21.662 | F15: 21.695 | G15: 21.75 | H15: 21.785 | I15: 21.981 | J15: =AVERAGE(E15:I15) -> 21.7746 | K15: =STDEV(E15:I15) -> 0.12482908 | N15: {=_xlfn.LET(_xlpm.lang,$D15,_xlpm.tempo,$J15,_xlpm.ref,_xlfn.XLOOKUP(_xlpm.lang,$D$36:$D$42,$J$36:$J$42,""),IF(OR(_xlpm.tempo="Failed",_xlpm.ref=""),"Not Applicable",IF(_xlpm.tempo>_xlpm.ref,"Bigger",IF(_xlpm.tempo<_xlpm.ref,"Smaller","Equal"))))} -> Not Applicable
A16: P2 | B16: TBR | C16: Claude | D16: Python | E16: 3955.712 | F16: 3938.187 | G16: 3990.569 | H16: 3912.763 | I16: 3790.865 | J16: =AVERAGE(E16:I16) -> 3917.6192 | K16: =STDEV(E16:I16) -> 76.298721 | N16: {=_xlfn.LET(_xlpm.lang,$D16,_xlpm.tempo,$J16,_xlpm.ref,_xlfn.XLOOKUP(_xlpm.lang,$D$36:$D$42,$J$36:$J$42,""),IF(OR(_xlpm.tempo="Failed",_xlpm.ref=""),"Not Applicable",IF(_xlpm.tempo>_xlpm.ref,"Bigger",IF(_xlpm.tempo<_xlpm.ref,"Smaller","Equal"))))} -> Bigger
A17: P2 | B17: TBR | C17: DeepSeek | D17: Python | E17: Failed | F17: Failed | G17: Failed | H17: Failed | I17: Failed | J17: Failed | K17: Failed | L17: Compiled ok. Wrong output. | N17: {=_xlfn.LET(_xlpm.lang,$D17,_xlpm.tempo,$J17,_xlpm.ref,_xlfn.XLOOKUP(_xlpm.lang,$D$36:$D$42,$J$36:$J$42,""),IF(OR(_xlpm.tempo="Failed",_xlpm.ref=""),"Not Applicable",IF(_xlpm.tempo>_xlpm.ref,"Bigger",IF(_xlpm.tempo<_xlpm.ref,"Smaller","Equal"))))} -> Not Applicable
A18: P2 | B18: TBR | C18: Gemini | D18: Go | E18: 4.216 | F18: 4.217 | G18: 4.23 | H18: 4.213 | I18: 4.221 | J18: =AVERAGE(E18:I18) -> 4.2194 | K18: =STDEV(E18:I18) -> 0.0065802736 | N18: {=_xlfn.LET(_xlpm.lang,$D18,_xlpm.tempo,$J18,_xlpm.ref,_xlfn.XLOOKUP(_xlpm.lang,$D$36:$D$42,$J$36:$J$42,""),IF(OR(_xlpm.tempo="Failed",_xlpm.ref=""),"Not Applicable",IF(_xlpm.tempo>_xlpm.ref,"Bigger",IF(_xlpm.tempo<_xlpm.ref,"Smaller","Equal"))))} -> Bigger
A19: P3 | B19: Normal | C19: ChatGPT | D19: Rust | E19: 23.656 | F19: 23.54 | G19: 23.638 | H19: 23.651 | I19: 23.435 | J19: =AVERAGE(E19:I19) -> 23.584 | K19: =STDEV(E19:I19) -> 0.095820144 | N19: {=_xlfn.LET(_xlpm.lang,$D19,_xlpm.tempo,$J19,_xlpm.ref,_xlfn.XLOOKUP(_xlpm.lang,$D$36:$D$42,$J$36:$J$42,""),IF(OR(_xlpm.tempo="Failed",_xlpm.ref=""),"Not Applicable",IF(_xlpm.tempo>_xlpm.ref,"Bigger",IF(_xlpm.tempo<_xlpm.ref,"Smaller","Equal"))))} -> Not Applicable
A20: P3 | B20: Normal | C20: Claude | D20: Python | E20: Failed | F20: Failed | G20: Failed | H20: Failed | I20: Failed | J20: Failed | K20: Failed | L20: Compiled ok. Wrong output. | N20: {=_xlfn.LET(_xlpm.lang,$D20,_xlpm.tempo,$J20,_xlpm.ref,_xlfn.XLOOKUP(_xlpm.lang,$D$36:$D$42,$J$36:$J$42,""),IF(OR(_xlpm.tempo="Failed",_xlpm.ref=""),"Not Applicable",IF(_xlpm.tempo>_xlpm.ref,"Bigger",IF(_xlpm.tempo<_xlpm.ref,"Smaller","Equal"))))} -> Not Applicable
A21: P3 | B21: Normal | C21: DeepSeek | D21: Python | E21: Failed | F21: Failed | G21: Failed | H21: Failed | I21: Failed | J21: Failed | K21: Failed | L21: Compiled ok. Wrong output. | N21: {=_xlfn.LET(_xlpm.lang,$D21,_xlpm.tempo,$J21,_xlpm.ref,_xlfn.XLOOKUP(_xlpm.lang,$D$36:$D$42,$J$36:$J$42,""),IF(OR(_xlpm.tempo="Failed",_xlpm.ref=""),"Not Applicable",IF(_xlpm.tempo>_xlpm.ref,"Bigger",IF(_xlpm.tempo<_xlpm.ref,"Smaller","Equal"))))} -> Not Applicable
A22: P3 | B22: Normal | C22: DeepSeek | D22: Python | E22: Failed | F22: Failed | G22: Failed | H22: Failed | I22: Failed | J22: Failed | K22: Failed | L22: Compiled ok. Wrong output. | N22: {=_xlfn.LET(_xlpm.lang,$D22,_xlpm.tempo,$J22,_xlpm.ref,_xlfn.XLOOKUP(_xlpm.lang,$D$36:$D$42,$J$36:$J$42,""),IF(OR(_xlpm.tempo="Failed",_xlpm.ref=""),"Not Applicable",IF(_xlpm.tempo>_xlpm.ref,"Bigger",IF(_xlpm.tempo<_xlpm.ref,"Smaller","Equal"))))} -> Not Applicable
A23: P3 | B23: Normal | C23: Gemini | D23: Python | E23: Failed | F23: Failed | G23: Failed | H23: Failed | I23: Failed | J23: Failed | K23: Failed | L23: Compiled ok. Wrong output. | N23: {=_xlfn.LET(_xlpm.lang,$D23,_xlpm.tempo,$J23,_xlpm.ref,_xlfn.XLOOKUP(_xlpm.lang,$D$36:$D$42,$J$36:$J$42,""),IF(OR(_xlpm.tempo="Failed",_xlpm.ref=""),"Not Applicable",IF(_xlpm.tempo>_xlpm.ref,"Bigger",IF(_xlpm.tempo<_xlpm.ref,"Smaller","Equal"))))} -> Not Applicable
A24: P3 | B24: TBR | C24: ChatGPT | D24: No Code | E24: Failed | F24: Failed | G24: Failed | H24: Failed | I24: Failed | J24: Failed | K24: Failed | L24: No Code | N24: {=_xlfn.LET(_xlpm.lang,$D24,_xlpm.tempo,$J24,_xlpm.ref,_xlfn.XLOOKUP(_xlpm.lang,$D$36:$D$42,$J$36:$J$42,""),IF(OR(_xlpm.tempo="Failed",_xlpm.ref=""),"Not Applicable",IF(_xlpm.tempo>_xlpm.ref,"Bigger",IF(_xlpm.tempo<_xlpm.ref,"Smaller","Equal"))))} -> Not Applicable
A25: P3 | B25: TBR | C25: Claude | D25: Python | E25: Failed | F25: Failed | G25: Failed | H25: Failed | I25: Failed | J25: Failed | K25: Failed | L25: Compiled ok. Wrong output. | N25: {=_xlfn.LET(_xlpm.lang,$D25,_xlpm.tempo,$J25,_xlpm.ref,_xlfn.XLOOKUP(_xlpm.lang,$D$36:$D$42,$J$36:$J$42,""),IF(OR(_xlpm.tempo="Failed",_xlpm.ref=""),"Not Applicable",IF(_xlpm.tempo>_xlpm.ref,"Bigger",IF(_xlpm.tempo<_xlpm.ref,"Smaller","Equal"))))} -> Not Applicable
A26: P3 | B26: TBR | C26: DeepSeek | D26: Python | E26: Failed | F26: Failed | G26: Failed | H26: Failed | I26: Failed | J26: Failed | K26: Failed | L26: Compiled ok. Wrong output. | N26: {=_xlfn.LET(_xlpm.lang,$D26,_xlpm.tempo,$J26,_xlpm.ref,_xlfn.XLOOKUP(_xlpm.lang,$D$36:$D$42,$J$36:$J$42,""),IF(OR(_xlpm.tempo="Failed",_xlpm.ref=""),"Not Applicable",IF(_xlpm.tempo>_xlpm.ref,"Bigger",IF(_xlpm.tempo<_xlpm.ref,"Smaller","Equal"))))} -> Not Applicable
A27: P3 | B27: TBR | C27: Gemini | D27: Python | E27: Failed | F27: Failed | G27: Failed | H27: Failed | I27: Failed | J27: Failed | K27: Failed | L27: Compiled ok. Wrong output. | N27: {=_xlfn.LET(_xlpm.lang,$D27,_xlpm.tempo,$J27,_xlpm.ref,_xlfn.XLOOKUP(_xlpm.lang,$D$36:$D$42,$J$36:$J$42,""),IF(OR(_xlpm.tempo="Failed",_xlpm.ref=""),"Not Applicable",IF(_xlpm.tempo>_xlpm.ref,"Bigger",IF(_xlpm.tempo<_xlpm.ref,"Smaller","Equal"))))} -> Not Applicable
