Workbook

Sheet Specs
B1: CHATGPT | C1: CLAUDE | D1: COPILOT | E1: DEEPSEEK | F1: GEMINI | G1: DATE CREATED
A2: pi-digits | B2: GPT 5.2 | C2: Sonnet 4.5 | D2: GPT 5.1 OpenAI O3 (TBR) | E2: DeepSeek v3.2 | F2: Gemini 3 Gemini 3 Pro (TBR) | G2: 25/01/2026
A3: n-body | G3: 26/01/2026
A4: reverse-complement | G4: 25/01/2026 | H4: Testar com os dados do CLBG e um exemplo de menor complexidade.
A5: fasta | G5: 23/01/2026
A6: k-nucleotide | G6: 25/01/2026
A7: regex-redux | G7: 25/01/2026
A8: spectral-norm | G8: 25/01/2026
A9: mandelbrot | G9: 26/01/2026
A10: binary-trees | G10: 26/01/2026
A11: fannkuch-redux | G11: 27/01/2026

Sheet all-data
A1: BENCHMARK | B1: PROMPT | C1: SEARCH TYPE | D1: AI TOOL | E1: P. L. | F1: OUTPUT COMMENT
A2: Fasta | B2: P1 | C2: Normal | D2: ChatGPT | E2: Python | F2: It worked.
A3: Fasta | B3: P1 | C3: Normal | D3: Claude | E3: Python | F3: It worked.
A4: Fasta | B4: P1 | C4: Normal | D4: Copilot | E4: Python | F4: It worked.
A5: Fasta | B5: P1 | C5: Normal | D5: DeepSeek | E5: Python | F5: It worked.
A6: Fasta | B6: P1 | C6: Normal | D6: Gemini | E6: Python | F6: It worked.
A7: Fasta | B7: P1 | C7: TBR | D7: ChatGPT | E7: Python | F7: It worked.
A8: Fasta | B8: P1 | C8: TBR | D8: Claude | E8: Python | F8: It worked.
A9: Fasta | B9: P1 | C9: TBR | D9: Copilot | E9: Python | F9: Compiled ok. Wrong output.
A10: Fasta | B10: P1 | C10: TBR | D10: DeepSeek | E10: Python | F10: It worked.
A11: Fasta | B11: P1 | C11: TBR | D11: Gemini | E11: Python | F11: It worked.
A12: Fasta | B12: P2 | C12: Normal | D12: ChatGPT | E12: Go | F12: It worked.
... A499: Fannkuch-redux | B499: P4 | C499: TBR | D499: Gemini | E499: C++ | F499: Compiled ok. Wrong output.

Sheet Recurrence
A2: P. L. | B2: Count of P. L. | D2: Count of OUTPUT COMMENT | E2: OUTPUT COMMENT | M2: Count of P. L. | N2: P. L.
A3: Bash (.sh) | B3: 2 | D3: BENCHMARK | E3: Compiled ok. Wrong output. | F3: It did not compile. | G3: It worked. | H3: No Code | I3: Grand Total | M3: PROMPT | N3: Bash (.sh) | O3: C | P3: C# | Q3: C++ | R3: Go | S3: Java | T3: JavaScript | U3: Julia | V3: Python | W3: Ruby | X3: Rust | Y3: Grand Total
A4: C | B4: 60 | D4: Binary-trees | E4: 8 | F4: 11 | G4: 50 | H4: 2 | I4: 71 | M4: P1 | N4: 1 | O4: 16 | P4: 1 | Q4: 5 | R4: 3 | S4: 12 | T4: 2 | V4: 81 | X4: 5 | Y4: 126
A5: C# | B5: 3 | D5: Fannkuch-redux | E5: 36 | F5: 7 | G5: 4 | H5: 6 | I5: 53 | M5: P2 | N5: 1 | O5: 15 | Q5: 14 | R5: 10 | S5: 1 | V5: 51 | X5: 8 | Y5: 100
A6: C++ | B6: 38 | D6: Fasta | E6: 8 | F6: 1 | G6: 31 | H6: 1 | I6: 41 | M6: P3 | O6: 15 | Q6: 9 | R6: 5 | S6: 5 | T6: 2 | U6: 1 | V6: 70 | W6: 1 | X6: 10 | Y6: 118
A7: Go | B7: 39 | D7: K-nucleotide | E7: 16 | F7: 4 | G7: 21 | H7: 4 | I7: 45 | M7: P4 | O7: 14 | P7: 2 | Q7: 10 | R7: 21 | S7: 7 | T7: 2 | V7: 54 | X7: 8 | Y7: 118
A8: Java | B8: 25 | D8: Mandelbrot | E8: 8 | F8: 7 | G8: 32 | H8: 1 | I8: 48 | M8: Grand Total | N8: 2 | O8: 60 | P8: 3 | Q8: 38 | R8: 39 | S8: 25 | T8: 6 | U8: 1 | V8: 256 | W8: 1 | X8: 31 | Y8: 462
A9: JavaScript | B9: 6 | D9: N-body | E9: 15 | F9: 2 | G9: 21 | H9: 4 | I9: 42
A10: Julia | B10: 1 | D10: Pi-digits | E10: 24 | F10: 5 | G10: 19 | H10: 4 | I10: 52
A11: Python | B11: 256 | D11: Regex-redux | E11: 21 | F11: 6 | G11: 15 | H11: 10 | I11: 52 | M11: Count of SEARCH TYPE | N11: OUTPUT COMMENT
A12: Ruby | B12: 1 | D12: Reverse-complement | E12: 29 | G12: 15 | H12: 3 | I12: 47 | M12: SEARCH TYPE | N12: Compiled ok. Wrong output. | O12: It did not compile. | P12: It worked. | Q12: Grand Total
A13: Rust | B13: 31 | D13: Spectral-norm | E13: 21 | F13: 1 | G13: 24 | H13: 1 | I13: 47 | M13: Normal | N13: 100 | O13: 20 | P13: 115 | Q13: 235
A14: Grand Total | B14: 462 | D14: Grand Total | E14: 186 | F14: 44 | G14: 232 | H14: 36 | I14: 498 | M14: TBR | N14: 86 | O14: 24 | P14: 117 | Q14: 227
M15: Grand Total | N15: 186 | O15: 44 | P15: 232 | Q15: 462
D18: Count of OUTPUT COMMENT | F18: OUTPUT COMMENT | M18: Count of OUTPUT COMMENT | N18: OUTPUT COMMENT | O18: PROMPT
D19: BENCHMARK | E19: PROMPT | F19: Compiled ok. Wrong output. | G19: It did not compile. | H19: It worked. | I19: No Code | J19: Grand Total | N19: Compiled ok. Wrong output. | R19: Compiled ok. Wrong output. Total | S19: It did not compile. | W19: It did not compile. Total | X19: It worked. | AB19: It worked. Total | AC19: No Code | AG19: No Code Total | AH19: Grand Total
D20: Binary-trees | E20: P3 | F20: 3 | H20: 12 | I20: 1 | J20: 16 | M20: BENCHMARK | N20: P1 | O20: P2 | P20: P3 | Q20: P4 | S20: P1 | T20: P2 | U20: P3 | V20: P4 | X20: P1 | Y20: P2 | Z20: P3 | AA20: P4 | AC20: P1 | AD20: P2 | AE20: P3 | AF20: P4
E21: P4 | F21: 3 | H21: 18 | J21: 21 | M21: Binary-trees | N21: 1 | O21: 1 | P21: 3 | Q21: 3 | R21: 8 | S21: 8 | T21: 3 | W21: 11 | X21: 13 | Y21: 7 | Z21: 12 | AA21: 18 | AB21: 50 | AD21: 1 | AE21: 1 | AG21: 2 | AH21: 71
D22: Binary-trees Total | F22: 6 | H22: 30 | I22: 1 | J22: 37 | M22: Fannkuch-redux | N22: 9 | O22: 4 | P22: 12 | Q22: 11 | R22: 36 | S22: 3 | T22: 3 | U22: 1 | W22: 7 | X22: 1 | Y22: 3 | AB22: 4 | AC22: 1 | AD22: 3 | AE22: 1 | AF22: 1 | AG22: 6 | AH22: 53
D23: Fannkuch-redux | E23: P3 | F23: 12 | G23: 1 | I23: 1 | J23: 14 | M23: Fasta | N23: 1 | O23: 1 | P23: 4 | Q23: 2 | R23: 8 | T23: 1 | W23: 1 | X23: 9 | Y23: 8 | Z23: 6 | AA23: 8 | AB23: 31 | AE23: 1 | AG23: 1 | AH23: 41
E24: P4 | F24: 11 | I24: 1 | J24: 12 | M24: K-nucleotide | N24: 4 | O24: 7 | P24: 4 | Q24: 1 | R24: 16 | T24: 1 | U24: 1 | V24: 2 | W24: 4 | X24: 7 | Y24: 3 | Z24: 5 | AA24: 6 | AB24: 21 | AD24: 1 | AE24: 1 | AF24: 2 | AG24: 4 | AH24: 45
D25: Fannkuch-redux Total | F25: 23 | G25: 1 | I25: 2 | J25: 26 | M25: Mandelbrot | P25: 7 | Q25: 1 | R25: 8 | S25: 1 | U25: 2 | V25: 4 | W25: 7 | X25: 12 | Y25: 10 | Z25: 5 | AA25: 5 | AB25: 32 | AD25: 1 | AG25: 1 | AH25: 48
D26: Fasta | E26: P3 | F26: 4 | H26: 6 | I26: 1 | J26: 11 | M26: N-body | O26: 1 | P26: 7 | Q26: 7 | R26: 15 | S26: 2 | W26: 2 | X26: 7 | Y26: 8 | Z26: 2 | AA26: 4 | AB26: 21 | AC26: 1 | AD26: 1 | AE26: 2 | AG26: 4 | AH26: 42
E27: P4 | F27: 2 | H27: 8 | J27: 10 | M27: Pi-digits | N27: 6 | O27: 2 | P27: 10 | Q27: 6 | R27: 24 | S27: 3 | T27: 2 | W27: 5 | X27: 7 | Y27: 5 | Z27: 3 | AA27: 4 | AB27: 19 | AC27: 2 | AD27: 2 | AG27: 4 | AH27: 52
D28: Fasta Total | F28: 6 | H28: 14 | I28: 1 | J28: 21 | M28: Regex-redux | N28: 6 | O28: 4 | P28: 6 | Q28: 5 | R28: 21 | T28: 4 | V28: 2 | W28: 6 | X28: 2 | Y28: 2 | Z28: 4 | AA28: 7 | AB28: 15 | AC28: 3 | AD28: 2 | AE28: 3 | AF28: 2 | AG28: 10 | AH28: 52
D29: K-nucleotide | E29: P3 | F29: 4 | G29: 1 | H29: 5 | I29: 1 | J29: 11 | M29: Reverse-complement | N29: 7 | O29: 5 | P29: 10 | Q29: 7 | R29: 29 | X29: 6 | Y29: 4 | Z29: 2 | AA29: 3 | AB29: 15 | AC29: 1 | AD29: 1 | AF29: 1 | AG29: 3 | AH29: 47
E30: P4 | F30: 1 | G30: 2 | H30: 6 | I30: 2 | J30: 11 | M30: Spectral-norm | N30: 4 | O30: 3 | P30: 8 | Q30: 6 | R30: 21 | S30: 1 | W30: 1 | X30: 6 | Y30: 8 | Z30: 4 | AA30: 6 | AB30: 24 | AC30: 1 | AG30: 1 | AH30: 47
D31: K-nucleotide Total | F31: 5 | G31: 3 | H31: 11 | I31: 3 | J31: 22 | M31: Grand Total | N31: 38 | O31: 28 | P31: 71 | Q31: 49 | R31: 186 | S31: 18 | T31: 14 | U31: 4 | V31: 8 | W31: 44 | X31: 70 | Y31: 58 | Z31: 43 | AA31: 61 | AB31: 232 | AC31: 9 | AD31: 12 | AE31: 9 | AF31: 6 | AG31: 36 | AH31: 498
D32: Mandelbrot | E32: P3 | F32: 7 | G32: 2 | H32: 5 | J32: 14
E33: P4 | F33: 1 | G33: 4 | H33: 5 | J33: 10
D34: Mandelbrot Total | F34: 8 | G34: 6 | H34: 10 | J34: 24 | M34: Count of OUTPUT COMMENT | O34: OUTPUT COMMENT
D35: N-body | E35: P3 | F35: 7 | H35: 2 | I35: 2 | J35: 11 | M35: AI TOOL | N35: P. L. | O35: Compiled ok. Wrong output. | P35: It did not compile. | Q35: It worked. | R35: Grand Total
E36: P4 | F36: 7 | H36: 4 | J36: 11 | M36: ChatGPT | N36: C | O36: 7 | P36: 1 | Q36: 12 | R36: 20
D37: N-body Total | F37: 14 | H37: 6 | I37: 2 | J37: 22 | N37: Go | O37: 3 | Q37: 13 | R37: 16
D38: Pi-digits | E38: P3 | F38: 10 | H38: 3 | J38: 13 | N38: Java | P38: 1 | R38: 1
E39: P4 | F39: 6 | H39: 4 | J39: 10 | N39: Python | O39: 1 | Q39: 5 | R39: 6
D40: Pi-digits Total | F40: 16 | H40: 7 | J40: 23 | N40: Rust | O40: 6 | P40: 1 | Q40: 15 | R40: 22
D41: Regex-redux | E41: P3 | F41: 6 | H41: 4 | I41: 3 | J41: 13 | M41: ChatGPT Total | O41: 17 | P41: 3 | Q41: 45 | R41: 65
E42: P4 | F42: 5 | G42: 2 | H42: 7 | I42: 2 | J42: 16 | M42: Claude | N42: C | O42: 6 | Q42: 9 | R42: 15
D43: Regex-redux Total | F43: 11 | G43: 2 | H43: 11 | I43: 5 | J43: 29 | N43: C# | Q43: 3 | R43: 3
D44: Reverse-complement | E44: P3 | F44: 10 | H44: 2 | J44: 12 | N44: C++ | Q44: 5 | R44: 5
E45: P4 | F45: 7 | H45: 3 | I45: 1 | J45: 11 | N45: Go | P45: 1 | Q45: 4 | R45: 5
D46: Reverse-complement Total | F46: 17 | H46: 5 | I46: 1 | J46: 23 | N46: Java | Q46: 6 | R46: 6
D47: Spectral-norm | E47: P3 | F47: 8 | H47: 4 | J47: 12 | N47: JavaScript | Q47: 3 | R47: 3
E48: P4 | F48: 6 | H48: 6 | J48: 12 | N48: Python | O48: 29 | P48: 2 | Q48: 41 | R48: 72
D49: Spectral-norm Total | F49: 14 | H49: 10 | J49: 24 | N49: Rust | O49: 2 | P49: 1 | Q49: 3 | R49: 6
D50: Grand Total | F50: 120 | G50: 12 | H50: 104 | I50: 15 | J50: 251 | M50: Claude Total | O50: 37 | P50: 4 | Q50: 74 | R50: 115
M51: Copilot | N51: C | O51: 5 | P51: 1 | Q51: 8 | R51: 14
N52: C++ | O52: 1 | R52: 1
D53: Count of P. L. | E53: PROMPT | N53: Go | O53: 4 | P53: 4 | Q53: 6 | R53: 14
D54: P. L. | E54: P1 | F54: P2 | G54: P3 | H54: P4 | I54: Grand Total | N54: Java | O54: 3 | P54: 2 | Q54: 1 | R54: 6
D55: Bash (.sh) | E55: 1 | F55: 1 | I55: 2 | N55: Python | O55: 24 | Q55: 8 | R55: 32
D56: C | E56: 16 | F56: 15 | G56: 15 | H56: 14 | I56: 60 | N56: Rust | Q56: 1 | R56: 1
D57: C# | E57: 1 | H57: 2 | I57: 3 | M57: Copilot Total | O57: 37 | P57: 7 | Q57: 24 | R57: 68
D58: C++ | E58: 5 | F58: 14 | G58: 9 | H58: 10 | I58: 38 | M58: DeepSeek | N58: Bash (.sh) | O58: 2 | R58: 2
D59: Go | E59: 3 | F59: 10 | G59: 5 | H59: 21 | I59: 39 | N59: C | O59: 5 | P59: 1 | Q59: 4 | R59: 10
D60: Java | E60: 12 | F60: 1 | G60: 5 | H60: 7 | I60: 25 | N60: C++ | O60: 4 | P60: 7 | Q60: 5 | R60: 16
D61: JavaScript | E61: 2 | G61: 2 | H61: 2 | I61: 6 | N61: Go | O61: 1 | P61: 1 | R61: 2
D62: Julia | G62: 1 | I62: 1 | N62: Java | O62: 2 | P62: 2 | Q62: 3 | R62: 7
D63: Python | E63: 81 | F63: 51 | G63: 70 | H63: 54 | I63: 256 | N63: JavaScript | O63: 2 | Q63: 1 | R63: 3
D64: Ruby | G64: 1 | I64: 1 | N64: Julia | P64: 1 | R64: 1
D65: Rust | E65: 5 | F65: 8 | G65: 10 | H65: 8 | I65: 31 | N65: Python | O65: 56 | P65: 8 | Q65: 25 | R65: 89
D66: Grand Total | E66: 126 | F66: 100 | G66: 118 | H66: 118 | I66: 462 | N66: Ruby | O66: 1 | R66: 1
N67: Rust | O67: 1 | R67: 1
M68: DeepSeek Total | O68: 74 | P68: 20 | Q68: 38 | R68: 132
M69: Gemini | N69: C | Q69: 1 | R69: 1
N70: C++ | O70: 3 | P70: 6 | Q70: 7 | R70: 16
N71: Go | P71: 1 | Q71: 1 | R71: 2
B72: Count of OUTPUT COMMENT | C72: PROMPT | N72: Java | P72: 1 | Q72: 4 | R72: 5
B73: OUTPUT COMMENT | C73: P1 | D73: P2 | E73: P3 | F73: P4 | G73: Grand Total | N73: Python | O73: 17 | P73: 2 | Q73: 38 | R73: 57
B74: It worked. | C74: 70 | D74: 58 | E74: 43 | F74: 61 | G74: 232 | N74: Rust | O74: 1 | R74: 1
B75: Grand Total | C75: 70 | D75: 58 | E75: 43 | F75: 61 | G75: 232 | M75: Gemini Total | O75: 21 | P75: 10 | Q75: 51 | R75: 82
M76: Grand Total | O76: 186 | P76: 44 | Q76: 232 | R76: 462

Sheet correctness
A1: Search Mode | B1: Prompt | C1: Number of Codes Generated | D1: Number of Correct Codes | E1: Failed to compile or execute | F1: Compile ok. Wrong Output | G1: Correctness | H1: Total Correctness | I1: Correctness Difference
A2: Common | B2: P1 | C2: =COUNTIFS('all-data'!$B$2:$B$499, "P1", 'all-data'!$C$2:$C$499, "Normal", 'all-data'!$E$2:$E$499, "<>No Code") -> 64 | D2: =COUNTIFS('all-data'!$B$2:$B$499, "P1", 'all-data'!$C$2:$C$499, "Normal", 'all-data'!$F$2:$F$499, "It worked.") -> 36 | E2: =COUNTIFS('all-data'!$B$2:$B$499, "P1", 'all-data'!$C$2:$C$499, "Normal", 'all-data'!$F$2:$F$499, "It did not compile.") -> 8 | F2: =COUNTIFS('all-data'!$B$2:$B$499, "P1", 'all-data'!$C$2:$C$499, "Normal", 'all-data'!$F$2:$F$499, "Compiled ok. Wrong output.") -> 20 | G2: =(D2/C2)*100 -> 56.25 | H2: =(SUM(D2:D5)/SUM(C2:C5))*100 -> 48.93617 | I2: =ABS(H2-H6) -> 2.60568
B3: P2 | C3: =COUNTIFS('all-data'!$B$2:$B$499, "P2", 'all-data'!$C$2:$C$499, "Normal", 'all-data'!$E$2:$E$499, "<>No Code") -> 51 | D3: =COUNTIFS('all-data'!$B$2:$B$499, "P2", 'all-data'!$C$2:$C$499, "Normal", 'all-data'!$F$2:$F$499, "It worked.") -> 31 | E3: =COUNTIFS('all-data'!$B$2:$B$499, "P2", 'all-data'!$C$2:$C$499, "Normal", 'all-data'!$F$2:$F$499, "It did not compile.") -> 6 | F3: =COUNTIFS('all-data'!$B$2:$B$499, "P2", 'all-data'!$C$2:$C$499, "Normal", 'all-data'!$F$2:$F$499, "Compiled ok. Wrong output.") -> 14 | G3: =(D3/C3)*100 -> 60.784314
B4: P3 | C4: =COUNTIFS('all-data'!$B$2:B$499, "P3", 'all-data'!$C$2:$C$499, "Normal", 'all-data'!$E$2:$E$499, "<>No Code") -> 58 | D4: =COUNTIFS('all-data'!$B$2:$B$499, "P3", 'all-data'!$C$2:$C$499, "Normal", 'all-data'!$F$2:$F$499, "It worked.") -> 17 | E4: =COUNTIFS('all-data'!$B$2:$B$499, "P3", 'all-data'!$C$2:$C$499, "Normal", 'all-data'!$F$2:$F$499, "It did not compile.") -> 2 | F4: =COUNTIFS('all-data'!$B$2:$B$499, "P3", 'all-data'!$C$2:$C$499, "Normal", 'all-data'!$F$2:$F$499, "Compiled ok. Wrong output.") -> 39 | G4: =(D4/C4)*100 -> 29.310345
B5: P4 | C5: =COUNTIFS('all-data'!$B$2:$B$499, "P4", 'all-data'!$C$2:$C$499, "Normal", 'all-data'!$E$2:$E$499, "<>No Code") -> 62 | D5: =COUNTIFS('all-data'!$B$2:$B$499, "P4", 'all-data'!$C$2:$C$499, "Normal", 'all-data'!$F$2:$F$499, "It worked.") -> 31 | E5: =COUNTIFS('all-data'!$B$2:$B$499, "P4", 'all-data'!$C$2:$C$499, "Normal", 'all-data'!$F$2:$F$499, "It did not compile.") -> 4 | F5: =COUNTIFS('all-data'!$B$2:$B$499, "P4", 'all-data'!$C$2:$C$499, "Normal", 'all-data'!$F$2:$F$499, "Compiled ok. Wrong output.") -> 27 | G5: =(D5/C5)*100 -> 50
A6: TBR | B6: P1 | C6: =COUNTIFS('all-data'!$B$2:$B$499, "P1", 'all-data'!$C$2:$C$499, "TBR", 'all-data'!$E$2:$E$499, "<>No Code") -> 62 | D6: =COUNTIFS('all-data'!$B$2:$B$499, "P1", 'all-data'!$C$2:$C$499, "TBR", 'all-data'!$F$2:$F$499, "It worked.") -> 34 | E6: =COUNTIFS('all-data'!$B$2:$B$499, "P1", 'all-data'!$C$2:$C$499, "TBR", 'all-data'!$F$2:$F$499, "It did not compile.") -> 10 | F6: =COUNTIFS('all-data'!$B$2:$B$499, "P1", 'all-data'!$C$2:$C$499, "TBR", 'all-data'!$F$2:$F$499, "Compiled ok. Wrong output.") -> 18 | G6: =(D6/C6)*100 -> 54.83871 | H6: =(SUM(D6:D9)/SUM(C6:C9))*100 -> 51.54185
B7: P2 | C7: =COUNTIFS('all-data'!$B$2:$B$499, "P2", 'all-data'!$C$2:$C$499, "TBR", 'all-data'!$E$2:$E$499, "<>No Code") -> 49 | D7: =COUNTIFS('all-data'!$B$2:$B$499, "P2", 'all-data'!$C$2:$C$499, "TBR", 'all-data'!$F$2:$F$499, "It worked.") -> 27 | E7: =COUNTIFS('all-data'!$B$2:$B$499, "P2", 'all-data'!$C$2:$C$499, "TBR", 'all-data'!$F$2:$F$499, "It did not compile.") -> 8 | F7: =COUNTIFS('all-data'!$B$2:$B$499, "P2", 'all-data'!$C$2:$C$499, "TBR", 'all-data'!$F$2:$F$499, "Compiled ok. Wrong output.") -> 14 | G7: =(D7/C7)*100 -> 55.102041
B8: P3 | C8: =COUNTIFS('all-data'!$B$2:$B$499, "P3", 'all-data'!$C$2:$C$499, "TBR", 'all-data'!$E$2:$E$499, "<>No Code") -> 60 | D8: =COUNTIFS('all-data'!$B$2:$B$499, "P3", 'all-data'!$C$2:$C$499, "TBR", 'all-data'!$F$2:$F$499, "It worked.") -> 26 | E8: =COUNTIFS('all-data'!$B$2:$B$499, "P3", 'all-data'!$C$2:$C$499, "TBR", 'all-data'!$F$2:$F$499, "It did not compile.") -> 2 | F8: =COUNTIFS('all-data'!$B$2:$B$499, "P3", 'all-data'!$C$2:$C$499, "TBR", 'all-data'!$F$2:$F$499, "Compiled ok. Wrong output.") -> 32 | G8: =(D8/C8)*100 -> 43.333333
B9: P4 | C9: =COUNTIFS('all-data'!$B$2:$B$499, "P4", 'all-data'!$C$2:$C$499, "TBR", 'all-data'!$E$2:$E$499, "<>No Code") -> 56 | D9: =COUNTIFS('all-data'!$B$2:$B$499, "P4", 'all-data'!$C$2:$C$499, "TBR", 'all-data'!$F$2:$F$499, "It worked.") -> 30 | E9: =COUNTIFS('all-data'!$B$2:$B$499, "P4", 'all-data'!$C$2:$C$499, "TBR", 'all-data'!$F$2:$F$499, "It did not compile.") -> 4 | F9: =COUNTIFS('all-data'!$B$2:$B$499, "P4", 'all-data'!$C$2:$C$499, "TBR", 'all-data'!$F$2:$F$499, "Compiled ok. Wrong output.") -> 22 | G9: =(D9/C9)*100 -> 53.571429
A11: AI-assistant | B11: Number of Codes Generated | C11: Number of Correct Codes | D11: Failed to compile or execute | E11: Compile ok. Wrong Output | F11: Correctness
A12: ChatGPT | B12: =COUNTIFS('all-data'!$D$2:$D$499, "ChatGPT", 'all-data'!$E$2:$E$499, "<>No Code") -> 65 | C12: =COUNTIFS('all-data'!$D$2:$D$499, "ChatGPT", 'all-data'!$F$2:$F$499, "It worked.") -> 45 | D12: =COUNTIFS('all-data'!$D$2:$D$499, "ChatGPT", 'all-data'!$F$2:$F$499, "It did not compile.") -> 3 | E12: =COUNTIFS('all-data'!$D$2:$D$499, "ChatGPT", 'all-data'!$F$2:$F$499, "Compiled ok. Wrong output.") -> 17 | F12: =(C12/B12)*100 -> 69.230769
A13: Claude | B13: =COUNTIFS('all-data'!$D$2:$D$499, "Claude", 'all-data'!$E$2:$E$499, "<>No Code") -> 115 | C13: =COUNTIFS('all-data'!$D$2:$D$499, "Claude", 'all-data'!$F$2:$F$499, "It worked.") -> 74 | D13: =COUNTIFS('all-data'!$D$2:$D$499, "Claude", 'all-data'!$F$2:$F$499, "It did not compile.") -> 4 | E13: =COUNTIFS('all-data'!$D$2:$D$499, "Claude", 'all-data'!$F$2:$F$499, "Compiled ok. Wrong output.") -> 37 | F13: =(C13/B13)*100 -> 64.347826
A14: Microsoft Copilot | B14: =COUNTIFS('all-data'!$D$2:$D$499, "Copilot", 'all-data'!$E$2:$E$499, "<>No Code") -> 68 | C14: =COUNTIFS('all-data'!$D$2:$D$499, "Copilot", 'all-data'!$F$2:$F$499, "It worked.") -> 24 | D14: =COUNTIFS('all-data'!$D$2:$D$499, "Copilot", 'all-data'!$F$2:$F$499, "It did not compile.") -> 7 | E14: =COUNTIFS('all-data'!$D$2:$D$499, "Copilot", 'all-data'!$F$2:$F$499, "Compiled ok. Wrong output.") -> 37 | F14: =(C14/B14)*100 -> 35.294118
A15: DeepSeek | B15: =COUNTIFS('all-data'!$D$2:$D$499, "DeepSeek", 'all-data'!$E$2:$E$499, "<>No Code") -> 132 | C15: =COUNTIFS('all-data'!$D$2:$D$499, "DeepSeek", 'all-data'!$F$2:$F$499, "It worked.") -> 38 | D15: =COUNTIFS('all-data'!$D$2:$D$499, "DeepSeek", 'all-data'!$F$2:$F$499, "It did not compile.") -> 20 | E15: =COUNTIFS('all-data'!$D$2:$D$499, "DeepSeek", 'all-data'!$F$2:$F$499, "Compiled ok. Wrong output.") -> 74 | F15: =(C15/B15)*100 -> 28.787879
A16: Gemini | B16: =COUNTIFS('all-data'!$D$2:$D$499, "Gemini", 'all-data'!$E$2:$E$499, "<>No Code") -> 82 | C16: =COUNTIFS('all-data'!$D$2:$D$499, "Gemini", 'all-data'!$F$2:$F$499, "It worked.") -> 51 | D16: =COUNTIFS('all-data'!$D$2:$D$499, "Gemini", 'all-data'!$F$2:$F$499, "It did not compile.") -> 10 | E16: =COUNTIFS('all-data'!$D$2:$D$499, "Gemini", 'all-data'!$F$2:$F$499, "Compiled ok. Wrong output.") -> 21 | F16: =(C16/B16)*100 -> 62.195122
A18: Large Language Model | B18: Number of Codes Generated | C18: Number of Correct Codes | D18: Failed to compile or execute | E18: Compile ok. Wrong Output | F18: Correctness
A19: GPT 5.2 | B19: =COUNTIFS('all-data'!$D$2:$D$499, "ChatGPT", 'all-data'!$E$2:$E$499, "<>No Code") -> 65 | C19: =COUNTIFS('all-data'!$D$2:$D$499, "ChatGPT", 'all-data'!$F$2:$F$499, "It worked.") -> 45 | D19: =COUNTIFS('all-data'!$D$2:$D$499, "ChatGPT", 'all-data'!$F$2:$F$499, "It did not compile.") -> 3 | E19: =COUNTIFS('all-data'!$D$2:$D$499, "ChatGPT", 'all-data'!$F$2:$F$499, "Compiled ok. Wrong output.") -> 17 | F19: =(C19/B19)*100 -> 69.230769
A20: Sonnet 4.5 | B20: =COUNTIFS('all-data'!$D$2:$D$499, "Claude", 'all-data'!$E$2:$E$499, "<>No Code") -> 115 | C20: =COUNTIFS('all-data'!$D$2:$D$499, "Claude", 'all-data'!$F$2:$F$499, "It worked.") -> 74 | D20: =COUNTIFS('all-data'!$D$2:$D$499, "Claude", 'all-data'!$F$2:$F$499, "It did not compile.") -> 4 | E20: =COUNTIFS('all-data'!$D$2:$D$499, "Claude", 'all-data'!$F$2:$F$499, "Compiled ok. Wrong output.") -> 37 | F20: =(C20/B20)*100 -> 64.347826
A21: GPT 5.1 | B21: =COUNTIFS('all-data'!$D$2:$D$499, "Copilot", 'all-data'!$C$2:$C$499, "Normal", 'all-data'!$E$2:$E$499, "<>No Code") -> 33 | C21: =COUNTIFS('all-data'!$D$2:$D$499, "Copilot", 'all-data'!$C$2:$C$499, "Normal", 'all-data'!$F$2:$F$499, "It worked.") -> 14 | D21: =COUNTIFS('all-data'!$D$2:$D$499, "Copilot", 'all-data'!$C$2:$C$499, "Normal", 'all-data'!$F$2:$F$499, "It did not compile.") -> 2 | E21: =COUNTIFS('all-data'!$D$2:$D$499, "Copilot", 'all-data'!$C$2:$C$499, "Normal", 'all-data'!$F$2:$F$499, "Compiled ok. Wrong output.") -> 17 | F21: =(C21/B21)*100 -> 42.424242
A22: OpenAI O3 | B22: =COUNTIFS('all-data'!$D$2:$D$499, "Copilot", 'all-data'!$C$2:$C$499, "TBR", 'all-data'!$C$2:$C$499, "TBR", 'all-data'!$E$2:$E$499, "<>No Code") -> 35 | C22: =COUNTIFS('all-data'!$D$2:$D$499, "Copilot", 'all-data'!$C$2:$C$499, "TBR", 'all-data'!$F$2:$F$499, "It worked.") -> 10 | D22: =COUNTIFS('all-data'!$D$2:$D$499, "Copilot", 'all-data'!$C$2:$C$499, "TBR", 'all-data'!$F$2:$F$499, "It did not compile.") -> 5 | E22: =COUNTIFS('all-data'!$D$2:$D$499, "Copilot", 'all-data'!$C$2:$C$499, "TBR", 'all-data'!$F$2:$F$499, "Compiled ok. Wrong output.") -> 20 | F22: =(C22/B22)*100 -> 28.571429
A23: DeepSeek v3.2 | B23: =COUNTIFS('all-data'!$D$2:$D$499, "DeepSeek", 'all-data'!$E$2:$E$499, "<>No Code") -> 132 | C23: =COUNTIFS('all-data'!$D$2:$D$499, "DeepSeek", 'all-data'!$F$2:$F$499, "It worked.") -> 38 | D23: =COUNTIFS('all-data'!$D$2:$D$499, "DeepSeek", 'all-data'!$F$2:$F$499, "It did not compile.") -> 20 | E23: =COUNTIFS('all-data'!$D$2:$D$499, "DeepSeek", 'all-data'!$F$2:$F$499, "Compiled ok. Wrong output.") -> 74 | F23: =(C23/B23)*100 -> 28.787879
A24: Gemini 3 | B24: =COUNTIFS('all-data'!$D$2:$D$499, "Gemini", 'all-data'!$C$2:$C$499, "Normal", 'all-data'!$E$2:$E$499, "<>No Code") -> 39 | C24: =COUNTIFS('all-data'!$D$2:$D$499, "Gemini", 'all-data'!$C$2:$C$499, "Normal", 'all-data'!$F$2:$F$499, "It worked.") -> 24 | D24: =COUNTIFS('all-data'!$D$2:$D$499, "Gemini", 'all-data'!$C$2:$C$499, "Normal", 'all-data'!$F$2:$F$499, "It did not compile.") -> 3 | E24: =COUNTIFS('all-data'!$D$2:$D$499, "Gemini", 'all-data'!$C$2:$C$499, "Normal", 'all-data'!$F$2:$F$499, "Compiled ok. Wrong output.") -> 12 | F24: =(C24/B24)*100 -> 61.538462
A25: Gemini 3 Pro | B25: =COUNTIFS('all-data'!$D$2:$D$499, "Gemini", 'all-data'!$C$2:$C$499, "TBR", 'all-data'!$E$2:$E$499, "<>No Code") -> 43 | C25: =COUNTIFS('all-data'!$D$2:$D$499, "Gemini", 'all-data'!$C$2:$C$499, "TBR", 'all-data'!$F$2:$F$499, "It worked.") -> 27 | D25: =COUNTIFS('all-data'!$D$2:$D$499, "Gemini", 'all-data'!$C$2:$C$499, "TBR", 'all-data'!$F$2:$F$499, "It did not compile.") -> 7 | E25: =COUNTIFS('all-data'!$D$2:$D$499, "Gemini", 'all-data'!$C$2:$C$499, "TBR", 'all-data'!$F$2:$F$499, "Compiled ok. Wrong output.") -> 9 | F25: =(C25/B25)*100 -> 62.790698

Sheet CV
A1: Benchmark | B1: P.L. | C1: M1 | D1: M2 | E1: M3 | F1: M4 | G1: M5 | H1: AVG | I1: STD | J1: CV
A2: binary-trees | B2: C CLBG | C2: 1.568 | D2: 1.561 | E2: 1.563 | F2: 1.559 | G2: 1.567 | H2: =AVERAGE(C2:G2) -> 1.5636 | I2: =STDEV(C2:G2) -> 0.0038470768 | J2: =(I2/H2)*100 -> 0.2460397 | L2: binary-trees | M2: C CLBG | N2: 3.2162847
A3: binary-trees | B3: Python | C3: 46.142 | D3: 43.891 | E3: 45.167 | F3: 45.975 | G3: 43.676 | H3: =AVERAGE(C3:G3) -> 44.9702 | I3: =STDEV(C3:G3) -> 1.1468538 | J3: =(I3/H3)*100 -> 2.5502529 | L3: binary-trees | M3: Python | N3: 2.5502529
A4: binary-trees | B4: Python CLBG | C4: 34.943 | D4: 33.494 | E4: 33.628 | F4: 33.446 | G4: 33.368 | H4: =AVERAGE(C4:G4) -> 33.7758 | I4: =STDEV(C4:G4) -> 0.65929523 | J4: =(I4/H4)*100 -> 1.9519752 | L4: binary-trees | M4: Python CLBG | N4: 1.9519752
A5: binary-trees | B5: C | C5: 1.153 | D5: 1.163 | E5: 1.144 | F5: 1.181 | G5: 1.181 | H5: =AVERAGE(C5:G5) -> 1.1644 | I5: =STDEV(C5:G5) -> 0.016577093 | J5: =(I5/H5)*100 -> 1.4236596 | L5: binary-trees | M5: C | N5: 1.4236596
A6: binary-trees | B6: Go | C6: 9.111 | D6: 9.248 | E6: 9.388 | F6: 9.34 | G6: 9.269 | H6: =AVERAGE(C6:G6) -> 9.2712 | I6: =STDEV(C6:G6) -> 0.1055732 | J6: =(I6/H6)*100 -> 1.138722 | L6: binary-trees | M6: Go | N6: 1.138722
A7: binary-trees | B7: Go CLBG | C7: 14.212 | D7: 14.239 | E7: 14.248 | F7: 14.352 | G7: 14.275 | H7: =AVERAGE(C7:G7) -> 14.2652 | I7: =STDEV(C7:G7) -> 0.053485512 | J7: =(I7/H7)*100 -> 0.37493699 | L7: binary-trees | M7: Go CLBG | N7: 0.37493699
A8: fannkuch-redux | B8: C | C8: 1.785 | D8: 1.745 | E8: 1.869 | F8: 1.752 | G8: 1.753 | H8: =AVERAGE(C8:G8) -> 1.7808 | I8: =STDEV(C8:G8) -> 0.051673978 | J8: =(I8/H8)*100 -> 2.9017283 | L8: fannkuch-redux | M8: C | N8: 2.9017283
A9: fannkuch-redux | B9: Go | C9: 6.813 | D9: 6.834 | E9: 6.884 | F9: 6.958 | G9: 6.958 | H9: =AVERAGE(C9:G9) -> 6.8894 | I9: =STDEV(C9:G9) -> 0.067725918 | J9: =(I9/H9)*100 -> 0.98304523 | L9: fannkuch-redux | M9: Go | N9: 0.98304523
A10: fannkuch-redux | B10: Python | C10: 285.672 | D10: 283.805 | E10: 282.058 | F10: 283.891 | G10: 282.432 | H10: =AVERAGE(C10:G10) -> 283.5716 | I10: =STDEV(C10:G10) -> 1.4280971 | J10: =(I10/H10)*100 -> 0.50361076 | L10: fannkuch-redux | M10: Python | N10: 0.50361076
A11: fannkuch-redux | B11: C CLBG | C11: 2.263 | D11: 2.262 | E11: 2.272 | F11: 2.248 | G11: 2.256 | H11: =AVERAGE(C11:G11) -> 2.2602 | I11: =STDEV(C11:G11) -> 0.0088994382 | J11: =(I11/H11)*100 -> 0.39374561 | L11: fannkuch-redux | M11: C CLBG | N11: 0.39374561
A12: fannkuch-redux | B12: Go CLBG | C12: 8.364 | D12: 8.382 | E12: 8.36 | F12: 8.402 | G12: 8.355 | H12: =AVERAGE(C12:G12) -> 8.3726 | I12: =STDEV(C12:G12) -> 0.019333908 | J12: =(I12/H12)*100 -> 0.23091881 | L12: fannkuch-redux | M12: Go CLBG | N12: 0.23091881
A13: fannkuch-redux | B13: Python CLBG | C13: 311.175 | D13: 311.17 | E13: 311.146 | F13: 311.232 | G13: 311.098 | H13: =AVERAGE(C13:G13) -> 311.1642 | I13: =STDEV(C13:G13) -> 0.048633322 | J13: =(I13/H13)*100 -> 0.015629472 | L13: fannkuch-redux | M13: Python CLBG | N13: 0.015629472
... A21: k-nucleotide | B21: Python CLBG | C21: 49.918 | D21: 47.493 | E21: 47.607 | F21: 46.982 | G21: 47.096 | H21: =AVERAGE(C21:G21) -> 47.8192 | I21: =STDEV(C21:G21) -> 1.2021147 | J21: =(I21/H21)*100 -> 2.5138745 | L21: k-nucleotide | M21: Python CLBG | N21: 2.5138745
A22: k-nucleotide | B22: C CLBG | C22: 3.775 | D22: 3.775 | E22: 3.789 | F22: 3.7 | G22: 3.764 | H22: 3.731 | I22: =STDEV(C22:G22) -> 0.035018567 | J22: =(I22/H22)*100 -> 0.93858393 | L22: k-nucleotide | M22: C CLBG | N22: 1.8045712
A23: k-nucleotide | B23: C | C23: 3.462 | D23: 3.504 | E23: 3.527 | F23: 3.571 | G23: 3.531 | H23: =AVERAGE(C23:G23) -> 3.519 | I23: =STDEV(C23:G23) -> 0.039956226 | J23: =(I23/H23)*100 -> 1.1354426 | L23: k-nucleotide | M23: C | N23: 1.1354426
A24: k-nucleotide | B24: Go | C24: 4.22 | D24: 4.337 | E24: 4.232 | F24: 4.24 | G24: 4.244 | H24: =AVERAGE(C24:G24) -> 4.2546 | I24: =STDEV(C24:G24) -> 0.046965945 | J24: =(I24/H24)*100 -> 1.1038863 | L24: k-nucleotide | M24: Go | N24: 1.1038863 | Q24: 3.775 | R24: {=TRANSPOSE(Q24:Q28)} -> 3.775 | S24: 3.789 | T24: 3.7 | U24: 3.764 | V24: 3.731
A25: k-nucleotide | B25: Go CLBG | C25: 7.589 | D25: 7.681 | E25: 7.665 | F25: 7.7 | G25: 7.577 | H25: =AVERAGE(C25:G25) -> 7.6424 | I25: =STDEV(C25:G25) -> 0.05578351 | J25: =(I25/H25)*100 -> 0.72992136 | L25: k-nucleotide | M25: Go CLBG | N25: 0.72992136 | Q25: 3.789
A26: mandelbrot | B26: Python | C26: 200.047 | D26: 203.772 | E26: 201.417 | F26: 203.161 | G26: 202.895 | H26: =AVERAGE(C26:G26) -> 202.2584 | I26: =STDEV(C26:G26) -> 1.5090705 | J26: =(I26/H26)*100 -> 0.74611018 | L26: mandelbrot | M26: Python | N26: 0.74611018 | Q26: 3.7
A27: mandelbrot | B27: C | C27: 1.656 | D27: 1.653 | E27: 1.64 | F27: 1.646 | G27: 1.637 | H27: =AVERAGE(C27:G27) -> 1.6464 | I27: =STDEV(C27:G27) -> 0.0081424812 | J27: =(I27/H27)*100 -> 0.49456275 | L27: mandelbrot | M27: C | N27: 0.49456275 | Q27: 3.764
A28: mandelbrot | B28: Go | C28: 3.324 | D28: 3.359 | E28: 3.339 | F28: 3.319 | G28: 3.333 | H28: =AVERAGE(C28:G28) -> 3.3348 | I28: =STDEV(C28:G28) -> 0.015594871 | J28: =(I28/H28)*100 -> 0.46764037 | L28: mandelbrot | M28: Go | N28: 0.46764037 | Q28: 3.731
A29: mandelbrot | B29: C CLBG | C29: 1.564 | D29: 1.552 | E29: 1.549 | F29: 1.551 | G29: 1.547 | H29: =AVERAGE(C29:G29) -> 1.5526 | I29: =STDEV(C29:G29) -> 0.0066558245 | J29: =(I29/H29)*100 -> 0.42868894 | L29: mandelbrot | M29: C CLBG | N29: 0.42868894
A30: mandelbrot | B30: Go CLBG | C30: 3.788 | D30: 3.78 | E30: 3.78 | F30: 3.779 | G30: 3.798 | H30: =AVERAGE(C30:G30) -> 3.785 | I30: =STDEV(C30:G30) -> 0.0081240384 | J30: =(I30/H30)*100 -> 0.21463774 | L30: mandelbrot | M30: Go CLBG | N30: 0.21463774
A31: mandelbrot | B31: Python CLBG | C31: 182.938 | D31: 182.933 | E31: 182.909 | F31: 182.995 | G31: 182.861 | H31: =AVERAGE(C31:G31) -> 182.9272 | I31: =STDEV(C31:G31) -> 0.048633322 | J31: =(I31/H31)*100 -> 0.026586162 | L31: mandelbrot | M31: Python CLBG | N31: 0.026586162
A32: n-body | B32: Go | C32: 3.873 | D32: 3.878 | E32: 3.907 | F32: 3.85 | G32: 3.927 | H32: =AVERAGE(C32:G32) -> 3.887 | I32: =STDEV(C32:G32) -> 0.030191058 | J32: =(I32/H32)*100 -> 0.77671876 | L32: n-body | M32: Go | N32: 0.77671876
A33: n-body | B33: C | C33: 1.688 | D33: 1.69 | E33: 1.698 | F33: 1.688 | G33: 1.713 | H33: =AVERAGE(C33:G33) -> 1.6954 | I33: =STDEV(C33:G33) -> 0.010667708 | J33: =(I33/H33)*100 -> 0.62921483 | L33: n-body | M33: C | N33: 0.62921483
A34: n-body | B34: Python | C34: 234.158 | D34: 232.787 | E34: 233.076 | F34: 234.296 | G34: 234.707 | H34: =AVERAGE(C34:G34) -> 233.8048 | I34: =STDEV(C34:G34) -> 0.82871268 | J34: =(I34/H34)*100 -> 0.35444639 | L34: n-body | M34: Python | N34: 0.35444639
A35: n-body | B35: C CLBG | C35: 2.21 | D35: 2.207 | E35: 2.209 | F35: 2.208 | G35: 2.203 | H35: =AVERAGE(C35:G35) -> 2.2074 | I35: =STDEV(C35:G35) -> 0.0027018512 | J35: =(I35/H35)*100 -> 0.12239971 | L35: n-body | M35: C CLBG | N35: 0.12239971
A36: n-body | B36: Go CLBG | C36: 6.385 | D36: 6.396 | E36: 6.393 | F36: 6.395 | G36: 6.39 | H36: =AVERAGE(C36:G36) -> 6.3918 | I36: =STDEV(C36:G36) -> 0.0044384682 | J36: =(I36/H36)*100 -> 0.069440036 | L36: n-body | M36: Go CLBG | N36: 0.069440036
A37: n-body | B37: Python CLBG | C37: 372.412 | D37: 372.407 | E37: 372.383 | F37: 372.469 | G37: 372.335 | H37: =AVERAGE(C37:G37) -> 372.4012 | I37: =STDEV(C37:G37) -> 0.048633322 | J37: =(I37/H37)*100 -> 0.013059389 | L37: n-body | M37: Python CLBG | N37: 0.013059389
A38: pi-digits | B38: Python CLBG | C38: 1.351 | D38: 1.381 | E38: 1.377 | F38: 1.355 | G38: 1.361 | H38: =AVERAGE(C38:G38) -> 1.365 | I38: =STDEV(C38:G38) -> 0.013341664 | J38: =(I38/H38)*100 -> 0.97741129 | L38: pi-digits | M38: Python CLBG | N38: 2.3300707
A39: pi-digits | B39: C | C39: 0.631 | D39: 0.652 | E39: 0.651 | F39: 0.653 | G39: 0.655 | H39: =AVERAGE(C39:G39) -> 0.6484 | I39: =STDEV(C39:G39) -> 0.0098386991 | J39: =(I39/H39)*100 -> 1.5173811 | L39: pi-digits | M39: C | N39: 1.5173811
A40: pi-digits | B40: Python | C40: 1.138 | D40: 1.16 | E40: 1.154 | F40: 1.141 | G40: 1.175 | H40: =AVERAGE(C40:G40) -> 1.1536 | I40: =STDEV(C40:G40) -> 0.015009997 | J40: =(I40/H40)*100 -> 1.301144 | L40: pi-digits | M40: Python | N40: 1.301144
... A61: spectral-norm | B61: Python CLBG | C61: 90.371 | D61: 90.366 | E61: 90.342 | F61: 90.428 | G61: 90.294 | H61: =AVERAGE(C61:G61) -> 90.3602 | I61: =STDEV(C61:G61) -> 0.048633322 | J61: =(I61/H61)*100 -> 0.053821618 | L61: spectral-norm | M61: Python CLBG | N61: 0.053821618

Sheet fasta
A1: PROMPT | B1: SEARCH TYPE | C1: AI TOOL | D1: P. L. | E1: RUNTIME | L1: OUTPUT COMMENT
E2: M1 | F2: M2 | G2: M3 | H2: M4 | I2: M5 | J2: AVG | K2: STD
A3: P1 | B3: Normal | C3: ChatGPT | D3: Python | E3: 108.361 | F3: 101.761 | G3: 114.28 | H3: 109.25 | I3: 118.561 | J3: =AVERAGE(E3:I3) -> 110.4426 | K3: =STDEV(E3:I3) -> 6.3592372 | M3: {=_xlfn.LET(_xlpm.lang, D3,_xlpm.tempo, J3,_xlpm.ref, _xlfn.XLOOKUP(_xlpm.lang, $D$44:$D$50, $J$44:$J$50, ""), IF(_xlpm.ref="", "Not Applicable", IF(_xlpm.tempo>_xlpm.ref, "Bigger", IF(_xlpm.tempo<_xlpm.ref, "Smaller", "Equal"))))} -> Bigger | Q3: MIN | R3: MAX | S3: PROMPT (MIN) | T3: SEARCH TYPE (MIN) | U3: PROMPT (MAX) | V3: SEARCH TYPE (MAX)
A4: P1 | B4: Normal | C4: Claude | D4: Python | E4: 177.026 | F4: 172.272 | G4: 156.527 | H4: 153.666 | I4: 157.89 | J4: =AVERAGE(E4:I4) -> 163.4762 | K4: =STDEV(E4:I4) -> 10.448687 | M4: {=_xlfn.LET(_xlpm.lang, D4,_xlpm.tempo, J4,_xlpm.ref, _xlfn.XLOOKUP(_xlpm.lang, $D$44:$D$50, $J$44:$J$50, ""), IF(_xlpm.ref="", "Not Applicable", IF(_xlpm.tempo>_xlpm.ref, "Bigger", IF(_xlpm.tempo<_xlpm.ref, "Smaller", "Equal"))))} -> Bigger | P4: C | Q4: =_xlfn.MINIFS($J$3:$J$43,$D$3:$D$43,"C") -> 12.2486 | R4: =_xlfn.MAXIFS($J$3:$J$43,$D$3:$D$43,"C") -> 21.3114 | S4: {=INDEX($A$3:$A$43,MATCH(1,($D$3:$D$43="C")*($J$3:$J$43=_xlfn.MINIFS($J$3:$J$43,$D$3:$D$43,"C")),0))} -> P2 | T4: {=INDEX($B$3:$B$43,MATCH(1,($D$3:$D$43="C")*($J$3:$J$43=_xlfn.MINIFS($J$3:$J$43,$D$3:$D$43,"C")),0))} -> Normal | U4: {=INDEX($A$3:$A$43,MATCH(1,($D$3:$D$43="C")*($J$3:$J$43=_xlfn.MAXIFS($J$3:$J$43,$D$3:$D$43,"C")),0))} -> P4 | V4: {=INDEX($B$3:$B$43,MATCH(1,($D$3:$D$43="C")*($J$3:$J$43=_xlfn.MAXIFS($J$3:$J$43,$D$3:$D$43,"C")),0))} -> TBR
A5: P1 | B5: Normal | C5: Copilot | D5: Python | E5: 13.008 | F5: 12.751 | G5: 12.5 | H5: 12.526 | I5: 12.822 | J5: =AVERAGE(E5:I5) -> 12.7214 | K5: =STDEV(E5:I5) -> 0.21232946 | M5: {=_xlfn.LET(_xlpm.lang, D5,_xlpm.tempo, J5,_xlpm.ref, _xlfn.XLOOKUP(_xlpm.lang, $D$44:$D$50, $J$44:$J$50, ""), IF(_xlpm.ref="", "Not Applicable", IF(_xlpm.tempo>_xlpm.ref, "Bigger", IF(_xlpm.tempo<_xlpm.ref, "Smaller", "Equal"))))} -> Smaller | P5: Go | Q5: =_xlfn.MINIFS($J$3:$J$43,$D$3:$D$43,"Go") -> 10.327 | R5: =_xlfn.MAXIFS($J$3:$J$43,$D$3:$D$43,"Go") -> 14.7356 | S5: {=INDEX($A$3:$A$43,MATCH(1,($D$3:$D$43="Go")*($J$3:$J$43=_xlfn.MINIFS($J$3:$J$43,$D$3:$D$43,"Go")),0))} -> P3 | T5: {=INDEX($B$3:$B$43,MATCH(1,($D$3:$D$43="Go")*($J$3:$J$43=_xlfn.MINIFS($J$3:$J$43,$D$3:$D$43,"Go")),0))} -> Normal | U5: {=INDEX($A$3:$A$43,MATCH(1,($D$3:$D$43="Go")*($J$3:$J$43=_xlfn.MAXIFS($J$3:$J$43,$D$3:$D$43,"Go")),0))} -> P4 | V5: {=INDEX($B$3:$B$43,MATCH(1,($D$3:$D$43="Go")*($J$3:$J$43=_xlfn.MAXIFS($J$3:$J$43,$D$3:$D$43,"Go")),0))} -> TBR
A6: P1 | B6: Normal | C6: DeepSeek | D6: Python | E6: 20.268 | F6: 19.774 | G6: 20.048 | H6: 19.933 | I6: 19.744 | J6: =AVERAGE(E6:I6) -> 19.9534 | K6: =STDEV(E6:I6) -> 0.21469234 | M6: {=_xlfn.LET(_xlpm.lang, D6,_xlpm.tempo, J6,_xlpm.ref, _xlfn.XLOOKUP(_xlpm.lang, $D$44:$D$50, $J$44:$J$50, ""), IF(_xlpm.ref="", "Not Applicable", IF(_xlpm.tempo>_xlpm.ref, "Bigger", IF(_xlpm.tempo<_xlpm.ref, "Smaller", "Equal"))))} -> Smaller | P6: Python | Q6: =_xlfn.MINIFS($J$3:$J$43,$D$3:$D$43,"Python") -> 11.6524 | R6: =_xlfn.MAXIFS($J$3:$J$43,$D$3:$D$43,"Python") -> 163.4762 | S6: {=INDEX($A$3:$A$43,MATCH(1,($D$3:$D$43="Python")*($J$3:$J$43=_xlfn.MINIFS($J$3:$J$43,$D$3:$D$43,"Python")),0))} -> P2 | T6: {=INDEX($B$3:$B$43,MATCH(1,($D$3:$D$43="Python")*($J$3:$J$43=_xlfn.MINIFS($J$3:$J$43,$D$3:$D$43,"Python")),0))} -> Normal | U6: {=INDEX($A$3:$A$43,MATCH(1,($D$3:$D$43="Python")*($J$3:$J$43=_xlfn.MAXIFS($J$3:$J$43,$D$3:$D$43,"Python")),0))} -> P1 | V6: {=INDEX($B$3:$B$43,MATCH(1,($D$3:$D$43="Python")*($J$3:$J$43=_xlfn.MAXIFS($J$3:$J$43,$D$3:$D$43,"Python")),0))} -> Normal
A7: P1 | B7: Normal | C7: Gemini | D7: Python | E7: 20.644 | F7: 20.786 | G7: 20.322 | H7: 17.74 | I7: 25.31 | J7: =AVERAGE(E7:I7) -> 20.9604 | K7: =STDEV(E7:I7) -> 2.7307543 | M7: {=_xlfn.LET(_xlpm.lang, D7,_xlpm.tempo, J7,_xlpm.ref, _xlfn.XLOOKUP(_xlpm.lang, $D$44:$D$50, $J$44:$J$50, ""), IF(_xlpm.ref="", "Not Applicable", IF(_xlpm.tempo>_xlpm.ref, "Bigger", IF(_xlpm.tempo<_xlpm.ref, "Smaller", "Equal"))))} -> Smaller
A8: P1 | B8: TBR | C8: ChatGPT | D8: Python | E8: 116.278 | F8: 121.321 | G8: 113.044 | H8: 111.799 | I8: 114.464 | J8: =AVERAGE(E8:I8) -> 115.3812 | K8: =STDEV(E8:I8) -> 3.7155548 | M8: {=_xlfn.LET(_xlpm.lang, D8,_xlpm.tempo, J8,_xlpm.ref, _xlfn.XLOOKUP(_xlpm.lang, $D$44:$D$50, $J$44:$J$50, ""), IF(_xlpm.ref="", "Not Applicable", IF(_xlpm.tempo>_xlpm.ref, "Bigger", IF(_xlpm.tempo<_xlpm.ref, "Smaller", "Equal"))))} -> Bigger | P8: =COUNTIF(M3:M43, "Smaller") -> 5 | Q8: =COUNTIFS($M$3:$M43, "Smaller", $D$3:$D43, "Python") -> 4
A9: P1 | B9: TBR | C9: Claude | D9: Python | E9: 163.079 | F9: 157.723 | G9: 152.318 | H9: 176.955 | I9: 157.833 | J9: =AVERAGE(E9:I9) -> 161.5816 | K9: =STDEV(E9:I9) -> 9.398653 | M9: {=_xlfn.LET(_xlpm.lang, D9,_xlpm.tempo, J9,_xlpm.ref, _xlfn.XLOOKUP(_xlpm.lang, $D$44:$D$50, $J$44:$J$50, ""), IF(_xlpm.ref="", "Not Applicable", IF(_xlpm.tempo>_xlpm.ref, "Bigger", IF(_xlpm.tempo<_xlpm.ref, "Smaller", "Equal"))))} -> Bigger
A10: P1 | B10: TBR | C10: Copilot | D10: Python | E10: Failed | F10: Failed | G10: Failed | H10: Failed | I10: Failed | J10: Failed | K10: Failed | L10: Compiled ok. Wrong output.
A11: P1 | B11: TBR | C11: DeepSeek | D11: Python | E11: 47.044 | F11: 48.275 | G11: 48.16 | H11: 47.292 | I11: 48.336 | J11: =AVERAGE(E11:I11) -> 47.8214 | K11: =STDEV(E11:I11) -> 0.60618298 | M11: {=_xlfn.LET(_xlpm.lang, D11,_xlpm.tempo, J11,_xlpm.ref, _xlfn.XLOOKUP(_xlpm.lang, $D$44:$D$50, $J$44:$J$50, ""), IF(_xlpm.ref="", "Not Applicable", IF(_xlpm.tempo>_xlpm.ref, "Bigger", IF(_xlpm.tempo<_xlpm.ref, "Smaller", "Equal"))))} -> Bigger
A12: P1 | B12: TBR | C12: Gemini | D12: Python | E12: 99.264 | F12: 99.834 | G12: 88.214 | H12: 100.958 | I12: 102.389 | J12: =AVERAGE(E12:I12) -> 98.1318 | K12: =STDEV(E12:I12) -> 5.6712714 | M12: {=_xlfn.LET(_xlpm.lang, D12,_xlpm.tempo, J12,_xlpm.ref, _xlfn.XLOOKUP(_xlpm.lang, $D$44:$D$50, $J$44:$J$50, ""), IF(_xlpm.ref="", "Not Applicable", IF(_xlpm.tempo>_xlpm.ref, "Bigger", IF(_xlpm.tempo<_xlpm.ref, "Smaller", "Equal"))))} -> Bigger
A13: P2 | B13: Normal | C13: ChatGPT | D13: Go | E13: 10.651 | F13: 11.02 | G13: 10.418 | H13: 10.91 | I13: 10.851 | J13: =AVERAGE(E13:I13) -> 10.77 | K13: =STDEV(E13:I13) -> 0.23807877 | M13: {=_xlfn.LET(_xlpm.lang, D13,_xlpm.tempo, J13,_xlpm.ref, _xlfn.XLOOKUP(_xlpm.lang, $D$44:$D$50, $J$44:$J$50, ""), IF(_xlpm.ref="", "Not Applicable", IF(_xlpm.tempo>_xlpm.ref, "Bigger", IF(_xlpm.tempo<_xlpm.ref, "Smaller", "Equal"))))} -> Bigger
A14: P2 | B14: Normal | C14: Claude | D14: C | E14: 12.322 | F14: 12.057 | G14: 12.869 | H14: 11.87 | I14: 12.125 | J14: =AVERAGE(E14:I14) -> 12.2486 | K14: =STDEV(E14:I14) -> 0.38262553 | M14: {=_xlfn.LET(_xlpm.lang, D14,_xlpm.tempo, J14,_xlpm.ref, _xlfn.XLOOKUP(_xlpm.lang, $D$44:$D$50, $J$44:$J$50, ""), IF(_xlpm.ref="", "Not Applicable", IF(_xlpm.tempo>_xlpm.ref, "Bigger", IF(_xlpm.tempo<_xlpm.ref, "Smaller", "Equal"))))} -> Bigger
A15: P2 | B15: Normal | C15: Copilot | D15: C | E15: 20.463 | F15: 19.996 | G15: 20.024 | H15: 20.592 | I15: 19.787 | J15: =AVERAGE(E15:I15) -> 20.1724 | K15: =STDEV(E15:I15) -> 0.33992102 | M15: {=_xlfn.LET(_xlpm.lang, D15,_xlpm.tempo, J15,_xlpm.ref, _xlfn.XLOOKUP(_xlpm.lang, $D$44:$D$50, $J$44:$J$50, ""), IF(_xlpm.ref="", "Not Applicable", IF(_xlpm.tempo>_xlpm.ref, "Bigger", IF(_xlpm.tempo<_xlpm.ref, "Smaller", "Equal"))))} -> Bigger
A16: P2 | B16: Normal | C16: DeepSeek | D16: Python | E16: 11.654 | F16: 11.756 | G16: 11.581 | H16: 11.491 | I16: 11.78 | J16: =AVERAGE(E16:I16) -> 11.6524 | K16: =STDEV(E16:I16) -> 0.12058731 | M16: {=_xlfn.LET(_xlpm.lang, D16,_xlpm.tempo, J16,_xlpm.ref, _xlfn.XLOOKUP(_xlpm.lang, $D$44:$D$50, $J$44:$J$50, ""), IF(_xlpm.ref="", "Not Applicable", IF(_xlpm.tempo>_xlpm.ref, "Bigger", IF(_xlpm.tempo<_xlpm.ref, "Smaller", "Equal"))))} -> Smaller
A17: P2 | B17: Normal | C17: Gemini | D17: C++ | E17: 8.298 | F17: 7.82 | G17: 7.645 | H17: 7.837 | I17: 8.117 | J17: =AVERAGE(E17:I17) -> 7.9434 | K17: =STDEV(E17:I17) -> 0.26051353 | M17: {=_xlfn.LET(_xlpm.lang, D17,_xlpm.tempo, J17,_xlpm.ref, _xlfn.XLOOKUP(_xlpm.lang, $D$44:$D$50, $J$44:$J$50, ""), IF(_xlpm.ref="", "Not Applicable", IF(_xlpm.tempo>_xlpm.ref, "Bigger", IF(_xlpm.tempo<_xlpm.ref, "Smaller", "Equal"))))} -> Smaller
A18: P2 | B18: TBR | C18: ChatGPT | D18: Rust | E18: 17.371 | F18: 17.839 | G18: 18.363 | H18: 18.26 | I18: 18.11 | J18: =AVERAGE(E18:I18) -> 17.9886 | K18: =STDEV(E18:I18) -> 0.397612 | M18: {=_xlfn.LET(_xlpm.lang, D18,_xlpm.tempo, J18,_xlpm.ref, _xlfn.XLOOKUP(_xlpm.lang, $D$44:$D$50, $J$44:$J$50, ""), IF(_xlpm.ref="", "Not Applicable", IF(_xlpm.tempo>_xlpm.ref, "Bigger", IF(_xlpm.tempo<_xlpm.ref, "Smaller", "Equal"))))} -> Not Applicable
A19: P2 | B19: TBR | C19: Claude | D19: Python | E19: 126.344 | F19: 127.349 | G19: 124.707 | H19: 125.111 | I19: 128.055 | J19: =AVERAGE(E19:I19) -> 126.3132 | K19: =STDEV(E19:I19) -> 1.4259086 | M19: {=_xlfn.LET(_xlpm.lang, D19,_xlpm.tempo, J19,_xlpm.ref, _xlfn.XLOOKUP(_xlpm.lang, $D$44:$D$50, $J$44:$J$50, ""), IF(_xlpm.ref="", "Not Applicable", IF(_xlpm.tempo>_xlpm.ref, "Bigger", IF(_xlpm.tempo<_xlpm.ref, "Smaller", "Equal"))))} -> Bigger
A20: P2 | B20: TBR | C20: Copilot | D20: Go | E20: Failed | F20: Failed | G20: Failed | H20: Failed | I20: Failed | J20: Failed | K20: Failed | L20: It did not compile.
A21: P2 | B21: TBR | C21: DeepSeek | D21: Python | E21: Failed | F21: Failed | G21: Failed | H21: Failed | I21: Failed | J21: Failed | K21: Failed | L21: Compiled ok. Wrong output.
A22: P2 | B22: TBR | C22: Gemini | D22: Python | E22: 78.846 | F22: 79.274 | G22: 77.898 | H22: 79.143 | I22: 79.788 | J22: =AVERAGE(E22:I22) -> 78.9898 | K22: =STDEV(E22:I22) -> 0.69894005 | M22: {=_xlfn.LET(_xlpm.lang, D22,_xlpm.tempo, J22,_xlpm.ref, _xlfn.XLOOKUP(_xlpm.lang, $D$44:$D$50, $J$44:$J$50, ""), IF(_xlpm.ref="", "Not Applicable", IF(_xlpm.tempo>_xlpm.ref, "Bigger", IF(_xlpm.tempo<_xlpm.ref, "Smaller", "Equal"))))} -> Bigger
A23: P3 | B23: Normal | C23: ChatGPT | D23: Go | E23: 10.296 | F23: 9.859 | G23: 10.735 | H23: 10.614 | I23: 10.131 | J23: =AVERAGE(E23:I23) -> 10.327 | K23: =STDEV(E23:I23) -> 0.35610181 | M23: {=_xlfn.LET(_xlpm.lang, D23,_xlpm.tempo, J23,_xlpm.ref, _xlfn.XLOOKUP(_xlpm.lang, $D$44:$D$50, $J$44:$J$50, ""), IF(_xlpm.ref="", "Not Applicable", IF(_xlpm.tempo>_xlpm.ref, "Bigger", IF(_xlpm.tempo<_xlpm.ref, "Smaller", "Equal"))))} -> Bigger
A24: P3 | B24: Normal | C24: Claude | D24: Python | E24: 116.931 | F24: 124.04 | G24: 120.32 | H24: 112.362 | I24: 133.96 | J24: =AVERAGE(E24:I24) -> 121.5226 | K24: =STDEV(E24:I24) -> 8.1772833 | M24: {=_xlfn.LET(_xlpm.lang, D24,_xlpm.tempo, J24,_xlpm.ref, _xlfn.XLOOKUP(_xlpm.lang, $D$44:$D$50, $J$44:$J$50, ""), IF(_xlpm.ref="", "Not Applicable", IF(_xlpm.tempo>_xlpm.ref, "Bigger", IF(_xlpm.tempo<_xlpm.ref, "Smaller", "Equal"))))} -> Bigger
A25: P3 | B25: Normal | C25: Copilot | D25: No Code | E25: Failed | F25: Failed | G25: Failed | H25: Failed | I25: Failed | J25: Failed | K25: Failed | L25: No Code
A26: P3 | B26: Normal | C26: DeepSeek | D26: Python | E26: Failed | F26: Failed | G26: Failed | H26: Failed | I26: Failed | J26: Failed | K26: Failed | L26: Compiled ok. Wrong output.
A27: P3 | B27: Normal | C27: DeepSeek | D27: C | E27: Failed | F27: Failed | G27: Failed | H27: Failed | I27: Failed | J27: Failed | K27: Failed | L27: Compiled ok. Wrong output.
A28: P3 | B28: Normal | C28: Gemini | D28: Python | E28: 148.884 | F28: 157.508 | G28: 143.589 | H28: 160.184 | I28: 165.963 | J28: =AVERAGE(E28:I28) -> 155.2256 | K28: =STDEV(E28:I28) -> 8.9542335 | M28: {=_xlfn.LET(_xlpm.lang, D28,_xlpm.tempo, J28,_xlpm.ref, _xlfn.XLOOKUP(_xlpm.lang, $D$44:$D$50, $J$44:$J$50, ""), IF(_xlpm.ref="", "Not Applicable", IF(_xlpm.tempo>_xlpm.ref, "Bigger", IF(_xlpm.tempo<_xlpm.ref, "Smaller", "Equal"))))} -> Bigger
A29: P3 | B29: TBR | C29: ChatGPT | D29: Rust | E29: Failed | F29: Failed | G29: Failed | H29: Failed | I29: Failed | J29: Failed | K29: Failed | L29: Compiled ok. Wrong output.
A30: P3 | B30: TBR | C30: Claude | D30: Python | E30: 112.891 | F30: 123.486 | G30: 118.635 | H30: 115.249 | I30: 123.974 | J30: =AVERAGE(E30:I30) -> 118.847 | K30: =STDEV(E30:I30) -> 4.9058876 | M30: {=_xlfn.LET(_xlpm.lang, D30,_xlpm.tempo, J30,_xlpm.ref, _xlfn.XLOOKUP(_xlpm.lang, $D$44:$D$50, $J$44:$J$50, ""), IF(_xlpm.ref="", "Not Applicable", IF(_xlpm.tempo>_xlpm.ref, "Bigger", IF(_xlpm.tempo<_xlpm.ref, "Smaller", "Equal"))))} -> Bigger
A31: P3 | B31: TBR | C31: Copilot | D31: Python | E31: Failed | F31: Failed | G31: Failed | H31: Failed | I31: Failed | J31: Failed | K31: Failed | L31: Compiled ok. Wrong output.
A32: P3 | B32: TBR | C32: DeepSeek | D32: Python | E32: 125.556 | F32: 110.999 | G32: 120.546 | H32: 112.615 | I32: 115.749 | J32: =AVERAGE(E32:I32) -> 117.093 | K32: =STDEV(E32:I32) -> 5.9695317 | M32: {=_xlfn.LET(_xlpm.lang, D32,_xlpm.tempo, J32,_xlpm.ref, _xlfn.XLOOKUP(_xlpm.lang, $D$44:$D$50, $J$44:$J$50, ""), IF(_xlpm.ref="", "Not Applicable", IF(_xlpm.tempo>_xlpm.ref, "Bigger", IF(_xlpm.tempo<_xlpm.ref, "Smaller", "Equal"))))} -> Bigger
A33: P3 | B33: TBR | C33: Gemini | D33: Python | E33: 117.163 | F33: 110.071 | G33: 127.659 | H33: 115.63 | I33: 117.807 | J33: =AVERAGE(E33:I33) -> 117.666 | K33: =STDEV(E33:I33) -> 6.3632197 | M33: {=_xlfn.LET(_xlpm.lang, D33,_xlpm.tempo, J33,_xlpm.ref, _xlfn.XLOOKUP(_xlpm.lang, $D$44:$D$50, $J$44:$J$50, ""), IF(_xlpm.ref="", "Not Applicable", IF(_xlpm.tempo>_xlpm.ref, "Bigger", IF(_xlpm.tempo<_xlpm.ref, "Smaller", "Equal"))))} -> Bigger
A34: P4 | B34: Normal | C34: ChatGPT | D34: Go | E34: 10.576 | F34: 10.608 | G34: 10.74 | H34: 9.727 | I34: 10.104 | J34: =AVERAGE(E34:I34) -> 10.351 | K34: =STDEV(E34:I34) -> 0.4237865 | M34: {=_xlfn.LET(_xlpm.lang, D34,_xlpm.tempo, J34,_xlpm.ref, _xlfn.XLOOKUP(_xlpm.lang, $D$44:$D$50, $J$44:$J$50, ""), IF(_xlpm.ref="", "Not Applicable", IF(_xlpm.tempo>_xlpm.ref, "Bigger", IF(_xlpm.tempo<_xlpm.ref, "Smaller", "Equal"))))} -> Bigger
A35: P4 | B35: Normal | C35: Claude | D35: Python | E35: 136.646 | F35: 147.486 | G35: 118.635 | H35: 115.249 | I35: 153.974 | J35: =AVERAGE(E35:I35) -> 134.398 | K35: =STDEV(E35:I35) -> 17.137134 | M35: {=_xlfn.LET(_xlpm.lang, D35,_xlpm.tempo, J35,_xlpm.ref, _xlfn.XLOOKUP(_xlpm.lang, $D$44:$D$50, $J$44:$J$50, ""), IF(_xlpm.ref="", "Not Applicable", IF(_xlpm.tempo>_xlpm.ref, "Bigger", IF(_xlpm.tempo<_xlpm.ref, "Smaller", "Equal"))))} -> Bigger
A36: P4 | B36: Normal | C36: Copilot | D36: Java | E36: 133.075 | F36: 125.517 | G36: 127.074 | H36: 125.512 | I36: 131.138 | J36: =AVERAGE(E36:I36) -> 128.4632 | K36: =STDEV(E36:I36) -> 3.4548085 | M36: {=_xlfn.LET(_xlpm.lang, D36,_xlpm.tempo, J36,_xlpm.ref, _xlfn.XLOOKUP(_xlpm.lang, $D$44:$D$50, $J$44:$J$50, ""), IF(_xlpm.ref="", "Not Applicable", IF(_xlpm.tempo>_xlpm.ref, "Bigger", IF(_xlpm.tempo<_xlpm.ref, "Smaller", "Equal"))))} -> Not Applicable
A37: P4 | B37: Normal | C37: DeepSeek | D37: Python | E37: 121.161 | F37: 120.826 | G37: 126.104 | H37: 142.158 | I37: 124.367 | J37: =AVERAGE(E37:I37) -> 126.9232 | K37: =STDEV(E37:I37) -> 8.7989087 | M37: {=_xlfn.LET(_xlpm.lang, D37,_xlpm.tempo, J37,_xlpm.ref, _xlfn.XLOOKUP(_xlpm.lang, $D$44:$D$50, $J$44:$J$50, ""), IF(_xlpm.ref="", "Not Applicable", IF(_xlpm.tempo>_xlpm.ref, "Bigger", IF(_xlpm.tempo<_xlpm.ref, "Smaller", "Equal"))))} -> Bigger
A38: P4 | B38: Normal | C38: Gemini | D38: Python | E38: Failed | F38: Failed | G38: Failed | H38: Failed | I38: Failed | J38: Failed | K38: Failed | L38: Compiled ok. Wrong output.
A39: P4 | B39: TBR | C39: ChatGPT | D39: Go | E39: 14.578 | F39: 14.883 | G39: 14.865 | H39: 14.873 | I39: 14.479 | J39: =AVERAGE(E39:I39) -> 14.7356 | K39: =STDEV(E39:I39) -> 0.19237411 | M39: {=_xlfn.LET(_xlpm.lang, D39,_xlpm.tempo, J39,_xlpm.ref, _xlfn.XLOOKUP(_xlpm.lang, $D$44:$D$50, $J$44:$J$50, ""), IF(_xlpm.ref="", "Not Applicable", IF(_xlpm.tempo>_xlpm.ref, "Bigger", IF(_xlpm.tempo<_xlpm.ref, "Smaller", "Equal"))))} -> Bigger
A40: P4 | B40: TBR | C40: Claude | D40: C | E40: 21.728 | F40: 21.895 | G40: 21.71 | H40: 20.384 | I40: 20.84 | J40: =AVERAGE(E40:I40) -> 21.3114 | K40: =STDEV(E40:I40) -> 0.66244154 | M40: {=_xlfn.LET(_xlpm.lang, D40,_xlpm.tempo, J40,_xlpm.ref, _xlfn.XLOOKUP(_xlpm.lang, $D$44:$D$50, $J$44:$J$50, ""), IF(_xlpm.ref="", "Not Applicable", IF(_xlpm.tempo>_xlpm.ref, "Bigger", IF(_xlpm.tempo<_xlpm.ref, "Smaller", "Equal"))))} -> Bigger
A41: P4 | B41: TBR | C41: Copilot | D41: Go | E41: 12.404 | F41: 12.383 | G41: 12.578 | H41: 12.57 | I41: 12.704 | J41: =AVERAGE(E41:I41) -> 12.5278 | K41: =STDEV(E41:I41) -> 0.133829 | M41: {=_xlfn.LET(_xlpm.lang, D41,_xlpm.tempo, J41,_xlpm.ref, _xlfn.XLOOKUP(_xlpm.lang, $D$44:$D$50, $J$44:$J$50, ""), IF(_xlpm.ref="", "Not Applicable", IF(_xlpm.tempo>_xlpm.ref, "Bigger", IF(_xlpm.tempo<_xlpm.ref, "Smaller", "Equal"))))} -> Bigger
A42: P4 | B42: TBR | C42: DeepSeek | D42: Python | E42: Failed | F42: Failed | G42: Failed | H42: Failed | I42: Failed | J42: Failed | K42: Failed | L42: Compiled ok. Wrong output.
A43: P4 | B43: TBR | C43: Gemini | D43: Python | E43: 82.222 | F43: 82.115 | G43: 80.977 | H43: 83.977 | I43: 83.402 | J43: =AVERAGE(E43:I43) -> 82.5386 | K43: =STDEV(E43:I43) -> 1.1760869 | M43: {=_xlfn.LET(_xlpm.lang, D43,_xlpm.tempo, J43,_xlpm.ref, _xlfn.XLOOKUP(_xlpm.lang, $D$44:$D$50, $J$44:$J$50, ""), IF(_xlpm.ref="", "Not Applicable", IF(_xlpm.tempo>_xlpm.ref, "Bigger", IF(_xlpm.tempo<_xlpm.ref, "Smaller", "Equal"))))} -> Bigger
D44: Python | E44: 25.197 | F44: 26.369 | G44: 26.061 | H44: 26.575 | I44: 27.702 | J44: =AVERAGE(E44:I44) -> 26.3808 | K44: =STDEV(E44:I44) -> 0.90651486
D45: Python -OO | E45: 27.246 | F45: 28.095 | G45: 27.663 | H45: 28.488 | I45: 25.564 | J45: =AVERAGE(E45:I45) -> 27.4112 | K45: =STDEV(E45:I45) -> 1.1324666
D46: C | E46: 8.034 | F46: 8.06 | G46: 7.917 | H46: 7.969 | I46: 7.821 | J46: =AVERAGE(E46:I46) -> 7.9602 | K46: =STDEV(E46:I46) -> 0.095821188
D47: C-O3 | E47: 7.747 | F47: 7.832 | G47: 7.865 | H47: 7.823 | I47: 7.625 | J47: =AVERAGE(E47:I47) -> 7.7784 | K47: =STDEV(E47:I47) -> 0.09601979
D48: C++ | E48: 9.634 | F48: 9.871 | G48: 9.656 | H48: 9.621 | I48: 9.638 | J48: =AVERAGE(E48:I48) -> 9.684 | K48: =STDEV(E48:I48) -> 0.10528295
D49: C++ -O3 | E49: 7.522 | F49: 7.479 | G49: 7.585 | H49: 7.476 | I49: 7.775 | J49: =AVERAGE(E49:I49) -> 7.5674 | K49: =STDEV(E49:I49) -> 0.1241342
D50: Go | E50: 9.009 | F50: 8.914 | G50: 8.992 | H50: 8.941 | I50: 9.11 | J50: =AVERAGE(E50:I50) -> 8.9932 | K50: =STDEV(E50:I50) -> 0.075648529

Sheet binary-trees
A1: PROMPT | B1: SEARCH TYPE | C1: AI TOOL | D1: P. L. | E1: RUNTIME | L1: OUTPUT COMMENT
E2: M1 | F2: M2 | G2: M3 | H2: M4 | I2: M5 | J2: AVG | K2: STD
A3: P1 | B3: Normal | C3: ChatGPT | D3: C | E3: 20.344 | F3: 20.712 | G3: 20.47 | H3: 20.243 | I3: 20.35 | J3: =AVERAGE(E3:I3) -> 20.4238 | K3: =STDEV(E3:I3) -> 0.18006721 | M3: {=_xlfn.LET(_xlpm.lang, D3,_xlpm.tempo, J3,_xlpm.ref, _xlfn.XLOOKUP(_xlpm.lang, $D$74:$D$80, $J$74:$J$80, ""), IF(_xlpm.ref="", "Not Applicable", IF(_xlpm.tempo>_xlpm.ref, "Bigger", IF(_xlpm.tempo<_xlpm.ref, "Smaller", "Equal"))))} -> Bigger | P3: MIN | Q3: MAX | R3: PROMPT (MIN) | S3: SEARCH TYPE (MIN) | T3: PROMPT (MAX) | U3: SEARCH TYPE (MAX)
A4: P1 | B4: Normal | C4: Claude | D4: C++ | E4: 0.384 | F4: 0.393 | G4: 0.383 | H4: 0.394 | I4: 0.388 | J4: =AVERAGE(E4:I4) -> 0.3884 | K4: =STDEV(E4:I4) -> 0.0050299105 | M4: {=_xlfn.LET(_xlpm.lang, D4,_xlpm.tempo, J4,_xlpm.ref, _xlfn.XLOOKUP(_xlpm.lang, $D$74:$D$80, $J$74:$J$80, ""), IF(_xlpm.ref="", "Not Applicable", IF(_xlpm.tempo>_xlpm.ref, "Bigger", IF(_xlpm.tempo<_xlpm.ref, "Smaller", "Equal"))))} -> Smaller | O4: C | P4: =_xlfn.MINIFS($J$3:$J$73,$D$3:$D$73,"C") -> 0.0876 | Q4: =_xlfn.MAXIFS($J$3:$J$73,$D$3:$D$73,"C") -> 20.4238 | R4: {=INDEX($A$3:$A$73,MATCH(1,($D$3:$D$73="C")*($J$3:$J$73=_xlfn.MINIFS($J$3:$J$73,$D$3:$D$73,"C")),0))} -> P2 | S4: {=INDEX($B$3:$B$73,MATCH(1,($D$3:$D$73="C")*($J$3:$J$73=_xlfn.MINIFS($J$3:$J$73,$D$3:$D$73,"C")),0))} -> Normal | T4: {=INDEX($A$3:$A$73,MATCH(1,($D$3:$D$73="C")*($J$3:$J$73=_xlfn.MAXIFS($J$3:$J$73,$D$3:$D$73,"C")),0))} -> P1 | U4: {=INDEX($B$3:$B$73,MATCH(1,($D$3:$D$73="C")*($J$3:$J$73=_xlfn.MAXIFS($J$3:$J$73,$D$3:$D$73,"C")),0))} -> Normal
A5: P1 | B5: Normal | C5: Claude | D5: Java | E5: 0.196 | F5: 0.343 | G5: 0.357 | H5: 0.368 | I5: 0.374 | J5: =AVERAGE(E5:I5) -> 0.3276 | K5: =STDEV(E5:I5) -> 0.074507047 | M5: {=_xlfn.LET(_xlpm.lang, D5,_xlpm.tempo, J5,_xlpm.ref, _xlfn.XLOOKUP(_xlpm.lang, $D$74:$D$80, $J$74:$J$80, ""), IF(_xlpm.ref="", "Not Applicable", IF(_xlpm.tempo>_xlpm.ref, "Bigger", IF(_xlpm.tempo<_xlpm.ref, "Smaller", "Equal"))))} -> Not Applicable | O5: Go | P5: =_xlfn.MINIFS($J$3:$J$73,$D$3:$D$73,"Go") -> 0.0524 | Q5: =_xlfn.MAXIFS($J$3:$J$73,$D$3:$D$73,"Go") -> 25.933 | R5: {=INDEX($A$3:$A$73,MATCH(1,($D$3:$D$73="Go")*($J$3:$J$73=_xlfn.MINIFS($J$3:$J$73,$D$3:$D$73,"Go")),0))} -> P2 | S5: {=INDEX($B$3:$B$73,MATCH(1,($D$3:$D$73="Go")*($J$3:$J$73=_xlfn.MINIFS($J$3:$J$73,$D$3:$D$73,"Go")),0))} -> TBR | T5: {=INDEX($A$3:$A$73,MATCH(1,($D$3:$D$73="Go")*($J$3:$J$73=_xlfn.MAXIFS($J$3:$J$73,$D$3:$D$73,"Go")),0))} -> P3 | U5: {=INDEX($B$3:$B$73,MATCH(1,($D$3:$D$73="Go")*($J$3:$J$73=_xlfn.MAXIFS($J$3:$J$73,$D$3:$D$73,"Go")),0))} -> Normal
A6: P1 | B6: Normal | C6: Claude | D6: Python | E6: 5.038 | F6: 5.094 | G6: 5.15 | H6: 5.073 | I6: 5.081 | J6: =AVERAGE(E6:I6) -> 5.0872 | K6: =STDEV(E6:I6) -> 0.040776219 | M6: {=_xlfn.LET(_xlpm.lang, D6,_xlpm.tempo, J6,_xlpm.ref, _xlfn.XLOOKUP(_xlpm.lang, $D$74:$D$80, $J$74:$J$80, ""), IF(_xlpm.ref="", "Not Applicable", IF(_xlpm.tempo>_xlpm.ref, "Bigger", IF(_xlpm.tempo<_xlpm.ref, "Smaller", "Equal"))))} -> Smaller | O6: Python | P6: =_xlfn.MINIFS($J$3:$J$73,$D$3:$D$73,"Python") -> 0.792 | Q6: =_xlfn.MAXIFS($J$3:$J$73,$D$3:$D$73,"Python") -> 441.4248 | R6: {=INDEX($A$3:$A$73,MATCH(1,($D$3:$D$73="Python")*($J$3:$J$73=_xlfn.MINIFS($J$3:$J$73,$D$3:$D$73,"Python")),0))} -> P1 | S6: {=INDEX($B$3:$B$73,MATCH(1,($D$3:$D$73="Python")*($J$3:$J$73=_xlfn.MINIFS($J$3:$J$73,$D$3:$D$73,"Python")),0))} -> Normal | T6: {=INDEX($A$3:$A$73,MATCH(1,($D$3:$D$73="Python")*($J$3:$J$73=_xlfn.MAXIFS($J$3:$J$73,$D$3:$D$73,"Python")),0))} -> P3 | U6: {=INDEX($B$3:$B$73,MATCH(1,($D$3:$D$73="Python")*($J$3:$J$73=_xlfn.MAXIFS($J$3:$J$73,$D$3:$D$73,"Python")),0))} -> Normal
A7: P1 | B7: Normal | C7: Claude | D7: C# | E7: 0.635 | F7: 0.626 | G7: 0.654 | H7: 0.611 | I7: 0.639 | J7: =AVERAGE(E7:I7) -> 0.633 | K7: =STDEV(E7:I7) -> 0.015921683 | M7: {=_xlfn.LET(_xlpm.lang, D7,_xlpm.tempo, J7,_xlpm.ref, _xlfn.XLOOKUP(_xlpm.lang, $D$74:$D$80, $J$74:$J$80, ""), IF(_xlpm.ref="", "Not Applicable", IF(_xlpm.tempo>_xlpm.ref, "Bigger", IF(_xlpm.tempo<_xlpm.ref, "Smaller", "Equal"))))} -> Not Applicable
A8: P1 | B8: Normal | C8: Copilot | D8: C | E8: Failed | F8: Failed | G8: Failed | H8: Failed | I8: Failed | J8: Failed | K8: Failed | L8: It did not compile. | O8: =COUNTIF(M3:M73, "Smaller") -> 14 | P8: =COUNTIFS($M$3:$M73, "Smaller", $D$3:$D73, "Python") -> 5
A9: P1 | B9: Normal | C9: Copilot | D9: Java | E9: Failed | F9: Failed | G9: Failed | H9: Failed | I9: Failed | J9: Failed | K9: Failed | L9: It did not compile.
A10: P1 | B10: Normal | C10: DeepSeek | D10: Java | E10: Failed | F10: Failed | G10: Failed | H10: Failed | I10: Failed | J10: Failed | K10: Failed | L10: It did not compile.
A11: P1 | B11: Normal | C11: DeepSeek | D11: C++ | E11: 0.552 | F11: 0.556 | G11: 0.572 | H11: 0.576 | I11: 0.549 | J11: =AVERAGE(E11:I11) -> 0.561 | K11: =STDEV(E11:I11) -> 0.012206556 | M11: {=_xlfn.LET(_xlpm.lang, D11,_xlpm.tempo, J11,_xlpm.ref, _xlfn.XLOOKUP(_xlpm.lang, $D$74:$D$80, $J$74:$J$80, ""), IF(_xlpm.ref="", "Not Applicable", IF(_xlpm.tempo>_xlpm.ref, "Bigger", IF(_xlpm.tempo<_xlpm.ref, "Smaller", "Equal"))))} -> Smaller
A12: P1 | B12: Normal | C12: DeepSeek | D12: Python | E12: 0.787 | F12: 0.803 | G12: 0.79 | H12: 0.791 | I12: 0.789 | J12: =AVERAGE(E12:I12) -> 0.792 | K12: =STDEV(E12:I12) -> 0.0063245553 | M12: {=_xlfn.LET(_xlpm.lang, D12,_xlpm.tempo, J12,_xlpm.ref, _xlfn.XLOOKUP(_xlpm.lang, $D$74:$D$80, $J$74:$J$80, ""), IF(_xlpm.ref="", "Not Applicable", IF(_xlpm.tempo>_xlpm.ref, "Bigger", IF(_xlpm.tempo<_xlpm.ref, "Smaller", "Equal"))))} -> Smaller
A13: P1 | B13: Normal | C13: Gemini | D13: Java | E13: 0.363 | F13: 0.362 | G13: 0.329 | H13: 0.364 | I13: 0.362 | J13: =AVERAGE(E13:I13) -> 0.356 | K13: =STDEV(E13:I13) -> 0.015116216 | M13: {=_xlfn.LET(_xlpm.lang, D13,_xlpm.tempo, J13,_xlpm.ref, _xlfn.XLOOKUP(_xlpm.lang, $D$74:$D$80, $J$74:$J$80, ""), IF(_xlpm.ref="", "Not Applicable", IF(_xlpm.tempo>_xlpm.ref, "Bigger", IF(_xlpm.tempo<_xlpm.ref, "Smaller", "Equal"))))} -> Not Applicable
A14: P1 | B14: TBR | C14: ChatGPT | D14: C | E14: 6.862 | F14: 6.974 | G14: 7.056 | H14: 6.868 | I14: 6.892 | J14: =AVERAGE(E14:I14) -> 6.9304 | K14: =STDEV(E14:I14) -> 0.083251426 | M14: {=_xlfn.LET(_xlpm.lang, D14,_xlpm.tempo, J14,_xlpm.ref, _xlfn.XLOOKUP(_xlpm.lang, $D$74:$D$80, $J$74:$J$80, ""), IF(_xlpm.ref="", "Not Applicable", IF(_xlpm.tempo>_xlpm.ref, "Bigger", IF(_xlpm.tempo<_xlpm.ref, "Smaller", "Equal"))))} -> Bigger
A15: P1 | B15: TBR | C15: Claude | D15: C | E15: 0.259 | F15: 0.249 | G15: 0.248 | H15: 0.254 | I15: 0.256 | J15: =AVERAGE(E15:I15) -> 0.2532 | K15: =STDEV(E15:I15) -> 0.0046583259 | M15: {=_xlfn.LET(_xlpm.lang, D15,_xlpm.tempo, J15,_xlpm.ref, _xlfn.XLOOKUP(_xlpm.lang, $D$74:$D$80, $J$74:$J$80, ""), IF(_xlpm.ref="", "Not Applicable", IF(_xlpm.tempo>_xlpm.ref, "Bigger", IF(_xlpm.tempo<_xlpm.ref, "Smaller", "Equal"))))} -> Smaller
A16: P1 | B16: TBR | C16: Claude | D16: Python | E16: 53.916 | F16: 55.11 | G16: 54.466 | H16: 54.142 | I16: 54.918 | J16: =AVERAGE(E16:I16) -> 54.5104 | K16: =STDEV(E16:I16) -> 0.5041476 | M16: {=_xlfn.LET(_xlpm.lang, D16,_xlpm.tempo, J16,_xlpm.ref, _xlfn.XLOOKUP(_xlpm.lang, $D$74:$D$80, $J$74:$J$80, ""), IF(_xlpm.ref="", "Not Applicable", IF(_xlpm.tempo>_xlpm.ref, "Bigger", IF(_xlpm.tempo<_xlpm.ref, "Smaller", "Equal"))))} -> Bigger
A17: P1 | B17: TBR | C17: Claude | D17: Java | E17: 0.701 | F17: 0.733 | G17: 0.74 | H17: 0.727 | I17: 0.749 | J17: =AVERAGE(E17:I17) -> 0.73 | K17: =STDEV(E17:I17) -> 0.018165902 | M17: {=_xlfn.LET(_xlpm.lang, D17,_xlpm.tempo, J17,_xlpm.ref, _xlfn.XLOOKUP(_xlpm.lang, $D$74:$D$80, $J$74:$J$80, ""), IF(_xlpm.ref="", "Not Applicable", IF(_xlpm.tempo>_xlpm.ref, "Bigger", IF(_xlpm.tempo<_xlpm.ref, "Smaller", "Equal"))))} -> Not Applicable
A18: P1 | B18: TBR | C18: Copilot | D18: Java | E18: Failed | F18: Failed | G18: Failed | H18: Failed | I18: Failed | J18: Failed | K18: Failed | L18: It did not compile.
A19: P1 | B19: TBR | C19: Copilot | D19: Go | E19: Failed | F19: Failed | G19: Failed | H19: Failed | I19: Failed | J19: Failed | K19: Failed | L19: It did not compile.
A20: P1 | B20: TBR | C20: DeepSeek | D20: C | E20: Failed | F20: Failed | G20: Failed | H20: Failed | I20: Failed | J20: Failed | K20: Failed | L20: It did not compile.
A21: P1 | B21: TBR | C21: DeepSeek | D21: Java | E21: Failed | F21: Failed | G21: Failed | H21: Failed | I21: Failed | J21: Failed | K21: Failed | L21: It did not compile.
A22: P1 | B22: TBR | C22: DeepSeek | D22: Python | E22: Failed | F22: Failed | G22: Failed | H22: Failed | I22: Failed | J22: Failed | K22: Failed | L22: Compiled ok. Wrong output.
A23: P1 | B23: TBR | C23: DeepSeek | D23: Go | E23: Failed | F23: Failed | G23: Failed | H23: Failed | I23: Failed | J23: Failed | K23: Failed | L23: It did not compile.
A24: P1 | B24: TBR | C24: Gemini | D24: Python | E24: 6.9 | F24: 6.784 | G24: 6.672 | H24: 6.698 | I24: 6.761 | J24: =AVERAGE(E24:I24) -> 6.763 | K24: =STDEV(E24:I24) -> 0.089050547 | M24: {=_xlfn.LET(_xlpm.lang, D24,_xlpm.tempo, J24,_xlpm.ref, _xlfn.XLOOKUP(_xlpm.lang, $D$74:$D$80, $J$74:$J$80, ""), IF(_xlpm.ref="", "Not Applicable", IF(_xlpm.tempo>_xlpm.ref, "Bigger", IF(_xlpm.tempo<_xlpm.ref, "Smaller", "Equal"))))} -> Smaller
A25: P2 | B25: Normal | C25: ChatGPT | D25: C | E25: Failed | F25: Failed | G25: Failed | H25: Failed | I25: Failed | J25: Failed | K25: Failed | L25: Compiled ok. Wrong output.
A26: P2 | B26: Normal | C26: Claude | D26: C++ | E26: 0.515 | F26: 0.527 | G26: 0.526 | H26: 0.509 | I26: 0.52 | J26: =AVERAGE(E26:I26) -> 0.5194 | K26: =STDEV(E26:I26) -> 0.0075696763 | M26: {=_xlfn.LET(_xlpm.lang, D26,_xlpm.tempo, J26,_xlpm.ref, _xlfn.XLOOKUP(_xlpm.lang, $D$74:$D$80, $J$74:$J$80, ""), IF(_xlpm.ref="", "Not Applicable", IF(_xlpm.tempo>_xlpm.ref, "Bigger", IF(_xlpm.tempo<_xlpm.ref, "Smaller", "Equal"))))} -> Smaller
A27: P2 | B27: Normal | C27: Claude | D27: Python | E27: 4.869 | F27: 4.817 | G27: 4.863 | H27: 4.853 | I27: 4.866 | J27: =AVERAGE(E27:I27) -> 4.8536 | K27: =STDEV(E27:I27) -> 0.02132604 | M27: {=_xlfn.LET(_xlpm.lang, D27,_xlpm.tempo, J27,_xlpm.ref, _xlfn.XLOOKUP(_xlpm.lang, $D$74:$D$80, $J$74:$J$80, ""), IF(_xlpm.ref="", "Not Applicable", IF(_xlpm.tempo>_xlpm.ref, "Bigger", IF(_xlpm.tempo<_xlpm.ref, "Smaller", "Equal"))))} -> Smaller
A28: P2 | B28: Normal | C28: Copilot | D28: C | E28: 0.088 | F28: 0.087 | G28: 0.087 | H28: 0.088 | I28: 0.088 | J28: =AVERAGE(E28:I28) -> 0.0876 | K28: =STDEV(E28:I28) -> 0.00054772256 | M28: {=_xlfn.LET(_xlpm.lang, D28,_xlpm.tempo, J28,_xlpm.ref, _xlfn.XLOOKUP(_xlpm.lang, $D$74:$D$80, $J$74:$J$80, ""), IF(_xlpm.ref="", "Not Applicable", IF(_xlpm.tempo>_xlpm.ref, "Bigger", IF(_xlpm.tempo<_xlpm.ref, "Smaller", "Equal"))))} -> Smaller
A29: P2 | B29: Normal | C29: DeepSeek | D29: C++ | E29: Failed | F29: Failed | G29: Failed | H29: Failed | I29: Failed | J29: Failed | K29: Failed | L29: It did not compile.
A30: P2 | B30: Normal | C30: Gemini | D30: Java | E30: Failed | F30: Failed | G30: Failed | H30: Failed | I30: Failed | J30: Failed | K30: Failed | L30: It did not compile.
A31: P2 | B31: TBR | C31: ChatGPT | D31: Go | E31: 0.054 | F31: 0.042 | G31: 0.057 | H31: 0.055 | I31: 0.054 | J31: =AVERAGE(E31:I31) -> 0.0524 | K31: =STDEV(E31:I31) -> 0.0059413803 | M31: {=_xlfn.LET(_xlpm.lang, D31,_xlpm.tempo, J31,_xlpm.ref, _xlfn.XLOOKUP(_xlpm.lang, $D$74:$D$80, $J$74:$J$80, ""), IF(_xlpm.ref="", "Not Applicable", IF(_xlpm.tempo>_xlpm.ref, "Bigger", IF(_xlpm.tempo<_xlpm.ref, "Smaller", "Equal"))))} -> Smaller
A32: P2 | B32: TBR | C32: Claude | D32: C | E32: 0.3984 | F32: 0.398 | G32: 0.396 | H32: 0.401 | I32: 0.397 | J32: =AVERAGE(E32:I32) -> 0.39808 | K32: =STDEV(E32:I32) -> 0.0018793616 | M32: {=_xlfn.LET(_xlpm.lang, D32,_xlpm.tempo, J32,_xlpm.ref, _xlfn.XLOOKUP(_xlpm.lang, $D$74:$D$80, $J$74:$J$80, ""), IF(_xlpm.ref="", "Not Applicable", IF(_xlpm.tempo>_xlpm.ref, "Bigger", IF(_xlpm.tempo<_xlpm.ref, "Smaller", "Equal"))))} -> Smaller
A33: P2 | B33: TBR | C33: Claude | D33: Python | E33: 3.29 | F33: 3.336 | G33: 3.301 | H33: 3.326 | I33: 3.321 | J33: =AVERAGE(E33:I33) -> 3.3148 | K33: =STDEV(E33:I33) -> 0.018833481 | M33: {=_xlfn.LET(_xlpm.lang, D33,_xlpm.tempo, J33,_xlpm.ref, _xlfn.XLOOKUP(_xlpm.lang, $D$74:$D$80, $J$74:$J$80, ""), IF(_xlpm.ref="", "Not Applicable", IF(_xlpm.tempo>_xlpm.ref, "Bigger", IF(_xlpm.tempo<_xlpm.ref, "Smaller", "Equal"))))} -> Smaller
A34: P2 | B34: TBR | C34: Copilot | D34: No Code | E34: Failed | F34: Failed | G34: Failed | H34: Failed | I34: Failed | J34: Failed | K34: Failed | L34: No Code
A35: P2 | B35: TBR | C35: DeepSeek | D35: C++ | E35: 0.869 | F35: 0.779 | G35: 0.708 | H35: 0.548 | I35: 0.539 | J35: =AVERAGE(E35:I35) -> 0.6886 | K35: =STDEV(E35:I35) -> 0.14425776 | M35: {=_xlfn.LET(_xlpm.lang, D35,_xlpm.tempo, J35,_xlpm.ref, _xlfn.XLOOKUP(_xlpm.lang, $D$74:$D$80, $J$74:$J$80, ""), IF(_xlpm.ref="", "Not Applicable", IF(_xlpm.tempo>_xlpm.ref, "Bigger", IF(_xlpm.tempo<_xlpm.ref, "Smaller", "Equal"))))} -> Smaller
A36: P2 | B36: TBR | C36: Gemini | D36: C++ | E36: Failed | F36: Failed | G36: Failed | H36: Failed | I36: Failed | J36: Failed | K36: Failed | L36: It did not compile.
A37: P3 | B37: Normal | C37: ChatGPT | D37: Go | E37: 25.722 | F37: 25.721 | G37: 26.037 | H37: 25.881 | I37: 26.304 | J37: =AVERAGE(E37:I37) -> 25.933 | K37: =STDEV(E37:I37) -> 0.24526822 | M37: {=_xlfn.LET(_xlpm.lang, D37,_xlpm.tempo, J37,_xlpm.ref, _xlfn.XLOOKUP(_xlpm.lang, $D$74:$D$80, $J$74:$J$80, ""), IF(_xlpm.ref="", "Not Applicable", IF(_xlpm.tempo>_xlpm.ref, "Bigger", IF(_xlpm.tempo<_xlpm.ref, "Smaller", "Equal"))))} -> Bigger
A38: P3 | B38: Normal | C38: Claude | D38: Python | E38: 447.588 | F38: 445.776 | G38: 422.557 | H38: 444.292 | I38: 446.911 | J38: =AVERAGE(E38:I38) -> 441.4248 | K38: =STDEV(E38:I38) -> 10.6211 | M38: {=_xlfn.LET(_xlpm.lang, D38,_xlpm.tempo, J38,_xlpm.ref, _xlfn.XLOOKUP(_xlpm.lang, $D$74:$D$80, $J$74:$J$80, ""), IF(_xlpm.ref="", "Not Applicable", IF(_xlpm.tempo>_xlpm.ref, "Bigger", IF(_xlpm.tempo<_xlpm.ref, "Smaller", "Equal"))))} -> Bigger
A39: P3 | B39: Normal | C39: Copilot | D39: No Code | E39: Failed | F39: Failed | G39: Failed | H39: Failed | I39: Failed | J39: Failed | K39: Failed | L39: No Code
A40: P3 | B40: Normal | C40: DeepSeek | D40: Python | E40: Failed | F40: Failed | G40: Failed | H40: Failed | I40: Failed | J40: Failed | K40: Failed | L40: Compiled ok. Wrong output.
A41: P3 | B41: Normal | C41: Gemini | D41: Java | E41: 4.136 | F41: 4.091 | G41: 4.274 | H41: 4.173 | I41: 4.252 | J41: =AVERAGE(E41:I41) -> 4.1852 | K41: =STDEV(E41:I41) -> 0.077121333 | M41: {=_xlfn.LET(_xlpm.lang, D41,_xlpm.tempo, J41,_xlpm.ref, _xlfn.XLOOKUP(_xlpm.lang, $D$74:$D$80, $J$74:$J$80, ""), IF(_xlpm.ref="", "Not Applicable", IF(_xlpm.tempo>_xlpm.ref, "Bigger", IF(_xlpm.tempo<_xlpm.ref, "Smaller", "Equal"))))} -> Not Applicable
A42: P3 | B42: TBR | C42: ChatGPT | D42: Go | E42: 5.045 | F42: 5.031 | G42: 5.026 | H42: 5.005 | I42: 5.094 | J42: =AVERAGE(E42:I42) -> 5.0402 | K42: =STDEV(E42:I42) -> 0.033327166 | M42: {=_xlfn.LET(_xlpm.lang, D42,_xlpm.tempo, J42,_xlpm.ref, _xlfn.XLOOKUP(_xlpm.lang, $D$74:$D$80, $J$74:$J$80, ""), IF(_xlpm.ref="", "Not Applicable", IF(_xlpm.tempo>_xlpm.ref, "Bigger", IF(_xlpm.tempo<_xlpm.ref, "Smaller", "Equal"))))} -> Smaller
A43: P3 | B43: TBR | C43: Claude | D43: Python | E43: Failed | F43: Failed | G43: Failed | H43: Failed | I43: Failed | J43: Failed | K43: Failed | L43: Compiled ok. Wrong output.
A44: P3 | B44: TBR | C44: Claude | D44: Java | E44: 4.053 | F44: 4.048 | G44: 4.109 | H44: 4.12 | I44: 4.099 | J44: =AVERAGE(E44:I44) -> 4.0858 | K44: =STDEV(E44:I44) -> 0.033116461 | M44: {=_xlfn.LET(_xlpm.lang, D44,_xlpm.tempo, J44,_xlpm.ref, _xlfn.XLOOKUP(_xlpm.lang, $D$74:$D$80, $J$74:$J$80, ""), IF(_xlpm.ref="", "Not Applicable", IF(_xlpm.tempo>_xlpm.ref, "Bigger", IF(_xlpm.tempo<_xlpm.ref, "Smaller", "Equal"))))} -> Not Applicable
A45: P3 | B45: TBR | C45: Claude | D45: C++ | E45: 21.421 | F45: 21.144 | G45: 21.394 | H45: 21.101 | I45: 22.127 | J45: =AVERAGE(E45:I45) -> 21.4374 | K45: =STDEV(E45:I45) -> 0.41138461 | M45: {=_xlfn.LET(_xlpm.lang, D45,_xlpm.tempo, J45,_xlpm.ref, _xlfn.XLOOKUP(_xlpm.lang, $D$74:$D$80, $J$74:$J$80, ""), IF(_xlpm.ref="", "Not Applicable", IF(_xlpm.tempo>_xlpm.ref, "Bigger", IF(_xlpm.tempo<_xlpm.ref, "Smaller", "Equal"))))} -> Bigger
A46: P3 | B46: TBR | C46: Claude | D46: Go | E46: 22.202 | F46: 22.004 | G46: 22.34 | H46: 22.407 | I46: 22.015 | J46: =AVERAGE(E46:I46) -> 22.1936 | K46: =STDEV(E46:I46) -> 0.18363633 | M46: {=_xlfn.LET(_xlpm.lang, D46,_xlpm.tempo, J46,_xlpm.ref, _xlfn.XLOOKUP(_xlpm.lang, $D$74:$D$80, $J$74:$J$80, ""), IF(_xlpm.ref="", "Not Applicable", IF(_xlpm.tempo>_xlpm.ref, "Bigger", IF(_xlpm.tempo<_xlpm.ref, "Smaller", "Equal"))))} -> Bigger
A47: P3 | B47: TBR | C47: Claude | D47: JavaScript | E47: 17.795 | F47: 17.732 | G47: 17.713 | H47: 17.551 | I47: 17.765 | J47: =AVERAGE(E47:I47) -> 17.7112 | K47: =STDEV(E47:I47) -> 0.094890463 | M47: {=_xlfn.LET(_xlpm.lang, D47,_xlpm.tempo, J47,_xlpm.ref, _xlfn.XLOOKUP(_xlpm.lang, $D$74:$D$80, $J$74:$J$80, ""), IF(_xlpm.ref="", "Not Applicable", IF(_xlpm.tempo>_xlpm.ref, "Bigger", IF(_xlpm.tempo<_xlpm.ref, "Smaller", "Equal"))))} -> Not Applicable
A48: P3 | B48: TBR | C48: Claude | D48: Rust | E48: 36.829 | F48: 36.913 | G48: 36.955 | H48: 36.851 | I48: 36.856 | J48: =AVERAGE(E48:I48) -> 36.8808 | K48: =STDEV(E48:I48) -> 0.05178996 | M48: {=_xlfn.LET(_xlpm.lang, D48,_xlpm.tempo, J48,_xlpm.ref, _xlfn.XLOOKUP(_xlpm.lang, $D$74:$D$80, $J$74:$J$80, ""), IF(_xlpm.ref="", "Not Applicable", IF(_xlpm.tempo>_xlpm.ref, "Bigger", IF(_xlpm.tempo<_xlpm.ref, "Smaller", "Equal"))))} -> Not Applicable
A49: P3 | B49: TBR | C49: Copilot | D49: Go | E49: 21.378 | F49: 21.203 | G49: 21.559 | H49: 21.597 | I49: 20.993 | J49: =AVERAGE(E49:I49) -> 21.346 | K49: =STDEV(E49:I49) -> 0.25221618 | M49: {=_xlfn.LET(_xlpm.lang, D49,_xlpm.tempo, J49,_xlpm.ref, _xlfn.XLOOKUP(_xlpm.lang, $D$74:$D$80, $J$74:$J$80, ""), IF(_xlpm.ref="", "Not Applicable", IF(_xlpm.tempo>_xlpm.ref, "Bigger", IF(_xlpm.tempo<_xlpm.ref, "Smaller", "Equal"))))} -> Bigger
A50: P3 | B50: TBR | C50: DeepSeek | D50: Python | E50: Failed | F50: Failed | G50: Failed | H50: Failed | I50: Failed | J50: Failed | K50: Failed | L50: Compiled ok. Wrong output.
A51: P3 | B51: TBR | C51: Gemini | D51: Java | E51: 4.145 | F51: 4.322 | G51: 4.091 | H51: 4.139 | I51: 3.954 | J51: =AVERAGE(E51:I51) -> 4.1302 | K51: =STDEV(E51:I51) -> 0.13197235 | M51: {=_xlfn.LET(_xlpm.lang, D51,_xlpm.tempo, J51,_xlpm.ref, _xlfn.XLOOKUP(_xlpm.lang, $D$74:$D$80, $J$74:$J$80, ""), IF(_xlpm.ref="", "Not Applicable", IF(_xlpm.tempo>_xlpm.ref, "Bigger", IF(_xlpm.tempo<_xlpm.ref, "Smaller", "Equal"))))} -> Not Applicable
A52: P3 | B52: TBR | C52: Gemini | D52: C++ | E52: 20.363 | F52: 20.332 | G52: 20.576 | H52: 20.396 | I52: 20.445 | J52: =AVERAGE(E52:I52) -> 20.4224 | K52: =STDEV(E52:I52) -> 0.095526436 | M52: {=_xlfn.LET(_xlpm.lang, D52,_xlpm.tempo, J52,_xlpm.ref, _xlfn.XLOOKUP(_xlpm.lang, $D$74:$D$80, $J$74:$J$80, ""), IF(_xlpm.ref="", "Not Applicable", IF(_xlpm.tempo>_xlpm.ref, "Bigger", IF(_xlpm.tempo<_xlpm.ref, "Smaller", "Equal"))))} -> Bigger
A53: P4 | B53: Normal | C53: ChatGPT | D53: Go | E53: 21.337 | F53: 21.643 | G53: 21.634 | H53: 21.375 | I53: 21.299 | J53: =AVERAGE(E53:I53) -> 21.4576 | K53: =STDEV(E53:I53) -> 0.16734037 | M53: {=_xlfn.LET(_xlpm.lang, D53,_xlpm.tempo, J53,_xlpm.ref, _xlfn.XLOOKUP(_xlpm.lang, $D$74:$D$80, $J$74:$J$80, ""), IF(_xlpm.ref="", "Not Applicable", IF(_xlpm.tempo>_xlpm.ref, "Bigger", IF(_xlpm.tempo<_xlpm.ref, "Smaller", "Equal"))))} -> Bigger
A54: P4 | B54: Normal | C54: Claude | D54: C++ | E54: 20.427 | F54: 20.681 | G54: 20.626 | H54: 20.376 | I54: 20.672 | J54: =AVERAGE(E54:I54) -> 20.5564 | K54: =STDEV(E54:I54) -> 0.144067 | M54: {=_xlfn.LET(_xlpm.lang, D54,_xlpm.tempo, J54,_xlpm.ref, _xlfn.XLOOKUP(_xlpm.lang, $D$74:$D$80, $J$74:$J$80, ""), IF(_xlpm.ref="", "Not Applicable", IF(_xlpm.tempo>_xlpm.ref, "Bigger", IF(_xlpm.tempo<_xlpm.ref, "Smaller", "Equal"))))} -> Bigger
A55: P4 | B55: Normal | C55: Claude | D55: Python | E55: 405.632 | F55: 407.652 | G55: 407.966 | H55: 408.007 | I55: 404.835 | J55: =AVERAGE(E55:I55) -> 406.8184 | K55: =STDEV(E55:I55) -> 1.4803771 | M55: {=_xlfn.LET(_xlpm.lang, D55,_xlpm.tempo, J55,_xlpm.ref, _xlfn.XLOOKUP(_xlpm.lang, $D$74:$D$80, $J$74:$J$80, ""), IF(_xlpm.ref="", "Not Applicable", IF(_xlpm.tempo>_xlpm.ref, "Bigger", IF(_xlpm.tempo<_xlpm.ref, "Smaller", "Equal"))))} -> Bigger
A56: P4 | B56: Normal | C56: Claude | D56: Java | E56: 3.985 | F56: 4.152 | G56: 4.183 | H56: 4.151 | I56: 4.147 | J56: =AVERAGE(E56:I56) -> 4.1236 | K56: =STDEV(E56:I56) -> 0.078808629 | M56: {=_xlfn.LET(_xlpm.lang, D56,_xlpm.tempo, J56,_xlpm.ref, _xlfn.XLOOKUP(_xlpm.lang, $D$74:$D$80, $J$74:$J$80, ""), IF(_xlpm.ref="", "Not Applicable", IF(_xlpm.tempo>_xlpm.ref, "Bigger", IF(_xlpm.tempo<_xlpm.ref, "Smaller", "Equal"))))} -> Not Applicable
A57: P4 | B57: Normal | C57: Claude | D57: Go | E57: 21.531 | F57: 21.771 | G57: 21.565 | H57: 21.862 | I57: 21.884 | J57: =AVERAGE(E57:I57) -> 21.7226 | K57: =STDEV(E57:I57) -> 0.1653581 | M57: {=_xlfn.LET(_xlpm.lang, D57,_xlpm.tempo, J57,_xlpm.ref, _xlfn.XLOOKUP(_xlpm.lang, $D$74:$D$80, $J$74:$J$80, ""), IF(_xlpm.ref="", "Not Applicable", IF(_xlpm.tempo>_xlpm.ref, "Bigger", IF(_xlpm.tempo<_xlpm.ref, "Smaller", "Equal"))))} -> Bigger
A58: P4 | B58: Normal | C58: Claude | D58: Rust | E58: 37.211 | F58: 37.435 | G58: 37.285 | H58: 37.314 | I58: 37.34 | J58: =AVERAGE(E58:I58) -> 37.317 | K58: =STDEV(E58:I58) -> 0.081734326 | M58: {=_xlfn.LET(_xlpm.lang, D58,_xlpm.tempo, J58,_xlpm.ref, _xlfn.XLOOKUP(_xlpm.lang, $D$74:$D$80, $J$74:$J$80, ""), IF(_xlpm.ref="", "Not Applicable", IF(_xlpm.tempo>_xlpm.ref, "Bigger", IF(_xlpm.tempo<_xlpm.ref, "Smaller", "Equal"))))} -> Not Applicable
A59: P4 | B59: Normal | C59: Claude | D59: JavaScript | E59: 17.492 | F59: 17.786 | G59: 17.641 | H59: 17.647 | I59: 18.274 | J59: =AVERAGE(E59:I59) -> 17.768 | K59: =STDEV(E59:I59) -> 0.30137435 | M59: {=_xlfn.LET(_xlpm.lang, D59,_xlpm.tempo, J59,_xlpm.ref, _xlfn.XLOOKUP(_xlpm.lang, $D$74:$D$80, $J$74:$J$80, ""), IF(_xlpm.ref="", "Not Applicable", IF(_xlpm.tempo>_xlpm.ref, "Bigger", IF(_xlpm.tempo<_xlpm.ref, "Smaller", "Equal"))))} -> Not Applicable
A60: P4 | B60: Normal | C60: Claude | D60: C# | E60: 23.777 | F60: 23.559 | G60: 23.6 | H60: 24.006 | I60: 23.319 | J60: =AVERAGE(E60:I60) -> 23.6522 | K60: =STDEV(E60:I60) -> 0.25650673 | M60: {=_xlfn.LET(_xlpm.lang, D60,_xlpm.tempo, J60,_xlpm.ref, _xlfn.XLOOKUP(_xlpm.lang, $D$74:$D$80, $J$74:$J$80, ""), IF(_xlpm.ref="", "Not Applicable", IF(_xlpm.tempo>_xlpm.ref, "Bigger", IF(_xlpm.tempo<_xlpm.ref, "Smaller", "Equal"))))} -> Not Applicable
A61: P4 | B61: Normal | C61: Copilot | D61: Java | E61: Failed | F61: Failed | G61: Failed | H61: Failed | I61: Failed | J61: Failed | K61: Failed | L61: Compiled ok. Wrong output.
A62: P4 | B62: Normal | C62: DeepSeek | D62: Python | E62: Failed | F62: Failed | G62: Failed | H62: Failed | I62: Failed | J62: Failed | K62: Failed | L62: Compiled ok. Wrong output.
A63: P4 | B63: Normal | C63: Gemini | D63: Java | E63: 4.272 | F63: 4.179 | G63: 3.994 | H63: 4.127 | I63: 4.292 | J63: =AVERAGE(E63:I63) -> 4.1728 | K63: =STDEV(E63:I63) -> 0.12057653 | M63: {=_xlfn.LET(_xlpm.lang, D63,_xlpm.tempo, J63,_xlpm.ref, _xlfn.XLOOKUP(_xlpm.lang, $D$74:$D$80, $J$74:$J$80, ""), IF(_xlpm.ref="", "Not Applicable", IF(_xlpm.tempo>_xlpm.ref, "Bigger", IF(_xlpm.tempo<_xlpm.ref, "Smaller", "Equal"))))} -> Not Applicable
A64: P4 | B64: TBR | C64: ChatGPT | D64: Go | E64: 25.117 | F64: 24.08 | G64: 24.593 | H64: 24.444 | I64: 24.532 | J64: =AVERAGE(E64:I64) -> 24.5532 | K64: =STDEV(E64:I64) -> 0.37274214 | M64: {=_xlfn.LET(_xlpm.lang, D64,_xlpm.tempo, J64,_xlpm.ref, _xlfn.XLOOKUP(_xlpm.lang, $D$74:$D$80, $J$74:$J$80, ""), IF(_xlpm.ref="", "Not Applicable", IF(_xlpm.tempo>_xlpm.ref, "Bigger", IF(_xlpm.tempo<_xlpm.ref, "Smaller", "Equal"))))} -> Bigger
A65: P4 | B65: TBR | C65: Claude | D65: C++ | E65: 21.421 | F65: 22.275 | G65: 21.402 | H65: 21.429 | I65: 21.455 | J65: =AVERAGE(E65:I65) -> 21.5964 | K65: =STDEV(E65:I65) -> 0.37982601 | M65: {=_xlfn.LET(_xlpm.lang, D65,_xlpm.tempo, J65,_xlpm.ref, _xlfn.XLOOKUP(_xlpm.lang, $D$74:$D$80, $J$74:$J$80, ""), IF(_xlpm.ref="", "Not Applicable", IF(_xlpm.tempo>_xlpm.ref, "Bigger", IF(_xlpm.tempo<_xlpm.ref, "Smaller", "Equal"))))} -> Bigger
A66: P4 | B66: TBR | C66: Claude | D66: Java | E66: 4.128 | F66: 4.27 | G66: 4.231 | H66: 4.263 | I66: 4.36 | J66: =AVERAGE(E66:I66) -> 4.2504 | K66: =STDEV(E66:I66) -> 0.08353622 | M66: {=_xlfn.LET(_xlpm.lang, D66,_xlpm.tempo, J66,_xlpm.ref, _xlfn.XLOOKUP(_xlpm.lang, $D$74:$D$80, $J$74:$J$80, ""), IF(_xlpm.ref="", "Not Applicable", IF(_xlpm.tempo>_xlpm.ref, "Bigger", IF(_xlpm.tempo<_xlpm.ref, "Smaller", "Equal"))))} -> Not Applicable
A67: P4 | B67: TBR | C67: Claude | D67: Python | E67: 282.967 | F67: 282.712 | G67: 279.388 | H67: 280.103 | I67: 283.723 | J67: =AVERAGE(E67:I67) -> 281.7786 | K67: =STDEV(E67:I67) -> 1.9096351 | M67: {=_xlfn.LET(_xlpm.lang, D67,_xlpm.tempo, J67,_xlpm.ref, _xlfn.XLOOKUP(_xlpm.lang, $D$74:$D$80, $J$74:$J$80, ""), IF(_xlpm.ref="", "Not Applicable", IF(_xlpm.tempo>_xlpm.ref, "Bigger", IF(_xlpm.tempo<_xlpm.ref, "Smaller", "Equal"))))} -> Bigger
A68: P4 | B68: TBR | C68: Claude | D68: Go | E68: 22.017 | F68: 22.09 | G68: 22.107 | H68: 21.977 | I68: 22.072 | J68: =AVERAGE(E68:I68) -> 22.0526 | K68: =STDEV(E68:I68) -> 0.054123008 | M68: {=_xlfn.LET(_xlpm.lang, D68,_xlpm.tempo, J68,_xlpm.ref, _xlfn.XLOOKUP(_xlpm.lang, $D$74:$D$80, $J$74:$J$80, ""), IF(_xlpm.ref="", "Not Applicable", IF(_xlpm.tempo>_xlpm.ref, "Bigger", IF(_xlpm.tempo<_xlpm.ref, "Smaller", "Equal"))))} -> Bigger
A69: P4 | B69: TBR | C69: Claude | D69: Rust | E69: 36.825 | F69: 36.605 | G69: 36.495 | H69: 36.371 | I69: 36.466 | J69: =AVERAGE(E69:I69) -> 36.5524 | K69: =STDEV(E69:I69) -> 0.17374061 | M69: {=_xlfn.LET(_xlpm.lang, D69,_xlpm.tempo, J69,_xlpm.ref, _xlfn.XLOOKUP(_xlpm.lang, $D$74:$D$80, $J$74:$J$80, ""), IF(_xlpm.ref="", "Not Applicable", IF(_xlpm.tempo>_xlpm.ref, "Bigger", IF(_xlpm.tempo<_xlpm.ref, "Smaller", "Equal"))))} -> Not Applicable
A70: P4 | B70: TBR | C70: Claude | D70: C# | E70: 21.766 | F70: 21.888 | G70: 21.97 | H70: 22.05 | I70: 21.783 | J70: =AVERAGE(E70:I70) -> 21.8914 | K70: =STDEV(E70:I70) -> 0.12126335 | M70: {=_xlfn.LET(_xlpm.lang, D70,_xlpm.tempo, J70,_xlpm.ref, _xlfn.XLOOKUP(_xlpm.lang, $D$74:$D$80, $J$74:$J$80, ""), IF(_xlpm.ref="", "Not Applicable", IF(_xlpm.tempo>_xlpm.ref, "Bigger", IF(_xlpm.tempo<_xlpm.ref, "Smaller", "Equal"))))} -> Not Applicable
A71: P4 | B71: TBR | C71: Copilot | D71: Go | E71: 22.33 | F71: 22.528 | G71: 22.879 | H71: 22.837 | I71: 22.427 | J71: =AVERAGE(E71:I71) -> 22.6002 | K71: =STDEV(E71:I71) -> 0.24597906 | M71: {=_xlfn.LET(_xlpm.lang, D71,_xlpm.tempo, J71,_xlpm.ref, _xlfn.XLOOKUP(_xlpm.lang, $D$74:$D$80, $J$74:$J$80, ""), IF(_xlpm.ref="", "Not Applicable", IF(_xlpm.tempo>_xlpm.ref, "Bigger", IF(_xlpm.tempo<_xlpm.ref, "Smaller", "Equal"))))} -> Bigger
A72: P4 | B72: TBR | C72: DeepSeek | D72: Python | E72: Failed | F72: Failed | G72: Failed | H72: Failed | I72: Failed | J72: Failed | K72: Failed | L72: Compiled ok. Wrong output.
A73: P4 | B73: TBR | C73: Gemini | D73: C++ | E73: 7.507 | F73: 7.525 | G73: 7.52 | H73: 7.563 | I73: 7.465 | J73: =AVERAGE(E73:I73) -> 7.516 | K73: =STDEV(E73:I73) -> 0.035312887 | M73: {=_xlfn.LET(_xlpm.lang, D73,_xlpm.tempo, J73,_xlpm.ref, _xlfn.XLOOKUP(_xlpm.lang, $D$74:$D$80, $J$74:$J$80, ""), IF(_xlpm.ref="", "Not Applicable", IF(_xlpm.tempo>_xlpm.ref, "Bigger", IF(_xlpm.tempo<_xlpm.ref, "Smaller", "Equal"))))} -> Bigger
D74: Python | E74: 42.641 | F74: 42.814 | G74: 45.194 | H74: 47.102 | I74: 48.943 | J74: =AVERAGE(E74:I74) -> 45.3388 | K74: =STDEV(E74:I74) -> 2.7282246
D75: Python -OO | E75: 46.142 | F75: 43.891 | G75: 45.167 | H75: 45.975 | I75: 43.676 | J75: =AVERAGE(E75:I75) -> 44.9702 | K75: =STDEV(E75:I75) -> 1.1468538
D76: C | E76: 1.892 | F76: 1.907 | G76: 1.54 | H76: 1.966 | I76: 2.088 | J76: =AVERAGE(E76:I76) -> 1.8786 | K76: =STDEV(E76:I76) -> 0.20440352
D77: C-O3 | E77: 1.153 | F77: 1.163 | G77: 1.144 | H77: 1.181 | I77: 1.181 | J77: =AVERAGE(E77:I77) -> 1.1644 | K77: =STDEV(E77:I77) -> 0.016577093
D78: C++ | E78: 2.177 | F78: 2.131 | G78: 2.121 | H78: 2.057 | I78: 2.193 | J78: =AVERAGE(E78:I78) -> 2.1358 | K78: =STDEV(E78:I78) -> 0.053434072
D79: C++ -O3 | E79: 0.824 | F79: 0.898 | G79: 0.875 | H79: 0.859 | I79: 0.802 | J79: =AVERAGE(E79:I79) -> 0.8516 | K79: =STDEV(E79:I79) -> 0.038656177
D80: Go | E80: 9.111 | F80: 9.248 | G80: 9.388 | H80: 9.34 | I80: 9.269 | J80: =AVERAGE(E80:I80) -> 9.2712 | K80: =STDEV(E80:I80) -> 0.1055732

Sheet fannkuch-redux
A1: PROMPT | B1: SEARCH TYPE | C1: AI TOOL | D1: P. L. | E1: RUNTIME | L1: OUTPUT COMMENT
E2: M1 | F2: M2 | G2: M3 | H2: M4 | I2: M5 | J2: AVG | K2: STD
A3: P1 | B3: Normal | C3: ChatGPT | D3: C | E3: Failed | F3: Failed | G3: Failed | H3: Failed | I3: Failed | J3: Failed | K3: Failed | L3: Compiled ok. Wrong output. | P3: MIN | Q3: MAX | R3: PROMPT (MIN) | S3: SEARCH TYPE (MIN) | T3: PROMPT (MAX) | U3: SEARCH TYPE (MAX)
A4: P1 | B4: Normal | C4: Claude | D4: Python | E4: Failed | F4: Failed | G4: Failed | H4: Failed | I4: Failed | J4: Failed | K4: Failed | L4: It did not compile. | O4: C | P4: =_xlfn.MINIFS($J$3:$J$55,$D$3:$D$55,"C") -> 76.125 | Q4: =_xlfn.MAXIFS($J$3:$J$55,$D$3:$D$55,"C") -> 77.4144 | R4: {=INDEX($A$3:$A$55,MATCH(1,($D$3:$D$55="C")*($J$3:$J$55=_xlfn.MINIFS($J$3:$J$55,$D$3:$D$55,"C")),0))} -> P1 | S4: {=INDEX($B$3:$B$55,MATCH(1,($D$3:$D$55="C")*($J$3:$J$55=_xlfn.MINIFS($J$3:$J$55,$D$3:$D$55,"C")),0))} -> TBR | T4: {=INDEX($A$3:$A$55,MATCH(1,($D$3:$D$55="C")*($J$3:$J$55=_xlfn.MAXIFS($J$3:$J$55,$D$3:$D$55,"C")),0))} -> P2 | U4: {=INDEX($B$3:$B$55,MATCH(1,($D$3:$D$55="C")*($J$3:$J$55=_xlfn.MAXIFS($J$3:$J$55,$D$3:$D$55,"C")),0))} -> TBR
A5: P1 | B5: Normal | C5: Claude | D5: Python | E5: Failed | F5: Failed | G5: Failed | H5: Failed | I5: Failed | J5: Failed | K5: Failed | L5: Compiled ok. Wrong output. | O5: Go | P5: =_xlfn.MINIFS($J$3:$J$55,$D$3:$D$55,"Go") -> 0 | Q5: =_xlfn.MAXIFS($J$3:$J$55,$D$3:$D$55,"Go") -> 0 | R5: {=INDEX($A$3:$A$55,MATCH(1,($D$3:$D$55="Go")*($J$3:$J$55=_xlfn.MINIFS($J$3:$J$55,$D$3:$D$55,"Go")),0))} -> #N/A | S5: {=INDEX($B$3:$B$55,MATCH(1,($D$3:$D$55="Go")*($J$3:$J$55=_xlfn.MINIFS($J$3:$J$55,$D$3:$D$55,"Go")),0))} -> #N/A | T5: {=INDEX($A$3:$A$55,MATCH(1,($D$3:$D$55="Go")*($J$3:$J$55=_xlfn.MAXIFS($J$3:$J$55,$D$3:$D$55,"Go")),0))} -> #N/A | U5: {=INDEX($B$3:$B$55,MATCH(1,($D$3:$D$55="Go")*($J$3:$J$55=_xlfn.MAXIFS($J$3:$J$55,$D$3:$D$55,"Go")),0))} -> #N/A
A6: P1 | B6: Normal | C6: Copilot | D6: Python | E6: Failed | F6: Failed | G6: Failed | H6: Failed | I6: Failed | J6: Failed | K6: Failed | L6: Compiled ok. Wrong output. | O6: Python | P6: =_xlfn.MINIFS($J$3:$J$55,$D$3:$D$55,"Python") -> 2632.1998 | Q6: =_xlfn.MAXIFS($J$3:$J$55,$D$3:$D$55,"Python") -> 2632.1998 | R6: {=INDEX($A$3:$A$55,MATCH(1,($D$3:$D$55="Python")*($J$3:$J$55=_xlfn.MINIFS($J$3:$J$55,$D$3:$D$55,"Python")),0))} -> P2 | S6: {=INDEX($B$3:$B$55,MATCH(1,($D$3:$D$55="Python")*($J$3:$J$55=_xlfn.MINIFS($J$3:$J$55,$D$3:$D$55,"Python")),0))} -> TBR | T6: {=INDEX($A$3:$A$55,MATCH(1,($D$3:$D$55="Python")*($J$3:$J$55=_xlfn.MAXIFS($J$3:$J$55,$D$3:$D$55,"Python")),0))} -> P2 | U6: {=INDEX($B$3:$B$55,MATCH(1,($D$3:$D$55="Python")*($J$3:$J$55=_xlfn.MAXIFS($J$3:$J$55,$D$3:$D$55,"Python")),0))} -> TBR
A7: P1 | B7: Normal | C7: DeepSeek | D7: Python | E7: Failed | F7: Failed | G7: Failed | H7: Failed | I7: Failed | J7: Failed | K7: Failed | L7: Compiled ok. Wrong output.
A8: P1 | B8: Normal | C8: DeepSeek | D8: Python | E8: Failed | F8: Failed | G8: Failed | H8: Failed | I8: Failed | J8: Failed | K8: Failed | L8: It did not compile. | O8: =COUNTIF(M3:M55, "Smaller") -> 0 | P8: =COUNTIFS($M$3:$M55, "Smaller", $D$3:$D55, "Python") -> 0
A9: P1 | B9: Normal | C9: Gemini | D9: Python | E9: Failed | F9: Failed | G9: Failed | H9: Failed | I9: Failed | J9: Failed | K9: Failed | L9: Compiled ok. Wrong output.
A10: P1 | B10: TBR | C10: ChatGPT | D10: C | E10: 74.87 | F10: 76.331 | G10: 77.088 | H10: 74.633 | I10: 77.703 | J10: =AVERAGE(E10:I10) -> 76.125 | K10: =STDEV(E10:I10) -> 1.3473101 | M10: {=_xlfn.LET(_xlpm.lang, D10,_xlpm.tempo, J10,_xlpm.ref, _xlfn.XLOOKUP(_xlpm.lang, $D$56:$D$62, $J$56:$J$62, ""), IF(_xlpm.ref="", "Not Applicable", IF(_xlpm.tempo>_xlpm.ref, "Bigger", IF(_xlpm.tempo<_xlpm.ref, "Smaller", "Equal"))))} -> Bigger
A11: P1 | B11: TBR | C11: Claude | D11: Python | E11: Failed | F11: Failed | G11: Failed | H11: Failed | I11: Failed | J11: Failed | K11: Failed | L11: Compiled ok. Wrong output.
A12: P1 | B12: TBR | C12: Claude | D12: Python | E12: Failed | F12: Failed | G12: Failed | H12: Failed | I12: Failed | J12: Failed | K12: Failed | L12: Compiled ok. Wrong output.
A13: P1 | B13: TBR | C13: Copilot | D13: No Code | E13: Failed | F13: Failed | G13: Failed | H13: Failed | I13: Failed | J13: Failed | K13: Failed | L13: No Code
A14: P1 | B14: TBR | C14: DeepSeek | D14: Python | E14: Failed | F14: Failed | G14: Failed | H14: Failed | I14: Failed | J14: Failed | K14: Failed | L14: Compiled ok. Wrong output.
A15: P1 | B15: TBR | C15: DeepSeek | D15: Python | E15: Failed | F15: Failed | G15: Failed | H15: Failed | I15: Failed | J15: Failed | K15: Failed | L15: Compiled ok. Wrong output.
A16: P1 | B16: TBR | C16: Gemini | D16: Python | E16: Failed | F16: Failed | G16: Failed | H16: Failed | I16: Failed | J16: Failed | K16: Failed | L16: It did not compile.
A17: P2 | B17: Normal | C17: ChatGPT | D17: No Code | E17: Failed | F17: Failed | G17: Failed | H17: Failed | I17: Failed | J17: Failed | K17: Failed | L17: No Code
A18: P2 | B18: Normal | C18: Claude | D18: Python | E18: Failed | F18: Failed | G18: Failed | H18: Failed | I18: Failed | J18: Failed | K18: Failed | L18: Compiled ok. Wrong output.
A19: P2 | B19: Normal | C19: Claude | D19: C | E19: Failed | F19: Failed | G19: Failed | H19: Failed | I19: Failed | J19: Failed | K19: Failed | L19: Compiled ok. Wrong output.
A20: P2 | B20: Normal | C20: Copilot | D20: No Code | E20: Failed | F20: Failed | G20: Failed | H20: Failed | I20: Failed | J20: Failed | K20: Failed | L20: No Code
A21: P2 | B21: Normal | C21: DeepSeek | D21: Python | E21: Failed | F21: Failed | G21: Failed | H21: Failed | I21: Failed | J21: Failed | K21: Failed | L21: It did not compile.
A22: P2 | B22: Normal | C22: Gemini | D22: Python | E22: Failed | F22: Failed | G22: Failed | H22: Failed | I22: Failed | J22: Failed | K22: Failed | L22: Compiled ok. Wrong output.
... A24: P2 | B24: TBR | C24: Claude | D24: Python | E24: Failed | F24: Failed | G24: Failed | H24: Failed | I24: Failed | J24: Failed | K24: Failed | L24: Compiled ok. Wrong output.
A25: P2 | B25: TBR | C25: Claude | D25: C | E25: 77.384 | F25: 77.91 | G25: 77.662 | H25: 76.236 | I25: 77.88 | J25: =AVERAGE(E25:I25) -> 77.4144 | K25: =STDEV(E25:I25) -> 0.69160307 | M25: {=_xlfn.LET(_xlpm.lang, D25,_xlpm.tempo, J25,_xlpm.ref, _xlfn.XLOOKUP(_xlpm.lang, $D$56:$D$62, $J$56:$J$62, ""), IF(_xlpm.ref="", "Not Applicable", IF(_xlpm.tempo>_xlpm.ref, "Bigger", IF(_xlpm.tempo<_xlpm.ref, "Smaller", "Equal"))))} -> Bigger
A26: P2 | B26: TBR | C26: Copilot | D26: No Code | E26: Failed | F26: Failed | G26: Failed | H26: Failed | I26: Failed | J26: Failed | K26: Failed | L26: No Code
A27: P2 | B27: TBR | C27: DeepSeek | D27: Python | E27: Failed | F27: Failed | G27: Failed | H27: Failed | I27: Failed | J27: Failed | K27: Failed | L27: It did not compile.
A28: P2 | B28: TBR | C28: DeepSeek | D28: Python | E28: 2644.8 | F28: 2630.201 | G28: 2641.199 | H28: 2611.84 | I28: 2632.959 | J28: =AVERAGE(E28:I28) -> 2632.1998 | K28: =STDEV(E28:I28) -> 12.833975 | M28: {=_xlfn.LET(_xlpm.lang, D28,_xlpm.tempo, J28,_xlpm.ref, _xlfn.XLOOKUP(_xlpm.lang, $D$56:$D$62, $J$56:$J$62, ""), IF(_xlpm.ref="", "Not Applicable", IF(_xlpm.tempo>_xlpm.ref, "Bigger", IF(_xlpm.tempo<_xlpm.ref, "Smaller", "Equal"))))} -> Bigger
A29: P2 | B29: TBR | C29: Gemini | D29: C++ | E29: 66.937 | F29: 65.682 | G29: 65.536 | H29: 66.319 | I29: 68.058 | J29: =AVERAGE(E29:I29) -> 66.5064 | K29: =STDEV(E29:I29) -> 1.0306926 | M29: {=_xlfn.LET(_xlpm.lang, D29,_xlpm.tempo, J29,_xlpm.ref, _xlfn.XLOOKUP(_xlpm.lang, $D$56:$D$62, $J$56:$J$62, ""), IF(_xlpm.ref="", "Not Applicable", IF(_xlpm.tempo>_xlpm.ref, "Bigger", IF(_xlpm.tempo<_xlpm.ref, "Smaller", "Equal"))))} -> Bigger
A30: P3 | B30: Normal | C30: ChatGPT | D30: C | E30: Failed | F30: Failed | G30: Failed | H30: Failed | I30: Failed | J30: Failed | K30: Failed | L30: Compiled ok. Wrong output.
A31: P3 | B31: Normal | C31: Claude | D31: Python | E31: Failed | F31: Failed | G31: Failed | H31: Failed | I31: Failed | J31: Failed | K31: Failed | L31: It did not compile.
A32: P3 | B32: Normal | C32: Claude | D32: C | E32: Failed | F32: Failed | G32: Failed | H32: Failed | I32: Failed | J32: Failed | K32: Failed | L32: Compiled ok. Wrong output.
A33: P3 | B33: Normal | C33: Copilot | D33: No Code | E33: Failed | F33: Failed | G33: Failed | H33: Failed | I33: Failed | J33: Failed | K33: Failed | L33: No Code
A34: P3 | B34: Normal | C34: DeepSeek | D34: Python | E34: Failed | F34: Failed | G34: Failed | H34: Failed | I34: Failed | J34: Failed | K34: Failed | L34: Compiled ok. Wrong output.
A35: P3 | B35: Normal | C35: DeepSeek | D35: C | E35: Failed | F35: Failed | G35: Failed | H35: Failed | I35: Failed | J35: Failed | K35: Failed | L35: Compiled ok. Wrong output.
A36: P3 | B36: Normal | C36: Gemini | D36: Rust | E36: Failed | F36: Failed | G36: Failed | H36: Failed | I36: Failed | J36: Failed | K36: Failed | L36: Compiled ok. Wrong output.
A37: P3 | B37: TBR | C37: ChatGPT | D37: C | E37: Failed | F37: Failed | G37: Failed | H37: Failed | I37: Failed | J37: Failed | K37: Failed | L37: Compiled ok. Wrong output.
A38: P3 | B38: TBR | C38: Claude | D38: C | E38: Failed | F38: Failed | G38: Failed | H38: Failed | I38: Failed | J38: Failed | K38: Failed | L38: Compiled ok. Wrong output.
A39: P3 | B39: TBR | C39: Copilot | D39: Python | E39: Failed | F39: Failed | G39: Failed | H39: Failed | I39: Failed | J39: Failed | K39: Failed | L39: Compiled ok. Wrong output.
A40: P3 | B40: TBR | C40: Copilot | D40: C | E40: Failed | F40: Failed | G40: Failed | H40: Failed | I40: Failed | J40: Failed | K40: Failed | L40: Compiled ok. Wrong output.
A41: P3 | B41: TBR | C41: DeepSeek | D41: C++ | E41: Failed | F41: Failed | G41: Failed | H41: Failed | I41: Failed | J41: Failed | K41: Failed | L41: Compiled ok. Wrong output.
... A55: P4 | B55: TBR | C55: Gemini | D55: C++ | E55: Failed | F55: Failed | G55: Failed | H55: Failed | I55: Failed | J55: Failed | K55: Failed | L55: Compiled ok. Wrong output.
D56: Python | E56: 283.685 | F56: 285.937 | G56: 286.929 | H56: 282.525 | I56: 286.473 | J56: =AVERAGE(E56:I56) -> 285.1098 | K56: =STDEV(E56:I56) -> 1.9080952
D57: Python -OO | E57: 285.672 | F57: 283.805 | G57: 282.058 | H57: 283.891 | I57: 282.432 | J57: =AVERAGE(E57:I57) -> 283.5716 | K57: =STDEV(E57:I57) -> 1.4280971
D58: C | E58: 11.462 | F58: 11.857 | G58: 11.689 | H58: 11.432 | I58: 12.187 | J58: =AVERAGE(E58:I58) -> 11.7254 | K58: =STDEV(E58:I58) -> 0.31111943
D59: C-O3 | E59: 1.785 | F59: 1.745 | G59: 1.869 | H59: 1.752 | I59: 1.753 | J59: =AVERAGE(E59:I59) -> 1.7808 | K59: =STDEV(E59:I59) -> 0.051673978
D60: C++ | E60: 6.716 | F60: 6.698 | G60: 7.156 | H60: 7.053 | I60: 6.31 | J60: =AVERAGE(E60:I60) -> 6.7866 | K60: =STDEV(E60:I60) -> 0.33444252
D61: C++ -O3 | E61: 1.983 | F61: 1.985 | G61: 2.016 | H61: 1.993 | I61: 2.104 | J61: =AVERAGE(E61:I61) -> 2.0162 | K61: =STDEV(E61:I61) -> 0.050800591
D62: Go | E62: 6.813 | F62: 6.834 | G62: 6.884 | H62: 6.958 | I62: 6.958 | J62: =AVERAGE(E62:I62) -> 6.8894 | K62: =STDEV(E62:I62) -> 0.067725918

Sheet k-nucleotide
A1: PROMPT | B1: SEARCH TYPE | C1: AI TOOL | D1: P. L. | E1: RUNTIME | L1: OUTPUT COMMENT
E2: M1 | F2: M2 | G2: M3 | H2: M4 | I2: M5 | J2: AVG | K2: STD
A3: P1 | B3: Normal | C3: ChatGPT | D3: Rust | E3: 171.032 | F3: 173.865 | G3: 171.149 | H3: 173.208 | I3: 173.083 | J3: =AVERAGE(E3:I3) -> 172.4674 | K3: =STDEV(E3:I3) -> 1.292216 | M3: {=_xlfn.LET(_xlpm.lang, D3,_xlpm.tempo, J3,_xlpm.ref, _xlfn.XLOOKUP(_xlpm.lang, $D$48:$D$54, $J$48:$J$54, ""), IF(_xlpm.ref="", "Not Applicable", IF(_xlpm.tempo>_xlpm.ref, "Bigger", IF(_xlpm.tempo<_xlpm.ref, "Smaller", "Equal"))))} -> Not Applicable | P3: MIN | Q3: MAX | R3: PROMPT (MIN) | S3: SEARCH TYPE (MIN) | T3: PROMPT (MAX) | U3: SEARCH TYPE (MAX)
A4: P1 | B4: Normal | C4: Claude | D4: Python | E4: 414.154 | F4: 414.592 | G4: 412.264 | H4: 414.928 | I4: 425.683 | J4: =AVERAGE(E4:I4) -> 416.3242 | K4: =STDEV(E4:I4) -> 5.3322608 | M4: {=_xlfn.LET(_xlpm.lang, D4,_xlpm.tempo, J4,_xlpm.ref, _xlfn.XLOOKUP(_xlpm.lang, $D$48:$D$54, $J$48:$J$54, ""), IF(_xlpm.ref="", "Not Applicable", IF(_xlpm.tempo>_xlpm.ref, "Bigger", IF(_xlpm.tempo<_xlpm.ref, "Smaller", "Equal"))))} -> Bigger | O4: C | P4: =_xlfn.MINIFS($J$3:$J$47,$D$3:$D$47,"C") -> 0 | Q4: =_xlfn.MAXIFS($J$3:$J$47,$D$3:$D$47,"C") -> 0 | R4: {=INDEX($A$3:$A$47,MATCH(1,($D$3:$D$47="C")*($J$3:$J$47=_xlfn.MINIFS($J$3:$J$47,$D$3:$D$47,"C")),0))} -> #N/A | S4: {=INDEX($B$3:$B$47,MATCH(1,($D$3:$D$47="C")*($J$3:$J$47=_xlfn.MINIFS($J$3:$J$47,$D$3:$D$47,"C")),0))} -> #N/A | T4: {=INDEX($A$3:$A$47,MATCH(1,($D$3:$D$47="C")*($J$3:$J$47=_xlfn.MAXIFS($J$3:$J$47,$D$3:$D$47,"C")),0))} -> #N/A | U4: {=INDEX($B$3:$B$47,MATCH(1,($D$3:$D$47="C")*($J$3:$J$47=_xlfn.MAXIFS($J$3:$J$47,$D$3:$D$47,"C")),0))} -> #N/A
A5: P1 | B5: Normal | C5: Copilot | D5: Python | E5: Failed | F5: Failed | G5: Failed | H5: Failed | I5: Failed | J5: Failed | K5: Failed | L5: Compiled ok. Wrong output. | O5: Go | P5: =_xlfn.MINIFS($J$3:$J$47,$D$3:$D$47,"Go") -> 21.6102 | Q5: =_xlfn.MAXIFS($J$3:$J$47,$D$3:$D$47,"Go") -> 25.9724 | R5: {=INDEX($A$3:$A$47,MATCH(1,($D$3:$D$47="Go")*($J$3:$J$47=_xlfn.MINIFS($J$3:$J$47,$D$3:$D$47,"Go")),0))} -> P4 | S5: {=INDEX($B$3:$B$47,MATCH(1,($D$3:$D$47="Go")*($J$3:$J$47=_xlfn.MINIFS($J$3:$J$47,$D$3:$D$47,"Go")),0))} -> TBR | T5: {=INDEX($A$3:$A$47,MATCH(1,($D$3:$D$47="Go")*($J$3:$J$47=_xlfn.MAXIFS($J$3:$J$47,$D$3:$D$47,"Go")),0))} -> P4 | U5: {=INDEX($B$3:$B$47,MATCH(1,($D$3:$D$47="Go")*($J$3:$J$47=_xlfn.MAXIFS($J$3:$J$47,$D$3:$D$47,"Go")),0))} -> Normal
A6: P1 | B6: Normal | C6: DeepSeek | D6: Python | E6: 216.67 | F6: 219.14 | G6: 219.582 | H6: 218.039 | I6: 215.917 | J6: =AVERAGE(E6:I6) -> 217.8696 | K6: =STDEV(E6:I6) -> 1.5673715 | M6: {=_xlfn.LET(_xlpm.lang, D6,_xlpm.tempo, J6,_xlpm.ref, _xlfn.XLOOKUP(_xlpm.lang, $D$48:$D$54, $J$48:$J$54, ""), IF(_xlpm.ref="", "Not Applicable", IF(_xlpm.tempo>_xlpm.ref, "Bigger", IF(_xlpm.tempo<_xlpm.ref, "Smaller", "Equal"))))} -> Bigger | O6: Python | P6: =_xlfn.MINIFS($J$3:$J$47,$D$3:$D$47,"Python") -> 75.5574 | Q6: =_xlfn.MAXIFS($J$3:$J$47,$D$3:$D$47,"Python") -> 470.8828 | R6: {=INDEX($A$3:$A$47,MATCH(1,($D$3:$D$47="Python")*($J$3:$J$47=_xlfn.MINIFS($J$3:$J$47,$D$3:$D$47,"Python")),0))} -> P4 | S6: {=INDEX($B$3:$B$47,MATCH(1,($D$3:$D$47="Python")*($J$3:$J$47=_xlfn.MINIFS($J$3:$J$47,$D$3:$D$47,"Python")),0))} -> Normal | T6: {=INDEX($A$3:$A$47,MATCH(1,($D$3:$D$47="Python")*($J$3:$J$47=_xlfn.MAXIFS($J$3:$J$47,$D$3:$D$47,"Python")),0))} -> P3 | U6: {=INDEX($B$3:$B$47,MATCH(1,($D$3:$D$47="Python")*($J$3:$J$47=_xlfn.MAXIFS($J$3:$J$47,$D$3:$D$47,"Python")),0))} -> TBR
A7: P1 | B7: Normal | C7: DeepSeek | D7: Python | E7: 289.506 | F7: 288.814 | G7: 288.893 | H7: 289.184 | I7: 294.762 | J7: =AVERAGE(E7:I7) -> 290.2318 | K7: =STDEV(E7:I7) -> 2.5470534 | M7: {=_xlfn.LET(_xlpm.lang, D7,_xlpm.tempo, J7,_xlpm.ref, _xlfn.XLOOKUP(_xlpm.lang, $D$48:$D$54, $J$48:$J$54, ""), IF(_xlpm.ref="", "Not Applicable", IF(_xlpm.tempo>_xlpm.ref, "Bigger", IF(_xlpm.tempo<_xlpm.ref, "Smaller", "Equal"))))} -> Bigger
A8: P1 | B8: Normal | C8: Gemini | D8: Python | E8: 196.598 | F8: 196.745 | G8: 197.422 | H8: 200.331 | I8: 201.098 | J8: =AVERAGE(E8:I8) -> 198.4388 | K8: =STDEV(E8:I8) -> 2.1179678 | M8: {=_xlfn.LET(_xlpm.lang, D8,_xlpm.tempo, J8,_xlpm.ref, _xlfn.XLOOKUP(_xlpm.lang, $D$48:$D$54, $J$48:$J$54, ""), IF(_xlpm.ref="", "Not Applicable", IF(_xlpm.tempo>_xlpm.ref, "Bigger", IF(_xlpm.tempo<_xlpm.ref, "Smaller", "Equal"))))} -> Bigger | O8: =COUNTIF(M3:M47, "Smaller") -> 0 | P8: =COUNTIFS($M$3:$M47, "Smaller", $D$3:$D47, "Python") -> 0
A9: P1 | B9: TBR | C9: ChatGPT | D9: Rust | E9: 167.525 | F9: 166.324 | G9: 166.828 | H9: 168.829 | I9: 166.457 | J9: =AVERAGE(E9:I9) -> 167.1926 | K9: =STDEV(E9:I9) -> 1.0267426 | M9: {=_xlfn.LET(_xlpm.lang, D9,_xlpm.tempo, J9,_xlpm.ref, _xlfn.XLOOKUP(_xlpm.lang, $D$48:$D$54, $J$48:$J$54, ""), IF(_xlpm.ref="", "Not Applicable", IF(_xlpm.tempo>_xlpm.ref, "Bigger", IF(_xlpm.tempo<_xlpm.ref, "Smaller", "Equal"))))} -> Not Applicable
A10: P1 | B10: TBR | C10: Claude | D10: Python | E10: 191.453 | F10: 196.096 | G10: 199.911 | H10: 195.525 | I10: 201.906 | J10: =AVERAGE(E10:I10) -> 196.9782 | K10: =STDEV(E10:I10) -> 4.0713152 | M10: {=_xlfn.LET(_xlpm.lang, D10,_xlpm.tempo, J10,_xlpm.ref, _xlfn.XLOOKUP(_xlpm.lang, $D$48:$D$54, $J$48:$J$54, ""), IF(_xlpm.ref="", "Not Applicable", IF(_xlpm.tempo>_xlpm.ref, "Bigger", IF(_xlpm.tempo<_xlpm.ref, "Smaller", "Equal"))))} -> Bigger
A11: P1 | B11: TBR | C11: Copilot | D11: Python | E11: Failed | F11: Failed | G11: Failed | H11: Failed | I11: Failed | J11: Failed | K11: Failed | L11: Compiled ok. Wrong output.
A12: P1 | B12: TBR | C12: DeepSeek | D12: Python | E12: Failed | F12: Failed | G12: Failed | H12: Failed | I12: Failed | J12: Failed | K12: Failed | L12: Compiled ok. Wrong output.
A13: P1 | B13: TBR | C13: Gemini | D13: Python | E13: Failed | F13: Failed | G13: Failed | H13: Failed | I13: Failed | J13: Failed | K13: Failed | L13: Compiled ok. Wrong output.
A14: P2 | B14: Normal | C14: ChatGPT | D14: Go | E14: Failed | F14: Failed | G14: Failed | H14: Failed | I14: Failed | J14: Failed | K14: Failed | L14: Compiled ok. Wrong output.
A15: P2 | B15: Normal | C15: Claude | D15: Python | E15: 195.02 | F15: 196.116 | G15: 197.259 | H15: 197.073 | I15: 196.042 | J15: =AVERAGE(E15:I15) -> 196.302 | K15: =STDEV(E15:I15) -> 0.90222087 | M15: {=_xlfn.LET(_xlpm.lang, D15,_xlpm.tempo, J15,_xlpm.ref, _xlfn.XLOOKUP(_xlpm.lang, $D$48:$D$54, $J$48:$J$54, ""), IF(_xlpm.ref="", "Not Applicable", IF(_xlpm.tempo>_xlpm.ref, "Bigger", IF(_xlpm.tempo<_xlpm.ref, "Smaller", "Equal"))))} -> Bigger
A16: P2 | B16: Normal | C16: Copilot | D16: Python | E16: Failed | F16: Failed | G16: Failed | H16: Failed | I16: Failed | J16: Failed | K16: Failed | L16: Compiled ok. Wrong output.
A17: P2 | B17: Normal | C17: DeepSeek | D17: Python | E17: Failed | F17: Failed | G17: Failed | H17: Failed | I17: Failed | J17: Failed | K17: Failed | L17: Compiled ok. Wrong output.
A18: P2 | B18: Normal | C18: Gemini | D18: Python | E18: 102.571 | F18: 104.855 | G18: 102.043 | H18: 103.626 | I18: 100.117 | J18: =AVERAGE(E18:I18) -> 102.6424 | K18: =STDEV(E18:I18) -> 1.7751825 | M18: {=_xlfn.LET(_xlpm.lang, D18,_xlpm.tempo, J18,_xlpm.ref, _xlfn.XLOOKUP(_xlpm.lang, $D$48:$D$54, $J$48:$J$54, ""), IF(_xlpm.ref="", "Not Applicable", IF(_xlpm.tempo>_xlpm.ref, "Bigger", IF(_xlpm.tempo<_xlpm.ref, "Smaller", "Equal"))))} -> Bigger
A19: P2 | B19: TBR | C19: ChatGPT | D19: Go | E19: Failed | F19: Failed | G19: Failed | H19: Failed | I19: Failed | J19: Failed | K19: Failed | L19: Compiled ok. Wrong output.
A20: P2 | B20: TBR | C20: Claude | D20: Python | E20: 197.938 | F20: 198.487 | G20: 197.087 | H20: 199.369 | I20: 198.158 | J20: =AVERAGE(E20:I20) -> 198.2078 | K20: =STDEV(E20:I20) -> 0.83033168 | M20: {=_xlfn.LET(_xlpm.lang, D20,_xlpm.tempo, J20,_xlpm.ref, _xlfn.XLOOKUP(_xlpm.lang, $D$48:$D$54, $J$48:$J$54, ""), IF(_xlpm.ref="", "Not Applicable", IF(_xlpm.tempo>_xlpm.ref, "Bigger", IF(_xlpm.tempo<_xlpm.ref, "Smaller", "Equal"))))} -> Bigger
A21: P2 | B21: TBR | C21: Copilot | D21: No Code | E21: Failed | F21: Failed | G21: Failed | H21: Failed | I21: Failed | J21: Failed | K21: Failed | L21: No Code
A22: P2 | B22: TBR | C22: DeepSeek | D22: Python | E22: Failed | F22: Failed | G22: Failed | H22: Failed | I22: Failed | J22: Failed | K22: Failed | L22: Compiled ok. Wrong output.
A23: P2 | B23: TBR | C23: DeepSeek | D23: Bash (.sh) | E23: Failed | F23: Failed | G23: Failed | H23: Failed | I23: Failed | J23: Failed | K23: Failed | L23: Compiled ok. Wrong output.
A24: P2 | B24: TBR | C24: Gemini | D24: C++ | E24: Failed | F24: Failed | G24: Failed | H24: Failed | I24: Failed | J24: Failed | K24: Failed | L24: Compiled ok. Wrong output.
A25: P2 | B25: TBR | C25: Gemini | D25: C++ | E25: Failed | F25: Failed | G25: Failed | H25: Failed | I25: Failed | J25: Failed | K25: Failed | L25: It did not compile.
A26: P3 | B26: Normal | C26: ChatGPT | D26: Rust | E26: 188.136 | F26: 190.59 | G26: 192.109 | H26: 187.078 | I26: 190.423 | J26: =AVERAGE(E26:I26) -> 189.6672 | K26: =STDEV(E26:I26) -> 2.0269257 | M26: {=_xlfn.LET(_xlpm.lang, D26,_xlpm.tempo, J26,_xlpm.ref, _xlfn.XLOOKUP(_xlpm.lang, $D$48:$D$54, $J$48:$J$54, ""), IF(_xlpm.ref="", "Not Applicable", IF(_xlpm.tempo>_xlpm.ref, "Bigger", IF(_xlpm.tempo<_xlpm.ref, "Smaller", "Equal"))))} -> Not Applicable
A27: P3 | B27: Normal | C27: Claude | D27: Python | E27: 206.042 | F27: 204.46 | G27: 204.179 | H27: 203.025 | I27: 204.978 | J27: =AVERAGE(E27:I27) -> 204.5368 | K27: =STDEV(E27:I27) -> 1.104507 | M27: {=_xlfn.LET(_xlpm.lang, D27,_xlpm.tempo, J27,_xlpm.ref, _xlfn.XLOOKUP(_xlpm.lang, $D$48:$D$54, $J$48:$J$54, ""), IF(_xlpm.ref="", "Not Applicable", IF(_xlpm.tempo>_xlpm.ref, "Bigger", IF(_xlpm.tempo<_xlpm.ref, "Smaller", "Equal"))))} -> Bigger
A28: P3 | B28: Normal | C28: Copilot | D28: No Code | E28: Failed | F28: Failed | G28: Failed | H28: Failed | I28: Failed | J28: Failed | K28: Failed | L28: No Code
A29: P3 | B29: Normal | C29: DeepSeek | D29: Python | E29: Failed | F29: Failed | G29: Failed | H29: Failed | I29: Failed | J29: Failed | K29: Failed | L29: Compiled ok. Wrong output.
A30: P3 | B30: Normal | C30: Gemini | D30: Python | E30: 298.622 | F30: 296.235 | G30: 295.36 | H30: 295.529 | I30: 296.21 | J30: =AVERAGE(E30:I30) -> 296.3912 | K30: =STDEV(E30:I30) -> 1.3077139 | M30: {=_xlfn.LET(_xlpm.lang, D30,_xlpm.tempo, J30,_xlpm.ref, _xlfn.XLOOKUP(_xlpm.lang, $D$48:$D$54, $J$48:$J$54, ""), IF(_xlpm.ref="", "Not Applicable", IF(_xlpm.tempo>_xlpm.ref, "Bigger", IF(_xlpm.tempo<_xlpm.ref, "Smaller", "Equal"))))} -> Bigger
A31: P3 | B31: TBR | C31: ChatGPT | D31: Rust | E31: 194.213 | F31: 197.104 | G31: 194.445 | H31: 195.458 | I31: 198.563 | J31: =AVERAGE(E31:I31) -> 195.9566 | K31: =STDEV(E31:I31) -> 1.8495625 | M31: {=_xlfn.LET(_xlpm.lang, D31,_xlpm.tempo, J31,_xlpm.ref, _xlfn.XLOOKUP(_xlpm.lang, $D$48:$D$54, $J$48:$J$54, ""), IF(_xlpm.ref="", "Not Applicable", IF(_xlpm.tempo>_xlpm.ref, "Bigger", IF(_xlpm.tempo<_xlpm.ref, "Smaller", "Equal"))))} -> Not Applicable
A32: P3 | B32: TBR | C32: Claude | D32: Python | E32: Failed | F32: Failed | G32: Failed | H32: Failed | I32: Failed | J32: Failed | K32: Failed | L32: Compiled ok. Wrong output.
A33: P3 | B33: TBR | C33: Copilot | D33: Python | E33: Failed | F33: Failed | G33: Failed | H33: Failed | I33: Failed | J33: Failed | K33: Failed | L33: Compiled ok. Wrong output.
A34: P3 | B34: TBR | C34: Copilot | D34: Python | E34: Failed | F34: Failed | G34: Failed | H34: Failed | I34: Failed | J34: Failed | K34: Failed | L34: Compiled ok. Wrong output.
A35: P3 | B35: TBR | C35: DeepSeek | D35: Python | E35: 469.477 | F35: 474.131 | G35: 471.196 | H35: 469.733 | I35: 469.877 | J35: =AVERAGE(E35:I35) -> 470.8828 | K35: =STDEV(E35:I35) -> 1.9338333 | M35: {=_xlfn.LET(_xlpm.lang, D35,_xlpm.tempo, J35,_xlpm.ref, _xlfn.XLOOKUP(_xlpm.lang, $D$48:$D$54, $J$48:$J$54, ""), IF(_xlpm.ref="", "Not Applicable", IF(_xlpm.tempo>_xlpm.ref, "Bigger", IF(_xlpm.tempo<_xlpm.ref, "Smaller", "Equal"))))} -> Bigger
A36: P3 | B36: TBR | C36: Gemini | D36: C++ | E36: Failed | F36: Failed | G36: Failed | H36: Failed | I36: Failed | J36: Failed | K36: Failed | L36: It did not compile.
A37: P4 | B37: Normal | C37: ChatGPT | D37: Go | E37: 26.052 | F37: 25.843 | G37: 26.016 | H37: 25.728 | I37: 26.223 | J37: =AVERAGE(E37:I37) -> 25.9724 | K37: =STDEV(E37:I37) -> 0.19203724 | M37: {=_xlfn.LET(_xlpm.lang, D37,_xlpm.tempo, J37,_xlpm.ref, _xlfn.XLOOKUP(_xlpm.lang, $D$48:$D$54, $J$48:$J$54, ""), IF(_xlpm.ref="", "Not Applicable", IF(_xlpm.tempo>_xlpm.ref, "Bigger", IF(_xlpm.tempo<_xlpm.ref, "Smaller", "Equal"))))} -> Bigger
A38: P4 | B38: Normal | C38: Claude | D38: Python | E38: 201.911 | F38: 203.899 | G38: 205.679 | H38: 203.176 | I38: 203.591 | J38: =AVERAGE(E38:I38) -> 203.6512 | K38: =STDEV(E38:I38) -> 1.3630034 | M38: {=_xlfn.LET(_xlpm.lang, D38,_xlpm.tempo, J38,_xlpm.ref, _xlfn.XLOOKUP(_xlpm.lang, $D$48:$D$54, $J$48:$J$54, ""), IF(_xlpm.ref="", "Not Applicable", IF(_xlpm.tempo>_xlpm.ref, "Bigger", IF(_xlpm.tempo<_xlpm.ref, "Smaller", "Equal"))))} -> Bigger
A39: P4 | B39: Normal | C39: Copilot | D39: No Code | E39: Failed | F39: Failed | G39: Failed | H39: Failed | I39: Failed | J39: Failed | K39: Failed | L39: No Code
A40: P4 | B40: Normal | C40: DeepSeek | D40: Python | E40: Failed | F40: Failed | G40: Failed | H40: Failed | I40: Failed | J40: Failed | K40: Failed | L40: It did not compile.
A41: P4 | B41: Normal | C41: DeepSeek | D41: Python | E41: Failed | F41: Failed | G41: Failed | H41: Failed | I41: Failed | J41: Failed | K41: Failed | L41: Compiled ok. Wrong output.
A42: P4 | B42: Normal | C42: Gemini | D42: Python | E42: 75.858 | F42: 78.244 | G42: 73.241 | H42: 75.485 | I42: 74.959 | J42: =AVERAGE(E42:I42) -> 75.5574 | K42: =STDEV(E42:I42) -> 1.8053541 | M42: {=_xlfn.LET(_xlpm.lang, D42,_xlpm.tempo, J42,_xlpm.ref, _xlfn.XLOOKUP(_xlpm.lang, $D$48:$D$54, $J$48:$J$54, ""), IF(_xlpm.ref="", "Not Applicable", IF(_xlpm.tempo>_xlpm.ref, "Bigger", IF(_xlpm.tempo<_xlpm.ref, "Smaller", "Equal"))))} -> Bigger
A43: P4 | B43: TBR | C43: ChatGPT | D43: Go | E43: 21.614 | F43: 21.63 | G43: 21.66 | H43: 21.588 | I43: 21.559 | J43: =AVERAGE(E43:I43) -> 21.6102 | K43: =STDEV(E43:I43) -> 0.038732415 | M43: {=_xlfn.LET(_xlpm.lang, D43,_xlpm.tempo, J43,_xlpm.ref, _xlfn.XLOOKUP(_xlpm.lang, $D$48:$D$54, $J$48:$J$54, ""), IF(_xlpm.ref="", "Not Applicable", IF(_xlpm.tempo>_xlpm.ref, "Bigger", IF(_xlpm.tempo<_xlpm.ref, "Smaller", "Equal"))))} -> Bigger
A44: P4 | B44: TBR | C44: Claude | D44: Python | E44: 201.558 | F44: 198.832 | G44: 199.568 | H44: 199.348 | I44: 200.115 | J44: =AVERAGE(E44:I44) -> 199.8842 | K44: =STDEV(E44:I44) -> 1.0427719 | M44: {=_xlfn.LET(_xlpm.lang, D44,_xlpm.tempo, J44,_xlpm.ref, _xlfn.XLOOKUP(_xlpm.lang, $D$48:$D$54, $J$48:$J$54, ""), IF(_xlpm.ref="", "Not Applicable", IF(_xlpm.tempo>_xlpm.ref, "Bigger", IF(_xlpm.tempo<_xlpm.ref, "Smaller", "Equal"))))} -> Bigger
A45: P4 | B45: TBR | C45: Copilot | D45: No Code | E45: Failed | F45: Failed | G45: Failed | H45: Failed | I45: Failed | J45: Failed | K45: Failed | L45: No Code
A46: P4 | B46: TBR | C46: DeepSeek | D46: Python | E46: Failed | F46: Failed | G46: Failed | H46: Failed | I46: Failed | J46: Failed | K46: Failed | L46: It did not compile.
A47: P4 | B47: TBR | C47: Gemini | D47: C++ | E47: 21.522 | F47: 21.968 | G47: 22.264 | H47: 22.089 | I47: 22.12 | J47: =AVERAGE(E47:I47) -> 21.9926 | K47: =STDEV(E47:I47) -> 0.28339513 | M47: {=_xlfn.LET(_xlpm.lang, D47,_xlpm.tempo, J47,_xlpm.ref, _xlfn.XLOOKUP(_xlpm.lang, $D$48:$D$54, $J$48:$J$54, ""), IF(_xlpm.ref="", "Not Applicable", IF(_xlpm.tempo>_xlpm.ref, "Bigger", IF(_xlpm.tempo<_xlpm.ref, "Smaller", "Equal"))))} -> Bigger
D48: Python | E48: 57.942 | F48: 62.467 | G48: 61.413 | H48: 60.472 | I48: 61.524 | J48: =AVERAGE(E48:I48) -> 60.7636 | K48: =STDEV(E48:I48) -> 1.7282909
D49: Python -OO | E49: 62.669 | F49: 59.327 | G49: 61.183 | H49: 58.745 | I49: 56.457 | J49: =AVERAGE(E49:I49) -> 59.6762 | K49: =STDEV(E49:I49) -> 2.3759009
D50: C | E50: 7.171 | F50: 7.277 | G50: 7.374 | H50: 7.453 | I50: 7.297 | J50: =AVERAGE(E50:I50) -> 7.3144 | K50: =STDEV(E50:I50) -> 0.10609807
D51: C-O3 | E51: 3.462 | F51: 3.504 | G51: 3.527 | H51: 3.571 | I51: 3.531 | J51: =AVERAGE(E51:I51) -> 3.519 | K51: =STDEV(E51:I51) -> 0.039956226
D52: C++ | E52: 18.64 | F52: 16.78 | G52: 17.999 | H52: 18.659 | I52: 18.586 | J52: =AVERAGE(E52:I52) -> 18.1328 | K52: =STDEV(E52:I52) -> 0.80428521
D53: C++ -O3 | E53: 2.273 | F53: 2.318 | G53: 2.335 | H53: 2.334 | I53: 2.329 | J53: =AVERAGE(E53:I53) -> 2.3178 | K53: =STDEV(E53:I53) -> 0.025936461
D54: Go | E54: 4.22 | F54: 4.337 | G54: 4.232 | H54: 4.24 | I54: 4.244 | J54: =AVERAGE(E54:I54) -> 4.2546 | K54: =STDEV(E54:I54) -> 0.046965945

Sheet mandelbrot
A1: PROMPT | B1: SEARCH TYPE | C1: AI TOOL | D1: P. L. | E1: RUNTIME | L1: OUTPUT COMMENT
E2: M1 | F2: M2 | G2: M3 | H2: M4 | I2: M5 | J2: AVG | K2: STD
A3: P1 | B3: Normal | C3: ChatGPT | D3: C | E3: 38.658 | F3: 38.664 | G3: 38.737 | H3: 38.536 | I3: 38.656 | J3: =AVERAGE(E3:I3) -> 38.6502 | K3: =STDEV(E3:I3) -> 0.072216342 | M3: {=_xlfn.LET(_xlpm.lang, D3,_xlpm.tempo, J3,_xlpm.ref, _xlfn.XLOOKUP(_xlpm.lang, $D$51:$D$57, $J$51:$J$57, ""), IF(_xlpm.ref="", "Not Applicable", IF(_xlpm.tempo>_xlpm.ref, "Bigger", IF(_xlpm.tempo<_xlpm.ref, "Smaller", "Equal"))))} -> Bigger | P3: MIN | Q3: MAX | R3: PROMPT (MIN) | S3: SEARCH TYPE (MIN) | T3: PROMPT (MAX) | U3: SEARCH TYPE (MAX)
A4: P1 | B4: Normal | C4: Claude | D4: C | E4: 149.757 | F4: 151.819 | G4: 149.318 | H4: 151.464 | I4: 151.167 | J4: =AVERAGE(E4:I4) -> 150.705 | K4: =STDEV(E4:I4) -> 1.1014756 | M4: {=_xlfn.LET(_xlpm.lang, D4,_xlpm.tempo, J4,_xlpm.ref, _xlfn.XLOOKUP(_xlpm.lang, $D$51:$D$57, $J$51:$J$57, ""), IF(_xlpm.ref="", "Not Applicable", IF(_xlpm.tempo>_xlpm.ref, "Bigger", IF(_xlpm.tempo<_xlpm.ref, "Smaller", "Equal"))))} -> Bigger | O4: C | P4: =_xlfn.MINIFS($J$3:$J$50,$D$3:$D$50,"C") -> 34.4546 | Q4: =_xlfn.MAXIFS($J$3:$J$50,$D$3:$D$50,"C") -> 737.4928 | R4: {=INDEX($A$3:$A$50,MATCH(1,($D$3:$D$50="C")*($J$3:$J$50=_xlfn.MINIFS($J$3:$J$50,$D$3:$D$50,"C")),0))} -> P2 | S4: {=INDEX($B$3:$B$50,MATCH(1,($D$3:$D$50="C")*($J$3:$J$50=_xlfn.MINIFS($J$3:$J$50,$D$3:$D$50,"C")),0))} -> Normal | T4: {=INDEX($A$3:$A$50,MATCH(1,($D$3:$D$50="C")*($J$3:$J$50=_xlfn.MAXIFS($J$3:$J$50,$D$3:$D$50,"C")),0))} -> P2 | U4: {=INDEX($B$3:$B$50,MATCH(1,($D$3:$D$50="C")*($J$3:$J$50=_xlfn.MAXIFS($J$3:$J$50,$D$3:$D$50,"C")),0))} -> Normal
A5: P1 | B5: Normal | C5: Copilot | D5: C | E5: 349.406 | F5: 352.847 | G5: 352.104 | H5: 353.485 | I5: 348.097 | J5: =AVERAGE(E5:I5) -> 351.1878 | K5: =STDEV(E5:I5) -> 2.3236475 | M5: {=_xlfn.LET(_xlpm.lang, D5,_xlpm.tempo, J5,_xlpm.ref, _xlfn.XLOOKUP(_xlpm.lang, $D$51:$D$57, $J$51:$J$57, ""), IF(_xlpm.ref="", "Not Applicable", IF(_xlpm.tempo>_xlpm.ref, "Bigger", IF(_xlpm.tempo<_xlpm.ref, "Smaller", "Equal"))))} -> Bigger | O5: Go | P5: =_xlfn.MINIFS($J$3:$J$50,$D$3:$D$50,"Go") -> 0 | Q5: =_xlfn.MAXIFS($J$3:$J$50,$D$3:$D$50,"Go") -> 0 | R5: {=INDEX($A$3:$A$50,MATCH(1,($D$3:$D$50="Go")*($J$3:$J$50=_xlfn.MINIFS($J$3:$J$50,$D$3:$D$50,"Go")),0))} -> #N/A | S5: {=INDEX($B$3:$B$50,MATCH(1,($D$3:$D$50="Go")*($J$3:$J$50=_xlfn.MINIFS($J$3:$J$50,$D$3:$D$50,"Go")),0))} -> #N/A | T5: {=INDEX($A$3:$A$50,MATCH(1,($D$3:$D$50="Go")*($J$3:$J$50=_xlfn.MAXIFS($J$3:$J$50,$D$3:$D$50,"Go")),0))} -> #N/A | U5: {=INDEX($B$3:$B$50,MATCH(1,($D$3:$D$50="Go")*($J$3:$J$50=_xlfn.MAXIFS($J$3:$J$50,$D$3:$D$50,"Go")),0))} -> #N/A
A6: P1 | B6: Normal | C6: DeepSeek | D6: C | E6: 43.61 | F6: 43.949 | G6: 43.813 | H6: 413.615 | I6: 43.785 | J6: =AVERAGE(E6:I6) -> 117.7544 | K6: =STDEV(E6:I6) -> 165.39115 | M6: {=_xlfn.LET(_xlpm.lang, D6,_xlpm.tempo, J6,_xlpm.ref, _xlfn.XLOOKUP(_xlpm.lang, $D$51:$D$57, $J$51:$J$57, ""), IF(_xlpm.ref="", "Not Applicable", IF(_xlpm.tempo>_xlpm.ref, "Bigger", IF(_xlpm.tempo<_xlpm.ref, "Smaller", "Equal"))))} -> Bigger | O6: Python | P6: =_xlfn.MINIFS($J$3:$J$50,$D$3:$D$50,"Python") -> 125.61 | Q6: =_xlfn.MAXIFS($J$3:$J$50,$D$3:$D$50,"Python") -> 2280.2288 | R6: {=INDEX($A$3:$A$50,MATCH(1,($D$3:$D$50="Python")*($J$3:$J$50=_xlfn.MINIFS($J$3:$J$50,$D$3:$D$50,"Python")),0))} -> P4 | S6: {=INDEX($B$3:$B$50,MATCH(1,($D$3:$D$50="Python")*($J$3:$J$50=_xlfn.MINIFS($J$3:$J$50,$D$3:$D$50,"Python")),0))} -> TBR | T6: {=INDEX($A$3:$A$50,MATCH(1,($D$3:$D$50="Python")*($J$3:$J$50=_xlfn.MAXIFS($J$3:$J$50,$D$3:$D$50,"Python")),0))} -> P1 | U6: {=INDEX($B$3:$B$50,MATCH(1,($D$3:$D$50="Python")*($J$3:$J$50=_xlfn.MAXIFS($J$3:$J$50,$D$3:$D$50,"Python")),0))} -> Normal
A7: P1 | B7: Normal | C7: DeepSeek | D7: Python | E7: 2300.372 | F7: 2322.075 | G7: 2285.23 | H7: 2228.955 | I7: 2264.512 | J7: =AVERAGE(E7:I7) -> 2280.2288 | K7: =STDEV(E7:I7) -> 35.559406 | M7: {=_xlfn.LET(_xlpm.lang, D7,_xlpm.tempo, J7,_xlpm.ref, _xlfn.XLOOKUP(_xlpm.lang, $D$51:$D$57, $J$51:$J$57, ""), IF(_xlpm.ref="", "Not Applicable", IF(_xlpm.tempo>_xlpm.ref, "Bigger", IF(_xlpm.tempo<_xlpm.ref, "Smaller", "Equal"))))} -> Bigger
A8: P1 | B8: Normal | C8: DeepSeek | D8: Java | E8: 61.603 | F8: 61.632 | G8: 61.777 | H8: 61.503 | I8: 61.445 | J8: =AVERAGE(E8:I8) -> 61.592 | K8: =STDEV(E8:I8) -> 0.12794139 | M8: {=_xlfn.LET(_xlpm.lang, D8,_xlpm.tempo, J8,_xlpm.ref, _xlfn.XLOOKUP(_xlpm.lang, $D$51:$D$57, $J$51:$J$57, ""), IF(_xlpm.ref="", "Not Applicable", IF(_xlpm.tempo>_xlpm.ref, "Bigger", IF(_xlpm.tempo<_xlpm.ref, "Smaller", "Equal"))))} -> Not Applicable | O8: =COUNTIF(M3:M50, "Smaller") -> 1 | P8: =COUNTIFS($M$3:$M50, "Smaller", $D$3:$D50, "Python") -> 1
A9: P1 | B9: Normal | C9: Gemini | D9: Python | E9: 1117.811 | F9: 1122.156 | G9: 1114.575 | H9: 1123.621 | I9: 1125.853 | J9: =AVERAGE(E9:I9) -> 1120.8032 | K9: =STDEV(E9:I9) -> 4.5556087 | M9: {=_xlfn.LET(_xlpm.lang, D9,_xlpm.tempo, J9,_xlpm.ref, _xlfn.XLOOKUP(_xlpm.lang, $D$51:$D$57, $J$51:$J$57, ""), IF(_xlpm.ref="", "Not Applicable", IF(_xlpm.tempo>_xlpm.ref, "Bigger", IF(_xlpm.tempo<_xlpm.ref, "Smaller", "Equal"))))} -> Bigger
A10: P1 | B10: TBR | C10: ChatGPT | D10: C | E10: 43.745 | F10: 43.826 | G10: 43.349 | H10: 43.696 | I10: 43.59 | J10: =AVERAGE(E10:I10) -> 43.6412 | K10: =STDEV(E10:I10) -> 0.18434397 | M10: {=_xlfn.LET(_xlpm.lang, D10,_xlpm.tempo, J10,_xlpm.ref, _xlfn.XLOOKUP(_xlpm.lang, $D$51:$D$57, $J$51:$J$57, ""), IF(_xlpm.ref="", "Not Applicable", IF(_xlpm.tempo>_xlpm.ref, "Bigger", IF(_xlpm.tempo<_xlpm.ref, "Smaller", "Equal"))))} -> Bigger
A11: P1 | B11: TBR | C11: Claude | D11: C | E11: 79.03 | F11: 78.503 | G11: 79.041 | H11: 78.478 | I11: 78.825 | J11: =AVERAGE(E11:I11) -> 78.7754 | K11: =STDEV(E11:I11) -> 0.27407718 | M11: {=_xlfn.LET(_xlpm.lang, D11,_xlpm.tempo, J11,_xlpm.ref, _xlfn.XLOOKUP(_xlpm.lang, $D$51:$D$57, $J$51:$J$57, ""), IF(_xlpm.ref="", "Not Applicable", IF(_xlpm.tempo>_xlpm.ref, "Bigger", IF(_xlpm.tempo<_xlpm.ref, "Smaller", "Equal"))))} -> Bigger
A12: P1 | B12: TBR | C12: Copilot | D12: C | E12: 66.787 | F12: 66.792 | G12: 67.536 | H12: 67.126 | I12: 67.283 | J12: =AVERAGE(E12:I12) -> 67.1048 | K12: =STDEV(E12:I12) -> 0.32286948 | M12: {=_xlfn.LET(_xlpm.lang, D12,_xlpm.tempo, J12,_xlpm.ref, _xlfn.XLOOKUP(_xlpm.lang, $D$51:$D$57, $J$51:$J$57, ""), IF(_xlpm.ref="", "Not Applicable", IF(_xlpm.tempo>_xlpm.ref, "Bigger", IF(_xlpm.tempo<_xlpm.ref, "Smaller", "Equal"))))} -> Bigger
A13: P1 | B13: TBR | C13: DeepSeek | D13: C | E13: 515.128 | F13: 516.02 | G13: 521.677 | H13: 517.625 | I13: 521.995 | J13: =AVERAGE(E13:I13) -> 518.489 | K13: =STDEV(E13:I13) -> 3.1856772 | M13: {=_xlfn.LET(_xlpm.lang, D13,_xlpm.tempo, J13,_xlpm.ref, _xlfn.XLOOKUP(_xlpm.lang, $D$51:$D$57, $J$51:$J$57, ""), IF(_xlpm.ref="", "Not Applicable", IF(_xlpm.tempo>_xlpm.ref, "Bigger", IF(_xlpm.tempo<_xlpm.ref, "Smaller", "Equal"))))} -> Bigger
A14: P1 | B14: TBR | C14: DeepSeek | D14: Python | E14: Failed | F14: Failed | G14: Failed | H14: Failed | I14: Failed | J14: Failed | K14: Failed | L14: It did not compile.
A15: P1 | B15: TBR | C15: Gemini | D15: Python | E15: 1546.836 | F15: 1588.724 | G15: 1535.395 | H15: 1725.842 | I15: 1525.281 | J15: =AVERAGE(E15:I15) -> 1584.4156 | K15: =STDEV(E15:I15) -> 82.662167 | M15: {=_xlfn.LET(_xlpm.lang, D15,_xlpm.tempo, J15,_xlpm.ref, _xlfn.XLOOKUP(_xlpm.lang, $D$51:$D$57, $J$51:$J$57, ""), IF(_xlpm.ref="", "Not Applicable", IF(_xlpm.tempo>_xlpm.ref, "Bigger", IF(_xlpm.tempo<_xlpm.ref, "Smaller", "Equal"))))} -> Bigger
A16: P2 | B16: Normal | C16: ChatGPT | D16: C | E16: 34.266 | F16: 34.302 | G16: 34.736 | H16: 34.579 | I16: 34.39 | J16: =AVERAGE(E16:I16) -> 34.4546 | K16: =STDEV(E16:I16) -> 0.19855176 | M16: {=_xlfn.LET(_xlpm.lang, D16,_xlpm.tempo, J16,_xlpm.ref, _xlfn.XLOOKUP(_xlpm.lang, $D$51:$D$57, $J$51:$J$57, ""), IF(_xlpm.ref="", "Not Applicable", IF(_xlpm.tempo>_xlpm.ref, "Bigger", IF(_xlpm.tempo<_xlpm.ref, "Smaller", "Equal"))))} -> Bigger
A17: P2 | B17: Normal | C17: Claude | D17: C | E17: 144.425 | F17: 145.696 | G17: 146.968 | H17: 148.181 | I17: 146.283 | J17: =AVERAGE(E17:I17) -> 146.3106 | K17: =STDEV(E17:I17) -> 1.4021905 | M17: {=_xlfn.LET(_xlpm.lang, D17,_xlpm.tempo, J17,_xlpm.ref, _xlfn.XLOOKUP(_xlpm.lang, $D$51:$D$57, $J$51:$J$57, ""), IF(_xlpm.ref="", "Not Applicable", IF(_xlpm.tempo>_xlpm.ref, "Bigger", IF(_xlpm.tempo<_xlpm.ref, "Smaller", "Equal"))))} -> Bigger
A18: P2 | B18: Normal | C18: Copilot | D18: C | E18: 736.928 | F18: 737.875 | G18: 738.307 | H18: 736.582 | I18: 737.772 | J18: =AVERAGE(E18:I18) -> 737.4928 | K18: =STDEV(E18:I18) -> 0.71335594 | M18: {=_xlfn.LET(_xlpm.lang, D18,_xlpm.tempo, J18,_xlpm.ref, _xlfn.XLOOKUP(_xlpm.lang, $D$51:$D$57, $J$51:$J$57, ""), IF(_xlpm.ref="", "Not Applicable", IF(_xlpm.tempo>_xlpm.ref, "Bigger", IF(_xlpm.tempo<_xlpm.ref, "Smaller", "Equal"))))} -> Bigger
A19: P2 | B19: Normal | C19: DeepSeek | D19: C | E19: 266.701 | F19: 266.996 | G19: 267.906 | H19: 267.976 | I19: 267.563 | J19: =AVERAGE(E19:I19) -> 267.4284 | K19: =STDEV(E19:I19) -> 0.56173063 | M19: {=_xlfn.LET(_xlpm.lang, D19,_xlpm.tempo, J19,_xlpm.ref, _xlfn.XLOOKUP(_xlpm.lang, $D$51:$D$57, $J$51:$J$57, ""), IF(_xlpm.ref="", "Not Applicable", IF(_xlpm.tempo>_xlpm.ref, "Bigger", IF(_xlpm.tempo<_xlpm.ref, "Smaller", "Equal"))))} -> Bigger
A20: P2 | B20: Normal | C20: Gemini | D20: Python | E20: 1079.661 | F20: 1085.006 | G20: 1089.361 | H20: 1086.063 | I20: 1082.256 | J20: =AVERAGE(E20:I20) -> 1084.4694 | K20: =STDEV(E20:I20) -> 3.7005101 | M20: {=_xlfn.LET(_xlpm.lang, D20,_xlpm.tempo, J20,_xlpm.ref, _xlfn.XLOOKUP(_xlpm.lang, $D$51:$D$57, $J$51:$J$57, ""), IF(_xlpm.ref="", "Not Applicable", IF(_xlpm.tempo>_xlpm.ref, "Bigger", IF(_xlpm.tempo<_xlpm.ref, "Smaller", "Equal"))))} -> Bigger
A21: P2 | B21: TBR | C21: ChatGPT | D21: C | E21: 36.163 | F21: 36.148 | G21: 35.919 | H21: 36.193 | I21: 36.119 | J21: =AVERAGE(E21:I21) -> 36.1084 | K21: =STDEV(E21:I21) -> 0.10919157 | M21: {=_xlfn.LET(_xlpm.lang, D21,_xlpm.tempo, J21,_xlpm.ref, _xlfn.XLOOKUP(_xlpm.lang, $D$51:$D$57, $J$51:$J$57, ""), IF(_xlpm.ref="", "Not Applicable", IF(_xlpm.tempo>_xlpm.ref, "Bigger", IF(_xlpm.tempo<_xlpm.ref, "Smaller", "Equal"))))} -> Bigger
A22: P2 | B22: TBR | C22: Claude | D22: C | E22: 79.604 | F22: 79.59 | G22: 78.788 | H22: 79.3 | I22: 78.817 | J22: =AVERAGE(E22:I22) -> 79.2198 | K22: =STDEV(E22:I22) -> 0.39993399 | M22: {=_xlfn.LET(_xlpm.lang, D22,_xlpm.tempo, J22,_xlpm.ref, _xlfn.XLOOKUP(_xlpm.lang, $D$51:$D$57, $J$51:$J$57, ""), IF(_xlpm.ref="", "Not Applicable", IF(_xlpm.tempo>_xlpm.ref, "Bigger", IF(_xlpm.tempo<_xlpm.ref, "Smaller", "Equal"))))} -> Bigger
A23: P2 | B23: TBR | C23: Copilot | D23: No Code | E23: Failed | F23: Failed | G23: Failed | H23: Failed | I23: Failed | J23: Failed | K23: Failed | L23: No Code
A24: P2 | B24: TBR | C24: DeepSeek | D24: C++ | E24: 522.592 | F24: 529.202 | G24: 523.139 | H24: 534.451 | I24: 524.9 | J24: =AVERAGE(E24:I24) -> 526.8568 | K24: =STDEV(E24:I24) -> 4.9752251 | M24: {=_xlfn.LET(_xlpm.lang, D24,_xlpm.tempo, J24,_xlpm.ref, _xlfn.XLOOKUP(_xlpm.lang, $D$51:$D$57, $J$51:$J$57, ""), IF(_xlpm.ref="", "Not Applicable", IF(_xlpm.tempo>_xlpm.ref, "Bigger", IF(_xlpm.tempo<_xlpm.ref, "Smaller", "Equal"))))} -> Bigger
A25: P2 | B25: TBR | C25: DeepSeek | D25: C++ | E25: 216.874 | F25: 216.952 | G25: 220.166 | H25: 220.966 | I25: 220.071 | J25: =AVERAGE(E25:I25) -> 219.0058 | K25: =STDEV(E25:I25) -> 1.9420199 | M25: {=_xlfn.LET(_xlpm.lang, D25,_xlpm.tempo, J25,_xlpm.ref, _xlfn.XLOOKUP(_xlpm.lang, $D$51:$D$57, $J$51:$J$57, ""), IF(_xlpm.ref="", "Not Applicable", IF(_xlpm.tempo>_xlpm.ref, "Bigger", IF(_xlpm.tempo<_xlpm.ref, "Smaller", "Equal"))))} -> Bigger
A26: P2 | B26: TBR | C26: Gemini | D26: C | E26: 427.936 | F26: 428.288 | G26: 428.256 | H26: 427.806 | I26: 427.709 | J26: =AVERAGE(E26:I26) -> 427.999 | K26: =STDEV(E26:I26) -> 0.26214881 | M26: {=_xlfn.LET(_xlpm.lang, D26,_xlpm.tempo, J26,_xlpm.ref, _xlfn.XLOOKUP(_xlpm.lang, $D$51:$D$57, $J$51:$J$57, ""), IF(_xlpm.ref="", "Not Applicable", IF(_xlpm.tempo>_xlpm.ref, "Bigger", IF(_xlpm.tempo<_xlpm.ref, "Smaller", "Equal"))))} -> Bigger
A27: P3 | B27: Normal | C27: ChatGPT | D27: C | E27: 49.351 | F27: 49.46 | G27: 49.692 | H27: 49.319 | I27: 49.186 | J27: =AVERAGE(E27:I27) -> 49.4016 | K27: =STDEV(E27:I27) -> 0.18947902 | M27: {=_xlfn.LET(_xlpm.lang, D27,_xlpm.tempo, J27,_xlpm.ref, _xlfn.XLOOKUP(_xlpm.lang, $D$51:$D$57, $J$51:$J$57, ""), IF(_xlpm.ref="", "Not Applicable", IF(_xlpm.tempo>_xlpm.ref, "Bigger", IF(_xlpm.tempo<_xlpm.ref, "Smaller", "Equal"))))} -> Bigger
A28: P3 | B28: Normal | C28: Claude | D28: Python | E28: Failed | F28: Failed | G28: Failed | H28: Failed | I28: Failed | J28: Failed | K28: Failed | L28: Compiled ok. Wrong output.
A29: P3 | B29: Normal | C29: Copilot | D29: C | E29: 48.976 | F29: 48.927 | G29: 48.639 | H29: 48.843 | I29: 48.912 | J29: =AVERAGE(E29:I29) -> 48.8594 | K29: =STDEV(E29:I29) -> 0.13207687 | M29: {=_xlfn.LET(_xlpm.lang, D29,_xlpm.tempo, J29,_xlpm.ref, _xlfn.XLOOKUP(_xlpm.lang, $D$51:$D$57, $J$51:$J$57, ""), IF(_xlpm.ref="", "Not Applicable", IF(_xlpm.tempo>_xlpm.ref, "Bigger", IF(_xlpm.tempo<_xlpm.ref, "Smaller", "Equal"))))} -> Bigger
A30: P3 | B30: Normal | C30: DeepSeek | D30: C | E30: Failed | F30: Failed | G30: Failed | H30: Failed | I30: Failed | J30: Failed | K30: Failed | L30: Compiled ok. Wrong output.
A31: P3 | B31: Normal | C31: DeepSeek | D31: Python | E31: Failed | F31: Failed | G31: Failed | H31: Failed | I31: Failed | J31: Failed | K31: Failed | L31: Compiled ok. Wrong output.
A32: P3 | B32: Normal | C32: DeepSeek | D32: Rust | E32: Failed | F32: Failed | G32: Failed | H32: Failed | I32: Failed | J32: Failed | K32: Failed | L32: Compiled ok. Wrong output.
A33: P3 | B33: Normal | C33: DeepSeek | D33: Julia | E33: Failed | F33: Failed | G33: Failed | H33: Failed | I33: Failed | J33: Failed | K33: Failed | L33: It did not compile.
A34: P3 | B34: Normal | C34: Gemini | D34: Python | E34: 213.003 | F34: 211.185 | G34: 216.371 | H34: 211.167 | I34: 215.804 | J34: =AVERAGE(E34:I34) -> 213.506 | K34: =STDEV(E34:I34) -> 2.4799194 | M34: {=_xlfn.LET(_xlpm.lang, D34,_xlpm.tempo, J34,_xlpm.ref, _xlfn.XLOOKUP(_xlpm.lang, $D$51:$D$57, $J$51:$J$57, ""), IF(_xlpm.ref="", "Not Applicable", IF(_xlpm.tempo>_xlpm.ref, "Bigger", IF(_xlpm.tempo<_xlpm.ref, "Smaller", "Equal"))))} -> Bigger
A35: P3 | B35: TBR | C35: ChatGPT | D35: C | E35: 50.095 | F35: 50.014 | G35: 50.163 | H35: 50.096 | I35: 50.237 | J35: =AVERAGE(E35:I35) -> 50.121 | K35: =STDEV(E35:I35) -> 0.08362117 | M35: {=_xlfn.LET(_xlpm.lang, D35,_xlpm.tempo, J35,_xlpm.ref, _xlfn.XLOOKUP(_xlpm.lang, $D$51:$D$57, $J$51:$J$57, ""), IF(_xlpm.ref="", "Not Applicable", IF(_xlpm.tempo>_xlpm.ref, "Bigger", IF(_xlpm.tempo<_xlpm.ref, "Smaller", "Equal"))))} -> Bigger
A36: P3 | B36: TBR | C36: Claude | D36: Python | E36: Failed | F36: Failed | G36: Failed | H36: Failed | I36: Failed | J36: Failed | K36: Failed | L36: Compiled ok. Wrong output.
A37: P3 | B37: TBR | C37: Copilot | D37: C | E37: Failed | F37: Failed | G37: Failed | H37: Failed | I37: Failed | J37: Failed | K37: Failed | L37: Compiled ok. Wrong output.
A38: P3 | B38: TBR | C38: DeepSeek | D38: Python | E38: Failed | F38: Failed | G38: Failed | H38: Failed | I38: Failed | J38: Failed | K38: Failed | L38: Compiled ok. Wrong output.
A39: P3 | B39: TBR | C39: DeepSeek | D39: C | E39: 48.766 | F39: 48.959 | G39: 48.494 | H39: 48.814 | I39: 48.551 | J39: =AVERAGE(E39:I39) -> 48.7168 | K39: =STDEV(E39:I39) -> 0.19213199 | M39: {=_xlfn.LET(_xlpm.lang, D39,_xlpm.tempo, J39,_xlpm.ref, _xlfn.XLOOKUP(_xlpm.lang, $D$51:$D$57, $J$51:$J$57, ""), IF(_xlpm.ref="", "Not Applicable", IF(_xlpm.tempo>_xlpm.ref, "Bigger", IF(_xlpm.tempo<_xlpm.ref, "Smaller", "Equal"))))} -> Bigger
A40: P3 | B40: TBR | C40: Gemini | D40: C++ | E40: Failed | F40: Failed | G40: Failed | H40: Failed | I40: Failed | J40: Failed | K40: Failed | L40: It did not compile.
A41: P4 | B41: Normal | C41: ChatGPT | D41: C | E41: Failed | F41: Failed | G41: Failed | H41: Failed | I41: Failed | J41: Failed | K41: Failed | L41: Compiled ok. Wrong output.
A42: P4 | B42: Normal | C42: Claude | D42: Python | E42: 210.767 | F42: 209.104 | G42: 207.683 | H42: 205.616 | I42: 210.202 | J42: =AVERAGE(E42:I42) -> 208.6744 | K42: =STDEV(E42:I42) -> 2.0756792 | M42: {=_xlfn.LET(_xlpm.lang, D42,_xlpm.tempo, J42,_xlpm.ref, _xlfn.XLOOKUP(_xlpm.lang, $D$51:$D$57, $J$51:$J$57, ""), IF(_xlpm.ref="", "Not Applicable", IF(_xlpm.tempo>_xlpm.ref, "Bigger", IF(_xlpm.tempo<_xlpm.ref, "Smaller", "Equal"))))} -> Bigger
A43: P4 | B43: Normal | C43: Copilot | D43: C | E43: 41.318 | F43: 41.517 | G43: 41.464 | H43: 41.406 | I43: 41.51 | J43: =AVERAGE(E43:I43) -> 41.443 | K43: =STDEV(E43:I43) -> 0.082764727 | M43: {=_xlfn.LET(_xlpm.lang, D43,_xlpm.tempo, J43,_xlpm.ref, _xlfn.XLOOKUP(_xlpm.lang, $D$51:$D$57, $J$51:$J$57, ""), IF(_xlpm.ref="", "Not Applicable", IF(_xlpm.tempo>_xlpm.ref, "Bigger", IF(_xlpm.tempo<_xlpm.ref, "Smaller", "Equal"))))} -> Bigger
A44: P4 | B44: Normal | C44: DeepSeek | D44: C++ | E44: Failed | F44: Failed | G44: Failed | H44: Failed | I44: Failed | J44: Failed | K44: Failed | L44: It did not compile.
A45: P4 | B45: Normal | C45: Gemini | D45: Python | E45: Failed | F45: Failed | G45: Failed | H45: Failed | I45: Failed | J45: Failed | K45: Failed | L45: It did not compile.
A46: P4 | B46: TBR | C46: ChatGPT | D46: C | E46: 43.984 | F46: 44.247 | G46: 44.268 | H46: 44.113 | I46: 44.199 | J46: =AVERAGE(E46:I46) -> 44.1622 | K46: =STDEV(E46:I46) -> 0.1160978 | M46: {=_xlfn.LET(_xlpm.lang, D46,_xlpm.tempo, J46,_xlpm.ref, _xlfn.XLOOKUP(_xlpm.lang, $D$51:$D$57, $J$51:$J$57, ""), IF(_xlpm.ref="", "Not Applicable", IF(_xlpm.tempo>_xlpm.ref, "Bigger", IF(_xlpm.tempo<_xlpm.ref, "Smaller", "Equal"))))} -> Bigger
A47: P4 | B47: TBR | C47: Claude | D47: Python | E47: 127.712 | F47: 124.708 | G47: 125.791 | H47: 126.429 | I47: 123.41 | J47: =AVERAGE(E47:I47) -> 125.61 | K47: =STDEV(E47:I47) -> 1.6413051 | M47: {=_xlfn.LET(_xlpm.lang, D47,_xlpm.tempo, J47,_xlpm.ref, _xlfn.XLOOKUP(_xlpm.lang, $D$51:$D$57, $J$51:$J$57, ""), IF(_xlpm.ref="", "Not Applicable", IF(_xlpm.tempo>_xlpm.ref, "Bigger", IF(_xlpm.tempo<_xlpm.ref, "Smaller", "Equal"))))} -> Smaller
A48: P4 | B48: TBR | C48: Copilot | D48: C | E48: 616.892 | F48: 618.693 | G48: 620.178 | H48: 619.232 | I48: 621.522 | J48: =AVERAGE(E48:I48) -> 619.3034 | K48: =STDEV(E48:I48) -> 1.7233432 | M48: {=_xlfn.LET(_xlpm.lang, D48,_xlpm.tempo, J48,_xlpm.ref, _xlfn.XLOOKUP(_xlpm.lang, $D$51:$D$57, $J$51:$J$57, ""), IF(_xlpm.ref="", "Not Applicable", IF(_xlpm.tempo>_xlpm.ref, "Bigger", IF(_xlpm.tempo<_xlpm.ref, "Smaller", "Equal"))))} -> Bigger
A49: P4 | B49: TBR | C49: DeepSeek | D49: C++ | E49: Failed | F49: Failed | G49: Failed | H49: Failed | I49: Failed | J49: Failed | K49: Failed | L49: It did not compile.
A50: P4 | B50: TBR | C50: Gemini | D50: C++ | E50: Failed | F50: Failed | G50: Failed | H50: Failed | I50: Failed | J50: Failed | K50: Failed | L50: It did not compile.
D51: Python | E51: 198.797 | F51: 204.526 | G51: 199.585 | H51: 202.514 | I51: 200.64 | J51: =AVERAGE(E51:I51) -> 201.2124 | K51: =STDEV(E51:I51) -> 2.31756
D52: Python -OO | E52: 200.047 | F52: 203.772 | G52: 201.417 | H52: 203.161 | I52: 202.895 | J52: =AVERAGE(E52:I52) -> 202.2584 | K52: =STDEV(E52:I52) -> 1.5090705
D53: C | E53: 3.211 | F53: 3.301 | G53: 3.234 | H53: 3.347 | I53: 3.241 | J53: =AVERAGE(E53:I53) -> 3.2668 | K53: =STDEV(E53:I53) -> 0.055805018
D54: C -O3 | E54: 1.775 | F54: 1.899 | G54: 1.822 | H54: 1.93 | I54: 1.752 | J54: =AVERAGE(E54:I54) -> 1.8356 | K54: =STDEV(E54:I54) -> 0.077099287
D55: C++ | E55: 8.987 | F55: 9.462 | G55: 9.491 | H55: 9.542 | I55: 9.67 | J55: =AVERAGE(E55:I55) -> 9.4304 | K55: =STDEV(E55:I55) -> 0.26035418
D56: C++ -O3 | E56: 1.493 | F56: 1.542 | G56: 1.514 | H56: 1.529 | I56: 1.553 | J56: =AVERAGE(E56:I56) -> 1.5262 | K56: =STDEV(E56:I56) -> 0.023594491
D57: Go | E57: 3.324 | F57: 3.359 | G57: 3.339 | H57: 3.319 | I57: 3.333 | J57: =AVERAGE(E57:I57) -> 3.3348 | K57: =STDEV(E57:I57) -> 0.015594871

Sheet n-body
A1: PROMPT | B1: SEARCH TYPE | C1: AI TOOL | D1: P. L. | E1: RUNTIME | L1: OUTPUT COMMENT
E2: M1 | F2: M2 | G2: M3 | H2: M4 | I2: M5 | J2: AVG | K2: STD
A3: P1 | B3: Normal | C3: ChatGPT | D3: Rust | E3: 70.566 | F3: 70.249 | G3: 70.491 | H3: 70.733 | I3: 70.822 | J3: =AVERAGE(E3:I3) -> 70.5722 | K3: =STDEV(E3:I3) -> 0.22324135 | M3: {=_xlfn.LET(_xlpm.lang, D3,_xlpm.tempo, J3,_xlpm.ref, _xlfn.XLOOKUP(_xlpm.lang, $D$45:$D$51, $J$45:$J$51, ""), IF(_xlpm.ref="", "Not Applicable", IF(_xlpm.tempo>_xlpm.ref, "Bigger", IF(_xlpm.tempo<_xlpm.ref, "Smaller", "Equal"))))} -> Not Applicable
A4: P1 | B4: Normal | C4: Claude | D4: Python | E4: 2960.764 | F4: 2939.381 | G4: 2937.987 | H4: 2996.366 | I4: 3005.772 | J4: =AVERAGE(E4:I4) -> 2968.054 | K4: =STDEV(E4:I4) -> 31.636713 | M4: {=_xlfn.LET(_xlpm.lang, D4,_xlpm.tempo, J4,_xlpm.ref, _xlfn.XLOOKUP(_xlpm.lang, $D$45:$D$51, $J$45:$J$51, ""), IF(_xlpm.ref="", "Not Applicable", IF(_xlpm.tempo>_xlpm.ref, "Bigger", IF(_xlpm.tempo<_xlpm.ref, "Smaller", "Equal"))))} -> Bigger | P4: MIN | Q4: MAX | R4: PROMPT (MIN) | S4: SEARCH TYPE (MIN) | T4: PROMPT (MAX) | U4: SEARCH TYPE (MAX)
A5: P1 | B5: Normal | C5: Copilot | D5: Python | E5: 272.435 | F5: 276.762 | G5: 274.392 | H5: 276.584 | I5: 278.99 | J5: =AVERAGE(E5:I5) -> 275.8326 | K5: =STDEV(E5:I5) -> 2.5008286 | M5: {=_xlfn.LET(_xlpm.lang, D5,_xlpm.tempo, J5,_xlpm.ref, _xlfn.XLOOKUP(_xlpm.lang, $D$45:$D$51, $J$45:$J$51, ""), IF(_xlpm.ref="", "Not Applicable", IF(_xlpm.tempo>_xlpm.ref, "Bigger", IF(_xlpm.tempo<_xlpm.ref, "Smaller", "Equal"))))} -> Bigger | O5: C | P5: =_xlfn.MINIFS($J$3:$J$44,$D$3:$D$44,"C") -> 13.9212 | Q5: =_xlfn.MAXIFS($J$3:$J$44,$D$3:$D$44,"C") -> 13.9212 | R5: {=INDEX($A$3:$A$44,MATCH(1,($D$3:$D$44="C")*($J$3:$J$44=_xlfn.MINIFS($J$3:$J$44,$D$3:$D$44,"C")),0))} -> P4 | S5: {=INDEX($B$3:$B$44,MATCH(1,($D$3:$D$44="C")*($J$3:$J$44=_xlfn.MINIFS($J$3:$J$44,$D$3:$D$44,"C")),0))} -> TBR | T5: {=INDEX($A$3:$A$44,MATCH(1,($D$3:$D$44="C")*($J$3:$J$44=_xlfn.MAXIFS($J$3:$J$44,$D$3:$D$44,"C")),0))} -> P4 | U5: {=INDEX($B$3:$B$44,MATCH(1,($D$3:$D$44="C")*($J$3:$J$44=_xlfn.MAXIFS($J$3:$J$44,$D$3:$D$44,"C")),0))} -> TBR
A6: P1 | B6: Normal | C6: DeepSeek | D6: Python | E6: Failed | F6: Failed | G6: Failed | H6: Failed | I6: Failed | J6: Failed | K6: Failed | L6: It did not compile. | O6: Go | P6: =_xlfn.MINIFS($J$3:$J$44,$D$3:$D$44,"Go") -> 0 | Q6: =_xlfn.MAXIFS($J$3:$J$44,$D$3:$D$44,"Go") -> 0 | R6: {=INDEX($A$3:$A$44,MATCH(1,($D$3:$D$44="Go")*($J$3:$J$44=_xlfn.MINIFS($J$3:$J$44,$D$3:$D$44,"Go")),0))} -> #N/A | S6: {=INDEX($B$3:$B$44,MATCH(1,($D$3:$D$44="Go")*($J$3:$J$44=_xlfn.MINIFS($J$3:$J$44,$D$3:$D$44,"Go")),0))} -> #N/A | T6: {=INDEX($A$3:$A$44,MATCH(1,($D$3:$D$44="Go")*($J$3:$J$44=_xlfn.MAXIFS($J$3:$J$44,$D$3:$D$44,"Go")),0))} -> #N/A | U6: {=INDEX($B$3:$B$44,MATCH(1,($D$3:$D$44="Go")*($J$3:$J$44=_xlfn.MAXIFS($J$3:$J$44,$D$3:$D$44,"Go")),0))} -> #N/A
A7: P1 | B7: Normal | C7: Gemini | D7: Python | E7: 6227.921 | F7: 6632.002 | G7: 5949.332 | H7: 6068.639 | I7: 6058.966 | J7: =AVERAGE(E7:I7) -> 6187.372 | K7: =STDEV(E7:I7) -> 267.66991 | M7: {=_xlfn.LET(_xlpm.lang, D7,_xlpm.tempo, J7,_xlpm.ref, _xlfn.XLOOKUP(_xlpm.lang, $D$45:$D$51, $J$45:$J$51, ""), IF(_xlpm.ref="", "Not Applicable", IF(_xlpm.tempo>_xlpm.ref, "Bigger", IF(_xlpm.tempo<_xlpm.ref, "Smaller", "Equal"))))} -> Bigger | O7: Python | P7: =_xlfn.MINIFS($J$3:$J$44,$D$3:$D$44,"Python") -> 275.8326 | Q7: =_xlfn.MAXIFS($J$3:$J$44,$D$3:$D$44,"Python") -> 12068.088 | R7: {=INDEX($A$3:$A$44,MATCH(1,($D$3:$D$44="Python")*($J$3:$J$44=_xlfn.MINIFS($J$3:$J$44,$D$3:$D$44,"Python")),0))} -> P1 | S7: {=INDEX($B$3:$B$44,MATCH(1,($D$3:$D$44="Python")*($J$3:$J$44=_xlfn.MINIFS($J$3:$J$44,$D$3:$D$44,"Python")),0))} -> Normal | T7: {=INDEX($A$3:$A$44,MATCH(1,($D$3:$D$44="Python")*($J$3:$J$44=_xlfn.MAXIFS($J$3:$J$44,$D$3:$D$44,"Python")),0))} -> P2 | U7: {=INDEX($B$3:$B$44,MATCH(1,($D$3:$D$44="Python")*($J$3:$J$44=_xlfn.MAXIFS($J$3:$J$44,$D$3:$D$44,"Python")),0))} -> Normal
A8: P1 | B8: TBR | C8: ChatGPT | D8: Java | E8: Failed | F8: Failed | G8: Failed | H8: Failed | I8: Failed | J8: Failed | K8: Failed | L8: It did not compile.
A9: P1 | B9: TBR | C9: Claude | D9: Python | E9: 3592.362 | F9: 3582.331 | G9: 3596.765 | H9: 3525.715 | I9: 3585.123 | J9: =AVERAGE(E9:I9) -> 3576.4592 | K9: =STDEV(E9:I9) -> 28.93846 | M9: {=_xlfn.LET(_xlpm.lang, D9,_xlpm.tempo, J9,_xlpm.ref, _xlfn.XLOOKUP(_xlpm.lang, $D$45:$D$51, $J$45:$J$51, ""), IF(_xlpm.ref="", "Not Applicable", IF(_xlpm.tempo>_xlpm.ref, "Bigger", IF(_xlpm.tempo<_xlpm.ref, "Smaller", "Equal"))))} -> Bigger | O9: =COUNTIF(M3:M44, "Smaller") -> 2 | P9: =COUNTIFS($M$3:$M44, "Smaller", $D$3:$D44, "Python") -> 0
A10: P1 | B10: TBR | C10: Copilot | D10: No Code | E10: Failed | F10: Failed | G10: Failed | H10: Failed | I10: Failed | J10: Failed | K10: Failed | L10: No Code
A11: P1 | B11: TBR | C11: DeepSeek | D11: Python | E11: 11222.644 | F11: 11425.988 | G11: 11496.456 | H11: 11215.881 | I11: 11316.121 | J11: =AVERAGE(E11:I11) -> 11335.418 | K11: =STDEV(E11:I11) -> 124.0117 | M11: {=_xlfn.LET(_xlpm.lang, D11,_xlpm.tempo, J11,_xlpm.ref, _xlfn.XLOOKUP(_xlpm.lang, $D$45:$D$51, $J$45:$J$51, ""), IF(_xlpm.ref="", "Not Applicable", IF(_xlpm.tempo>_xlpm.ref, "Bigger", IF(_xlpm.tempo<_xlpm.ref, "Smaller", "Equal"))))} -> Bigger
A12: P1 | B12: TBR | C12: Gemini | D12: Python | E12: 379.863 | F12: 379.237 | G12: 380.758 | H12: 383.829 | I12: 379.443 | J12: =AVERAGE(E12:I12) -> 380.626 | K12: =STDEV(E12:I12) -> 1.8833223 | M12: {=_xlfn.LET(_xlpm.lang, D12,_xlpm.tempo, J12,_xlpm.ref, _xlfn.XLOOKUP(_xlpm.lang, $D$45:$D$51, $J$45:$J$51, ""), IF(_xlpm.ref="", "Not Applicable", IF(_xlpm.tempo>_xlpm.ref, "Bigger", IF(_xlpm.tempo<_xlpm.ref, "Smaller", "Equal"))))} -> Bigger
A13: P2 | B13: Normal | C13: ChatGPT | D13: Rust | E13: 21.111 | F13: 20.937 | G13: 20.961 | H13: 20.936 | I13: 21.08 | J13: =AVERAGE(E13:I13) -> 21.005 | K13: =STDEV(E13:I13) -> 0.083937477 | M13: {=_xlfn.LET(_xlpm.lang, D13,_xlpm.tempo, J13,_xlpm.ref, _xlfn.XLOOKUP(_xlpm.lang, $D$45:$D$51, $J$45:$J$51, ""), IF(_xlpm.ref="", "Not Applicable", IF(_xlpm.tempo>_xlpm.ref, "Bigger", IF(_xlpm.tempo<_xlpm.ref, "Smaller", "Equal"))))} -> Not Applicable
A14: P2 | B14: Normal | C14: Claude | D14: Python | E14: 7140.366 | F14: 7255.825 | G14: 7151.153 | H14: 7478.996 | I14: 7092.365 | J14: =AVERAGE(E14:I14) -> 7223.741 | K14: =STDEV(E14:I14) -> 154.64844 | M14: {=_xlfn.LET(_xlpm.lang, D14,_xlpm.tempo, J14,_xlpm.ref, _xlfn.XLOOKUP(_xlpm.lang, $D$45:$D$51, $J$45:$J$51, ""), IF(_xlpm.ref="", "Not Applicable", IF(_xlpm.tempo>_xlpm.ref, "Bigger", IF(_xlpm.tempo<_xlpm.ref, "Smaller", "Equal"))))} -> Bigger
A15: P2 | B15: Normal | C15: Copilot | D15: Rust | E15: 36.438 | F15: 37.188 | G15: 36.538 | H15: 36.79 | I15: 36.826 | J15: =AVERAGE(E15:I15) -> 36.756 | K15: =STDEV(E15:I15) -> 0.29211642 | M15: {=_xlfn.LET(_xlpm.lang, D15,_xlpm.tempo, J15,_xlpm.ref, _xlfn.XLOOKUP(_xlpm.lang, $D$45:$D$51, $J$45:$J$51, ""), IF(_xlpm.ref="", "Not Applicable", IF(_xlpm.tempo>_xlpm.ref, "Bigger", IF(_xlpm.tempo<_xlpm.ref, "Smaller", "Equal"))))} -> Not Applicable
A16: P2 | B16: Normal | C16: DeepSeek | D16: Python | E16: 12273.726 | F16: 12241.187 | G16: 11778.225 | H16: 11988.638 | I16: 12058.665 | J16: =AVERAGE(E16:I16) -> 12068.088 | K16: =STDEV(E16:I16) -> 201.66303 | M16: {=_xlfn.LET(_xlpm.lang, D16,_xlpm.tempo, J16,_xlpm.ref, _xlfn.XLOOKUP(_xlpm.lang, $D$45:$D$51, $J$45:$J$51, ""), IF(_xlpm.ref="", "Not Applicable", IF(_xlpm.tempo>_xlpm.ref, "Bigger", IF(_xlpm.tempo<_xlpm.ref, "Smaller", "Equal"))))} -> Bigger
A17: P2 | B17: Normal | C17: Gemini | D17: Python | E17: 5683.734 | F17: 5498.844 | G17: 5343.775 | H17: 5408.698 | I17: 5408.96 | J17: =AVERAGE(E17:I17) -> 5468.8022 | K17: =STDEV(E17:I17) -> 132.21535 | M17: {=_xlfn.LET(_xlpm.lang, D17,_xlpm.tempo, J17,_xlpm.ref, _xlfn.XLOOKUP(_xlpm.lang, $D$45:$D$51, $J$45:$J$51, ""), IF(_xlpm.ref="", "Not Applicable", IF(_xlpm.tempo>_xlpm.ref, "Bigger", IF(_xlpm.tempo<_xlpm.ref, "Smaller", "Equal"))))} -> Bigger
A18: P2 | B18: TBR | C18: ChatGPT | D18: Rust | E18: 21.662 | F18: 21.695 | G18: 21.75 | H18: 21.785 | I18: 21.981 | J18: =AVERAGE(E18:I18) -> 21.7746 | K18: =STDEV(E18:I18) -> 0.12482908 | M18: {=_xlfn.LET(_xlpm.lang, D18,_xlpm.tempo, J18,_xlpm.ref, _xlfn.XLOOKUP(_xlpm.lang, $D$45:$D$51, $J$45:$J$51, ""), IF(_xlpm.ref="", "Not Applicable", IF(_xlpm.tempo>_xlpm.ref, "Bigger", IF(_xlpm.tempo<_xlpm.ref, "Smaller", "Equal"))))} -> Not Applicable
A19: P2 | B19: TBR | C19: Claude | D19: Python | E19: 3955.712 | F19: 3938.187 | G19: 3990.569 | H19: 3912.763 | I19: 3790.865 | J19: =AVERAGE(E19:I19) -> 3917.6192 | K19: =STDEV(E19:I19) -> 76.298721 | M19: {=_xlfn.LET(_xlpm.lang, D19,_xlpm.tempo, J19,_xlpm.ref, _xlfn.XLOOKUP(_xlpm.lang, $D$45:$D$51, $J$45:$J$51, ""), IF(_xlpm.ref="", "Not Applicable", IF(_xlpm.tempo>_xlpm.ref, "Bigger", IF(_xlpm.tempo<_xlpm.ref, "Smaller", "Equal"))))} -> Bigger
A20: P2 | B20: TBR | C20: Copilot | D20: No Code | E20: Failed | F20: Failed | G20: Failed | H20: Failed | I20: Failed | J20: Failed | K20: Failed | L20: No Code
A21: P2 | B21: TBR | C21: DeepSeek | D21: Python | E21: Failed | F21: Failed | G21: Failed | H21: Failed | I21: Failed | J21: Failed | K21: Failed | L21: Compiled ok. Wrong output.
A22: P2 | B22: TBR | C22: Gemini | D22: Python | E22: 284.429 | F22: 288.509 | G22: 284.67 | H22: 294.832 | I22: 289.325 | J22: =AVERAGE(E22:I22) -> 288.353 | K22: =STDEV(E22:I22) -> 4.2399536 | M22: {=_xlfn.LET(_xlpm.lang, D22,_xlpm.tempo, J22,_xlpm.ref, _xlfn.XLOOKUP(_xlpm.lang, $D$45:$D$51, $J$45:$J$51, ""), IF(_xlpm.ref="", "Not Applicable", IF(_xlpm.tempo>_xlpm.ref, "Bigger", IF(_xlpm.tempo<_xlpm.ref, "Smaller", "Equal"))))} -> Bigger
A23: P3 | B23: Normal | C23: ChatGPT | D23: Rust | E23: 23.656 | F23: 23.54 | G23: 23.638 | H23: 23.651 | I23: 23.435 | J23: =AVERAGE(E23:I23) -> 23.584 | K23: =STDEV(E23:I23) -> 0.095820144 | M23: {=_xlfn.LET(_xlpm.lang, D23,_xlpm.tempo, J23,_xlpm.ref, _xlfn.XLOOKUP(_xlpm.lang, $D$45:$D$51, $J$45:$J$51, ""), IF(_xlpm.ref="", "Not Applicable", IF(_xlpm.tempo>_xlpm.ref, "Bigger", IF(_xlpm.tempo<_xlpm.ref, "Smaller", "Equal"))))} -> Not Applicable
A24: P3 | B24: Normal | C24: Claude | D24: Python | E24: Failed | F24: Failed | G24: Failed | H24: Failed | I24: Failed | J24: Failed | K24: Failed | L24: Compiled ok. Wrong output.
A25: P3 | B25: Normal | C25: Copilot | D25: No Code | E25: Failed | F25: Failed | G25: Failed | H25: Failed | I25: Failed | J25: Failed | K25: Failed | L25: No Code
A26: P3 | B26: Normal | C26: DeepSeek | D26: Python | E26: Failed | F26: Failed | G26: Failed | H26: Failed | I26: Failed | J26: Failed | K26: Failed | L26: Compiled ok. Wrong output.
A27: P3 | B27: Normal | C27: DeepSeek | D27: Python | E27: Failed | F27: Failed | G27: Failed | H27: Failed | I27: Failed | J27: Failed | K27: Failed | L27: Compiled ok. Wrong output.
A28: P3 | B28: Normal | C28: Gemini | D28: Python | E28: Failed | F28: Failed | G28: Failed | H28: Failed | I28: Failed | J28: Failed | K28: Failed | L28: Compiled ok. Wrong output.
A29: P3 | B29: TBR | C29: ChatGPT | D29: No Code | E29: Failed | F29: Failed | G29: Failed | H29: Failed | I29: Failed | J29: Failed | K29: Failed | L29: No Code
A30: P3 | B30: TBR | C30: Claude | D30: Python | E30: Failed | F30: Failed | G30: Failed | H30: Failed | I30: Failed | J30: Failed | K30: Failed | L30: Compiled ok. Wrong output.
A31: P3 | B31: TBR | C31: Copilot | D31: Python | E31: Failed | F31: Failed | G31: Failed | H31: Failed | I31: Failed | J31: Failed | K31: Failed | L31: Compiled ok. Wrong output.
A32: P3 | B32: TBR | C32: DeepSeek | D32: Python | E32: Failed | F32: Failed | G32: Failed | H32: Failed | I32: Failed | J32: Failed | K32: Failed | L32: Compiled ok. Wrong output.
A33: P3 | B33: TBR | C33: Gemini | D33: C++ | E33: 26.259 | F33: 26.076 | G33: 25.983 | H33: 25.985 | I33: 25.997 | J33: =AVERAGE(E33:I33) -> 26.06 | K33: =STDEV(E33:I33) -> 0.11766478 | M33: {=_xlfn.LET(_xlpm.lang, D33,_xlpm.tempo, J33,_xlpm.ref, _xlfn.XLOOKUP(_xlpm.lang, $D$45:$D$51, $J$45:$J$51, ""), IF(_xlpm.ref="", "Not Applicable", IF(_xlpm.tempo>_xlpm.ref, "Bigger", IF(_xlpm.tempo<_xlpm.ref, "Smaller", "Equal"))))} -> Smaller
A34: P4 | B34: Normal | C34: ChatGPT | D34: Rust | E34: 21.157 | F34: 21.073 | G34: 21.103 | H34: 21.081 | I34: 21.046 | J34: =AVERAGE(E34:I34) -> 21.092 | K34: =STDEV(E34:I34) -> 0.041665333 | M34: {=_xlfn.LET(_xlpm.lang, D34,_xlpm.tempo, J34,_xlpm.ref, _xlfn.XLOOKUP(_xlpm.lang, $D$45:$D$51, $J$45:$J$51, ""), IF(_xlpm.ref="", "Not Applicable", IF(_xlpm.tempo>_xlpm.ref, "Bigger", IF(_xlpm.tempo<_xlpm.ref, "Smaller", "Equal"))))} -> Not Applicable
A35: P4 | B35: Normal | C35: Claude | D35: Python | E35: Failed | F35: Failed | G35: Failed | H35: Failed | I35: Failed | J35: Failed | K35: Failed | L35: Compiled ok. Wrong output.
A36: P4 | B36: Normal | C36: Copilot | D36: Python | E36: Failed | F36: Failed | G36: Failed | H36: Failed | I36: Failed | J36: Failed | K36: Failed | L36: Compiled ok. Wrong output.
A37: P4 | B37: Normal | C37: DeepSeek | D37: Python | E37: Failed | F37: Failed | G37: Failed | H37: Failed | I37: Failed | J37: Failed | K37: Failed | L37: Compiled ok. Wrong output.
A38: P4 | B38: Normal | C38: Gemini | D38: Python | E38: Failed | F38: Failed | G38: Failed | H38: Failed | I38: Failed | J38: Failed | K38: Failed | L38: Compiled ok. Wrong output.
A39: P4 | B39: TBR | C39: ChatGPT | D39: C | E39: 13.893 | F39: 13.877 | G39: 13.895 | H39: 14.041 | I39: 13.9 | J39: =AVERAGE(E39:I39) -> 13.9212 | K39: =STDEV(E39:I39) -> 0.067521848 | M39: {=_xlfn.LET(_xlpm.lang, D39,_xlpm.tempo, J39,_xlpm.ref, _xlfn.XLOOKUP(_xlpm.lang, $D$45:$D$51, $J$45:$J$51, ""), IF(_xlpm.ref="", "Not Applicable", IF(_xlpm.tempo>_xlpm.ref, "Bigger", IF(_xlpm.tempo<_xlpm.ref, "Smaller", "Equal"))))} -> Smaller
A40: P4 | B40: TBR | C40: Claude | D40: Python | E40: 2258.283 | F40: 2255.299 | G40: 2232.145 | H40: 2219.122 | I40: 2221.152 | J40: =AVERAGE(E40:I40) -> 2237.2002 | K40: =STDEV(E40:I40) -> 18.587443 | M40: {=_xlfn.LET(_xlpm.lang, D40,_xlpm.tempo, J40,_xlpm.ref, _xlfn.XLOOKUP(_xlpm.lang, $D$45:$D$51, $J$45:$J$51, ""), IF(_xlpm.ref="", "Not Applicable", IF(_xlpm.tempo>_xlpm.ref, "Bigger", IF(_xlpm.tempo<_xlpm.ref, "Smaller", "Equal"))))} -> Bigger
A41: P4 | B41: TBR | C41: Copilot | D41: Go | E41: Failed | F41: Failed | G41: Failed | H41: Failed | I41: Failed | J41: Failed | K41: Failed | L41: Compiled ok. Wrong output.
A42: P4 | B42: TBR | C42: Copilot | D42: C | E42: Failed | F42: Failed | G42: Failed | H42: Failed | I42: Failed | J42: Failed | K42: Failed | L42: Compiled ok. Wrong output.
A43: P4 | B43: TBR | C43: DeepSeek | D43: Python | E43: Failed | F43: Failed | G43: Failed | H43: Failed | I43: Failed | J43: Failed | K43: Failed | L43: Compiled ok. Wrong output.
A44: P4 | B44: TBR | C44: Gemini | D44: C++ | E44: 29.731 | F44: 30.059 | G44: 29.715 | H44: 29.98 | I44: 35.241 | J44: =AVERAGE(E44:I44) -> 30.9452 | K44: =STDEV(E44:I44) -> 2.4061657 | M44: {=_xlfn.LET(_xlpm.lang, D44,_xlpm.tempo, J44,_xlpm.ref, _xlfn.XLOOKUP(_xlpm.lang, $D$45:$D$51, $J$45:$J$51, ""), IF(_xlpm.ref="", "Not Applicable", IF(_xlpm.tempo>_xlpm.ref, "Bigger", IF(_xlpm.tempo<_xlpm.ref, "Smaller", "Equal"))))} -> Bigger
D45: Python | E45: 225.768 | F45: 227.756 | G45: 228.907 | H45: 228.936 | I45: 227.897 | J45: =AVERAGE(E45:I45) -> 227.8528 | K45: =STDEV(E45:I45) -> 1.2886403
D46: Python -OO | E46: 234.158 | F46: 232.787 | G46: 233.076 | H46: 234.296 | I46: 234.707 | J46: =AVERAGE(E46:I46) -> 233.8048 | K46: =STDEV(E46:I46) -> 0.82871268
D47: C | E47: 14.641 | F47: 14.659 | G47: 14.664 | H47: 14.655 | I47: 14.56 | J47: =AVERAGE(E47:I47) -> 14.6358 | K47: =STDEV(E47:I47) -> 0.043228463
D48: C-O3 | E48: 1.688 | F48: 1.69 | G48: 1.698 | H48: 1.688 | I48: 1.713 | J48: =AVERAGE(E48:I48) -> 1.6954 | K48: =STDEV(E48:I48) -> 0.010667708
D49: C++ | E49: 28.1 | F49: 27.586 | G49: 26.67 | H49: 27.214 | I49: 26.6 | J49: =AVERAGE(E49:I49) -> 27.234 | K49: =STDEV(E49:I49) -> 0.63133034
D50: C++ -O3 | E50: 1.668 | F50: 1.672 | G50: 1.667 | H50: 1.674 | I50: 1.713 | J50: =AVERAGE(E50:I50) -> 1.6788 | K50: =STDEV(E50:I50) -> 0.019331322
D51: Go | E51: 3.873 | F51: 3.878 | G51: 3.907 | H51: 3.85 | I51: 3.927 | J51: =AVERAGE(E51:I51) -> 3.887 | K51: =STDEV(E51:I51) -> 0.030191058

Sheet pi-digits
A1: PROMPT | B1: SEARCH TYPE | C1: AI TOOL | D1: P. L. | E1: RUNTIME | L1: OUTPUT COMMENT
E2: M1 | F2: M2 | G2: M3 | H2: M4 | I2: M5 | J2: AVG | K2: STD
A3: P1 | B3: Normal | C3: ChatGPT | D3: No Code | E3: Failed | F3: Failed | G3: Failed | H3: Failed | I3: Failed | J3: Failed | K3: Failed | L3: No Code | P3: MIN | Q3: MAX | R3: PROMPT (MIN) | S3: SEARCH TYPE (MIN) | T3: PROMPT (MAX) | U3: SEARCH TYPE (MAX)
A4: P1 | B4: Normal | C4: Claude | D4: Python | E4: Failed | F4: Failed | G4: Failed | H4: Failed | I4: Failed | J4: Failed | K4: Failed | L4: Compiled ok. Wrong output. | O4: C | P4: =_xlfn.MINIFS($J$3:$J$54,$D$3:$D$54,"C") -> 0 | Q4: =_xlfn.MAXIFS($J$3:$J$54,$D$3:$D$54,"C") -> 0 | R4: {=INDEX($A$3:$A$54,MATCH(1,($D$3:$D$54="C")*($J$3:$J$54=_xlfn.MINIFS($J$3:$J$54,$D$3:$D$54,"C")),0))} -> #N/A | S4: {=INDEX($B$3:$B$54,MATCH(1,($D$3:$D$54="C")*($J$3:$J$54=_xlfn.MINIFS($J$3:$J$54,$D$3:$D$54,"C")),0))} -> #N/A | T4: {=INDEX($A$3:$A$54,MATCH(1,($D$3:$D$54="C")*($J$3:$J$54=_xlfn.MAXIFS($J$3:$J$54,$D$3:$D$54,"C")),0))} -> #N/A | U4: {=INDEX($B$3:$B$54,MATCH(1,($D$3:$D$54="C")*($J$3:$J$54=_xlfn.MAXIFS($J$3:$J$54,$D$3:$D$54,"C")),0))} -> #N/A
A5: P1 | B5: Normal | C5: Copilot | D5: Python | E5: 15.357 | F5: 15.345 | G5: 15.368 | H5: 15.388 | I5: 15.354 | J5: =AVERAGE(E5:I5) -> 15.3624 | K5: =STDEV(E5:I5) -> 0.016501515 | M5: {=_xlfn.LET(_xlpm.lang, D5,_xlpm.tempo, J5,_xlpm.ref, _xlfn.XLOOKUP(_xlpm.lang, $D$55:$D$61, $J$55:$J$61, ""), IF(_xlpm.ref="", "Not Applicable", IF(_xlpm.tempo>_xlpm.ref, "Bigger", IF(_xlpm.tempo<_xlpm.ref, "Smaller", "Equal"))))} -> Bigger | O5: Go | P5: =_xlfn.MINIFS($J$3:$J$54,$D$3:$D$54,"Go") -> 4.052 | Q5: =_xlfn.MAXIFS($J$3:$J$54,$D$3:$D$54,"Go") -> 4.052 | R5: {=INDEX($A$3:$A$54,MATCH(1,($D$3:$D$54="Go")*($J$3:$J$54=_xlfn.MINIFS($J$3:$J$54,$D$3:$D$54,"Go")),0))} -> P4 | S5: {=INDEX($B$3:$B$54,MATCH(1,($D$3:$D$54="Go")*($J$3:$J$54=_xlfn.MINIFS($J$3:$J$54,$D$3:$D$54,"Go")),0))} -> TBR | T5: {=INDEX($A$3:$A$54,MATCH(1,($D$3:$D$54="Go")*($J$3:$J$54=_xlfn.MAXIFS($J$3:$J$54,$D$3:$D$54,"Go")),0))} -> P4 | U5: {=INDEX($B$3:$B$54,MATCH(1,($D$3:$D$54="Go")*($J$3:$J$54=_xlfn.MAXIFS($J$3:$J$54,$D$3:$D$54,"Go")),0))} -> TBR
A6: P1 | B6: Normal | C6: DeepSeek | D6: Python | E6: Failed | F6: Failed | G6: Failed | H6: Failed | I6: Failed | J6: Failed | K6: Failed | L6: It did not compile. | O6: Python | P6: =_xlfn.MINIFS($J$3:$J$54,$D$3:$D$54,"Python") -> 1.0462 | Q6: =_xlfn.MAXIFS($J$3:$J$54,$D$3:$D$54,"Python") -> 15.3624 | R6: {=INDEX($A$3:$A$54,MATCH(1,($D$3:$D$54="Python")*($J$3:$J$54=_xlfn.MINIFS($J$3:$J$54,$D$3:$D$54,"Python")),0))} -> P2 | S6: {=INDEX($B$3:$B$54,MATCH(1,($D$3:$D$54="Python")*($J$3:$J$54=_xlfn.MINIFS($J$3:$J$54,$D$3:$D$54,"Python")),0))} -> Normal | T6: {=INDEX($A$3:$A$54,MATCH(1,($D$3:$D$54="Python")*($J$3:$J$54=_xlfn.MAXIFS($J$3:$J$54,$D$3:$D$54,"Python")),0))} -> P1 | U6: {=INDEX($B$3:$B$54,MATCH(1,($D$3:$D$54="Python")*($J$3:$J$54=_xlfn.MAXIFS($J$3:$J$54,$D$3:$D$54,"Python")),0))} -> Normal
A7: P1 | B7: Normal | C7: DeepSeek | D7: JavaScript | E7: 16.738 | F7: 16.919 | G7: 16.919 | H7: 16.976 | I7: 16.979 | J7: =AVERAGE(E7:I7) -> 16.9062 | K7: =STDEV(E7:I7) -> 0.098476901 | M7: {=_xlfn.LET(_xlpm.lang, D7,_xlpm.tempo, J7,_xlpm.ref, _xlfn.XLOOKUP(_xlpm.lang, $D$55:$D$61, $J$55:$J$61, ""), IF(_xlpm.ref="", "Not Applicable", IF(_xlpm.tempo>_xlpm.ref, "Bigger", IF(_xlpm.tempo<_xlpm.ref, "Smaller", "Equal"))))} -> Not Applicable
A8: P1 | B8: Normal | C8: DeepSeek | D8: C++ | E8: Failed | F8: Failed | G8: Failed | H8: Failed | I8: Failed | J8: Failed | K8: Failed | L8: It did not compile. | O8: =COUNTIF(M3:M54, "Smaller") -> 0 | P8: =COUNTIFS($M$3:$M54, "Smaller", $D$3:$D54, "Python") -> 0
A9: P1 | B9: Normal | C9: DeepSeek | D9: Java | E9: 49.951 | F9: 50.721 | G9: 50.132 | H9: 50.038 | I9: 50.036 | J9: =AVERAGE(E9:I9) -> 50.1756 | K9: =STDEV(E9:I9) -> 0.31154021 | M9: {=_xlfn.LET(_xlpm.lang, D9,_xlpm.tempo, J9,_xlpm.ref, _xlfn.XLOOKUP(_xlpm.lang, $D$55:$D$61, $J$55:$J$61, ""), IF(_xlpm.ref="", "Not Applicable", IF(_xlpm.tempo>_xlpm.ref, "Bigger", IF(_xlpm.tempo<_xlpm.ref, "Smaller", "Equal"))))} -> Not Applicable
A10: P1 | B10: Normal | C10: DeepSeek | D10: Bash (.sh) | E10: Failed | F10: Failed | G10: Failed | H10: Failed | I10: Failed | J10: Failed | K10: Failed | L10: Compiled ok. Wrong output.
A11: P1 | B11: Normal | C11: DeepSeek | D11: Go | E11: Failed | F11: Failed | G11: Failed | H11: Failed | I11: Failed | J11: Failed | K11: Failed | L11: Compiled ok. Wrong output.
A12: P1 | B12: Normal | C12: Gemini | D12: Python | E12: 1.513 | F12: 1.468 | G12: 1.477 | H12: 1.466 | I12: 1.457 | J12: =AVERAGE(E12:I12) -> 1.4762 | K12: =STDEV(E12:I12) -> 0.02176465 | M12: {=_xlfn.LET(_xlpm.lang, D12,_xlpm.tempo, J12,_xlpm.ref, _xlfn.XLOOKUP(_xlpm.lang, $D$55:$D$61, $J$55:$J$61, ""), IF(_xlpm.ref="", "Not Applicable", IF(_xlpm.tempo>_xlpm.ref, "Bigger", IF(_xlpm.tempo<_xlpm.ref, "Smaller", "Equal"))))} -> Bigger
A13: P1 | B13: TBR | C13: ChatGPT | D13: No Code | E13: Failed | F13: Failed | G13: Failed | H13: Failed | I13: Failed | J13: Failed | K13: Failed | L13: No Code
A14: P1 | B14: TBR | C14: Claude | D14: Python | E14: 1.469 | F14: 1.471 | G14: 1.47 | H14: 1.453 | I14: 1.446 | J14: =AVERAGE(E14:I14) -> 1.4618 | K14: =STDEV(E14:I14) -> 0.011519549 | M14: {=_xlfn.LET(_xlpm.lang, D14,_xlpm.tempo, J14,_xlpm.ref, _xlfn.XLOOKUP(_xlpm.lang, $D$55:$D$61, $J$55:$J$61, ""), IF(_xlpm.ref="", "Not Applicable", IF(_xlpm.tempo>_xlpm.ref, "Bigger", IF(_xlpm.tempo<_xlpm.ref, "Smaller", "Equal"))))} -> Bigger
A15: P1 | B15: TBR | C15: Copilot | D15: Python | E15: Failed | F15: Failed | G15: Failed | H15: Failed | I15: Failed | J15: Failed | K15: Failed | L15: Compiled ok. Wrong output.
A16: P1 | B16: TBR | C16: DeepSeek | D16: Python | E16: Failed | F16: Failed | G16: Failed | H16: Failed | I16: Failed | J16: Failed | K16: Failed | L16: Compiled ok. Wrong output.
A17: P1 | B17: TBR | C17: DeepSeek | D17: Java | E17: 176.288 | F17: 177.259 | G17: 176.729 | H17: 176.615 | I17: 176.628 | J17: =AVERAGE(E17:I17) -> 176.7038 | K17: =STDEV(E17:I17) -> 0.35192428 | M17: {=_xlfn.LET(_xlpm.lang, D17,_xlpm.tempo, J17,_xlpm.ref, _xlfn.XLOOKUP(_xlpm.lang, $D$55:$D$61, $J$55:$J$61, ""), IF(_xlpm.ref="", "Not Applicable", IF(_xlpm.tempo>_xlpm.ref, "Bigger", IF(_xlpm.tempo<_xlpm.ref, "Smaller", "Equal"))))} -> Not Applicable
A18: P1 | B18: TBR | C18: DeepSeek | D18: C++ | E18: Failed | F18: Failed | G18: Failed | H18: Failed | I18: Failed | J18: Failed | K18: Failed | L18: It did not compile.
A19: P1 | B19: TBR | C19: DeepSeek | D19: JavaScript | E19: Failed | F19: Failed | G19: Failed | H19: Failed | I19: Failed | J19: Failed | K19: Failed | L19: Compiled ok. Wrong output.
A20: P1 | B20: TBR | C20: Gemini | D20: Python | E20: 1.966 | F20: 1.482 | G20: 1.444 | H20: 1.448 | I20: 1.446 | J20: =AVERAGE(E20:I20) -> 1.5572 | K20: =STDEV(E20:I20) -> 0.22906156 | M20: {=_xlfn.LET(_xlpm.lang, D20,_xlpm.tempo, J20,_xlpm.ref, _xlfn.XLOOKUP(_xlpm.lang, $D$55:$D$61, $J$55:$J$61, ""), IF(_xlpm.ref="", "Not Applicable", IF(_xlpm.tempo>_xlpm.ref, "Bigger", IF(_xlpm.tempo<_xlpm.ref, "Smaller", "Equal"))))} -> Bigger
A21: P2 | B21: Normal | C21: ChatGPT | D21: No Code | E21: Failed | F21: Failed | G21: Failed | H21: Failed | I21: Failed | J21: Failed | K21: Failed | L21: No Code
A22: P2 | B22: Normal | C22: Claude | D22: Python | E22: 1.488 | F22: 1.486 | G22: 1.481 | H22: 1.488 | I22: 1.495 | J22: =AVERAGE(E22:I22) -> 1.4876 | K22: =STDEV(E22:I22) -> 0.0050299105 | M22: {=_xlfn.LET(_xlpm.lang, D22,_xlpm.tempo, J22,_xlpm.ref, _xlfn.XLOOKUP(_xlpm.lang, $D$55:$D$61, $J$55:$J$61, ""), IF(_xlpm.ref="", "Not Applicable", IF(_xlpm.tempo>_xlpm.ref, "Bigger", IF(_xlpm.tempo<_xlpm.ref, "Smaller", "Equal"))))} -> Bigger
A23: P2 | B23: Normal | C23: Copilot | D23: Python | E23: 14.82 | F23: 14.809 | G23: 14.789 | H23: 14.763 | I23: 14.783 | J23: =AVERAGE(E23:I23) -> 14.7928 | K23: =STDEV(E23:I23) -> 0.022365151 | M23: {=_xlfn.LET(_xlpm.lang, D23,_xlpm.tempo, J23,_xlpm.ref, _xlfn.XLOOKUP(_xlpm.lang, $D$55:$D$61, $J$55:$J$61, ""), IF(_xlpm.ref="", "Not Applicable", IF(_xlpm.tempo>_xlpm.ref, "Bigger", IF(_xlpm.tempo<_xlpm.ref, "Smaller", "Equal"))))} -> Bigger
A24: P2 | B24: Normal | C24: DeepSeek | D24: C++ | E24: Failed | F24: Failed | G24: Failed | H24: Failed | I24: Failed | J24: Failed | K24: Failed | L24: It did not compile.
A25: P2 | B25: Normal | C25: DeepSeek | D25: Python | E25: 1.084 | F25: 1.04 | G25: 1.02 | H25: 1.04 | I25: 1.047 | J25: =AVERAGE(E25:I25) -> 1.0462 | K25: =STDEV(E25:I25) -> 0.023413671 | M25: {=_xlfn.LET(_xlpm.lang, D25,_xlpm.tempo, J25,_xlpm.ref, _xlfn.XLOOKUP(_xlpm.lang, $D$55:$D$61, $J$55:$J$61, ""), IF(_xlpm.ref="", "Not Applicable", IF(_xlpm.tempo>_xlpm.ref, "Bigger", IF(_xlpm.tempo<_xlpm.ref, "Smaller", "Equal"))))} -> Bigger
A26: P2 | B26: Normal | C26: Gemini | D26: Python | E26: 1.466 | F26: 1.458 | G26: 1.45 | H26: 1.467 | I26: 1.465 | J26: =AVERAGE(E26:I26) -> 1.4612 | K26: =STDEV(E26:I26) -> 0.0071902712 | M26: {=_xlfn.LET(_xlpm.lang, D26,_xlpm.tempo, J26,_xlpm.ref, _xlfn.XLOOKUP(_xlpm.lang, $D$55:$D$61, $J$55:$J$61, ""), IF(_xlpm.ref="", "Not Applicable", IF(_xlpm.tempo>_xlpm.ref, "Bigger", IF(_xlpm.tempo<_xlpm.ref, "Smaller", "Equal"))))} -> Bigger
A27: P2 | B27: TBR | C27: ChatGPT | D27: No Code | E27: Failed | F27: Failed | G27: Failed | H27: Failed | I27: Failed | J27: Failed | K27: Failed | L27: No Code
A28: P2 | B28: TBR | C28: Claude | D28: Python | E28: 1.47 | F28: 1.479 | G28: 1.485 | H28: 1.476 | I28: 1.485 | J28: =AVERAGE(E28:I28) -> 1.479 | K28: =STDEV(E28:I28) -> 0.006363961 | M28: {=_xlfn.LET(_xlpm.lang, D28,_xlpm.tempo, J28,_xlpm.ref, _xlfn.XLOOKUP(_xlpm.lang, $D$55:$D$61, $J$55:$J$61, ""), IF(_xlpm.ref="", "Not Applicable", IF(_xlpm.tempo>_xlpm.ref, "Bigger", IF(_xlpm.tempo<_xlpm.ref, "Smaller", "Equal"))))} -> Bigger
A29: P2 | B29: TBR | C29: Copilot | D29: Go | E29: Failed | F29: Failed | G29: Failed | H29: Failed | I29: Failed | J29: Failed | K29: Failed | L29: It did not compile.
A30: P2 | B30: TBR | C30: DeepSeek | D30: Python | E30: Failed | F30: Failed | G30: Failed | H30: Failed | I30: Failed | J30: Failed | K30: Failed | L30: Compiled ok. Wrong output.
A31: P2 | B31: TBR | C31: Gemini | D31: Python | E31: Failed | F31: Failed | G31: Failed | H31: Failed | I31: Failed | J31: Failed | K31: Failed | L31: Compiled ok. Wrong output.
A32: P3 | B32: Normal | C32: ChatGPT | D32: Python | E32: 7.198 | F32: 7.148 | G32: 7.159 | H32: 7.257 | I32: 7.364 | J32: =AVERAGE(E32:I32) -> 7.2252 | K32: =STDEV(E32:I32) -> 0.08854208 | M32: {=_xlfn.LET(_xlpm.lang, D32,_xlpm.tempo, J32,_xlpm.ref, _xlfn.XLOOKUP(_xlpm.lang, $D$55:$D$61, $J$55:$J$61, ""), IF(_xlpm.ref="", "Not Applicable", IF(_xlpm.tempo>_xlpm.ref, "Bigger", IF(_xlpm.tempo<_xlpm.ref, "Smaller", "Equal"))))} -> Bigger
A33: P3 | B33: Normal | C33: Claude | D33: Python | E33: Failed | F33: Failed | G33: Failed | H33: Failed | I33: Failed | J33: Failed | K33: Failed | L33: Compiled ok. Wrong output.
A34: P3 | B34: Normal | C34: Copilot | D34: Python | E34: Failed | F34: Failed | G34: Failed | H34: Failed | I34: Failed | J34: Failed | K34: Failed | L34: Compiled ok. Wrong output.
A35: P3 | B35: Normal | C35: DeepSeek | D35: Python | E35: Failed | F35: Failed | G35: Failed | H35: Failed | I35: Failed | J35: Failed | K35: Failed | L35: Compiled ok. Wrong output.
A36: P3 | B36: Normal | C36: DeepSeek | D36: Python | E36: Failed | F36: Failed | G36: Failed | H36: Failed | I36: Failed | J36: Failed | K36: Failed | L36: Compiled ok. Wrong output.
A37: P3 | B37: Normal | C37: DeepSeek | D37: Java | E37: Failed | F37: Failed | G37: Failed | H37: Failed | I37: Failed | J37: Failed | K37: Failed | L37: Compiled ok. Wrong output.
A38: P3 | B38: Normal | C38: Gemini | D38: Python | E38: Failed | F38: Failed | G38: Failed | H38: Failed | I38: Failed | J38: Failed | K38: Failed | L38: Compiled ok. Wrong output.
A39: P3 | B39: TBR | C39: ChatGPT | D39: Python | E39: 6.762 | F39: 6.723 | G39: 6.86 | H39: 6.681 | I39: 6.739 | J39: =AVERAGE(E39:I39) -> 6.753 | K39: =STDEV(E39:I39) -> 0.066727056 | M39: {=_xlfn.LET(_xlpm.lang, D39,_xlpm.tempo, J39,_xlpm.ref, _xlfn.XLOOKUP(_xlpm.lang, $D$55:$D$61, $J$55:$J$61, ""), IF(_xlpm.ref="", "Not Applicable", IF(_xlpm.tempo>_xlpm.ref, "Bigger", IF(_xlpm.tempo<_xlpm.ref, "Smaller", "Equal"))))} -> Bigger
A40: P3 | B40: TBR | C40: Claude | D40: Python | E40: Failed | F40: Failed | G40: Failed | H40: Failed | I40: Failed | J40: Failed | K40: Failed | L40: Compiled ok. Wrong output.
A41: P3 | B41: TBR | C41: Copilot | D41: Python | E41: Failed | F41: Failed | G41: Failed | H41: Failed | I41: Failed | J41: Failed | K41: Failed | L41: Compiled ok. Wrong output.
A42: P3 | B42: TBR | C42: DeepSeek | D42: Python | E42: Failed | F42: Failed | G42: Failed | H42: Failed | I42: Failed | J42: Failed | K42: Failed | L42: Compiled ok. Wrong output.
A43: P3 | B43: TBR | C43: DeepSeek | D43: C++ | E43: Failed | F43: Failed | G43: Failed | H43: Failed | I43: Failed | J43: Failed | K43: Failed | L43: Compiled ok. Wrong output.
A44: P3 | B44: TBR | C44: Gemini | D44: Python | E44: 6.54 | F44: 6.434 | G44: 6.429 | H44: 6.427 | I44: 6.455 | J44: =AVERAGE(E44:I44) -> 6.457 | K44: =STDEV(E44:I44) -> 0.047712682 | M44: {=_xlfn.LET(_xlpm.lang, D44,_xlpm.tempo, J44,_xlpm.ref, _xlfn.XLOOKUP(_xlpm.lang, $D$55:$D$61, $J$55:$J$61, ""), IF(_xlpm.ref="", "Not Applicable", IF(_xlpm.tempo>_xlpm.ref, "Bigger", IF(_xlpm.tempo<_xlpm.ref, "Smaller", "Equal"))))} -> Bigger
A45: P4 | B45: Normal | C45: ChatGPT | D45: Python | E45: 6.927 | F45: 6.801 | G45: 6.894 | H45: 6.805 | I45: 6.876 | J45: =AVERAGE(E45:I45) -> 6.8606 | K45: =STDEV(E45:I45) -> 0.055689317 | M45: {=_xlfn.LET(_xlpm.lang, D45,_xlpm.tempo, J45,_xlpm.ref, _xlfn.XLOOKUP(_xlpm.lang, $D$55:$D$61, $J$55:$J$61, ""), IF(_xlpm.ref="", "Not Applicable", IF(_xlpm.tempo>_xlpm.ref, "Bigger", IF(_xlpm.tempo<_xlpm.ref, "Smaller", "Equal"))))} -> Bigger
A46: P4 | B46: Normal | C46: Claude | D46: Python | E46: Failed | F46: Failed | G46: Failed | H46: Failed | I46: Failed | J46: Failed | K46: Failed | L46: Compiled ok. Wrong output.
A47: P4 | B47: Normal | C47: Copilot | D47: Java | E47: Failed | F47: Failed | G47: Failed | H47: Failed | I47: Failed | J47: Failed | K47: Failed | L47: Compiled ok. Wrong output.
A48: P4 | B48: Normal | C48: DeepSeek | D48: C | E48: Failed | F48: Failed | G48: Failed | H48: Failed | I48: Failed | J48: Failed | K48: Failed | L48: Compiled ok. Wrong output.
A49: P4 | B49: Normal | C49: Gemini | D49: Python | E49: 7.248 | F49: 7.259 | G49: 7.489 | H49: 7.241 | I49: 7.277 | J49: =AVERAGE(E49:I49) -> 7.3028 | K49: =STDEV(E49:I49) -> 0.10497238 | M49: {=_xlfn.LET(_xlpm.lang, D49,_xlpm.tempo, J49,_xlpm.ref, _xlfn.XLOOKUP(_xlpm.lang, $D$55:$D$61, $J$55:$J$61, ""), IF(_xlpm.ref="", "Not Applicable", IF(_xlpm.tempo>_xlpm.ref, "Bigger", IF(_xlpm.tempo<_xlpm.ref, "Smaller", "Equal"))))} -> Bigger
A50: P4 | B50: TBR | C50: ChatGPT | D50: Go | E50: 4.081 | F50: 4.03 | G50: 4.052 | H50: 4.057 | I50: 4.04 | J50: =AVERAGE(E50:I50) -> 4.052 | K50: =STDEV(E50:I50) -> 0.019326148 | M50: {=_xlfn.LET(_xlpm.lang, D50,_xlpm.tempo, J50,_xlpm.ref, _xlfn.XLOOKUP(_xlpm.lang, $D$55:$D$61, $J$55:$J$61, ""), IF(_xlpm.ref="", "Not Applicable", IF(_xlpm.tempo>_xlpm.ref, "Bigger", IF(_xlpm.tempo<_xlpm.ref, "Smaller", "Equal"))))} -> Bigger
A51: P4 | B51: TBR | C51: Claude | D51: Python | E51: Failed | F51: Failed | G51: Failed | H51: Failed | I51: Failed | J51: Failed | K51: Failed | L51: Compiled ok. Wrong output.
A52: P4 | B52: TBR | C52: Copilot | D52: Python | E52: Failed | F52: Failed | G52: Failed | H52: Failed | I52: Failed | J52: Failed | K52: Failed | L52: Compiled ok. Wrong output.
A53: P4 | B53: TBR | C53: DeepSeek | D53: Python | E53: Failed | F53: Failed | G53: Failed | H53: Failed | I53: Failed | J53: Failed | K53: Failed | L53: Compiled ok. Wrong output.
A54: P4 | B54: TBR | C54: Gemini | D54: Python | E54: 6.547 | F54: 6.515 | G54: 6.528 | H54: 6.578 | I54: 6.571 | J54: =AVERAGE(E54:I54) -> 6.5478 | K54: =STDEV(E54:I54) -> 0.02701296 | M54: {=_xlfn.LET(_xlpm.lang, D54,_xlpm.tempo, J54,_xlpm.ref, _xlfn.XLOOKUP(_xlpm.lang, $D$55:$D$61, $J$55:$J$61, ""), IF(_xlpm.ref="", "Not Applicable", IF(_xlpm.tempo>_xlpm.ref, "Bigger", IF(_xlpm.tempo<_xlpm.ref, "Smaller", "Equal"))))} -> Bigger
D55: Python | E55: 1.015 | F55: 0.993 | G55: 1.013 | H55: 1.023 | I55: 1.035 | J55: =AVERAGE(E55:I55) -> 1.0158 | K55: =STDEV(E55:I55) -> 0.015401299
D56: Python -OO | E56: 1.138 | F56: 1.16 | G56: 1.154 | H56: 1.141 | I56: 1.175 | J56: =AVERAGE(E56:I56) -> 1.1536 | K56: =STDEV(E56:I56) -> 0.015009997
D57: C | E57: 0.659 | F57: 0.652 | G57: 0.651 | H57: 0.641 | I57: 0.654 | J57: =AVERAGE(E57:I57) -> 0.6514 | K57: =STDEV(E57:I57) -> 0.0065802736
D58: C-O3 | E58: 0.631 | F58: 0.652 | G58: 0.651 | H58: 0.653 | I58: 0.655 | J58: =AVERAGE(E58:I58) -> 0.6484 | K58: =STDEV(E58:I58) -> 0.0098386991
D59: C++ | E59: 0.636 | F59: 0.637 | G59: 0.635 | H59: 0.636 | I59: 0.64 | J59: =AVERAGE(E59:I59) -> 0.6368 | K59: =STDEV(E59:I59) -> 0.0019235384
D60: C++ -O3 | E60: 0.677 | F60: 0.683 | G60: 0.717 | H60: 0.677 | I60: 0.681 | J60: =AVERAGE(E60:I60) -> 0.687 | K60: =STDEV(E60:I60) -> 0.016970563
D61: Go | E61: 0.698 | F61: 0.676 | G61: 0.687 | H61: 0.697 | I61: 0.689 | J61: =AVERAGE(E61:I61) -> 0.6894 | K61: =STDEV(E61:I61) -> 0.0089050547

Sheet regex-redux
A1: PROMPT | B1: SEARCH TYPE | C1: AI TOOL | D1: P. L. | E1: RUNTIME | L1: OUTPUT COMMENT
E2: M1 | F2: M2 | G2: M3 | H2: M4 | I2: M5 | J2: AVG | K2: STD
A3: P1 | B3: Normal | C3: ChatGPT | D3: No Code | E3: Failed | F3: Failed | G3: Failed | H3: Failed | I3: Failed | J3: Failed | K3: Failed | L3: No Code
A4: P1 | B4: Normal | C4: Claude | D4: Python | E4: Failed | F4: Failed | G4: Failed | H4: Failed | I4: Failed | J4: Failed | K4: Failed | L4: Compiled ok. Wrong output. | P4: MIN | Q4: MAX | R4: PROMPT (MIN) | S4: SEARCH TYPE (MIN) | T4: PROMPT (MAX) | U4: SEARCH TYPE (MAX)
A5: P1 | B5: Normal | C5: Copilot | D5: Python | E5: Failed | F5: Failed | G5: Failed | H5: Failed | I5: Failed | J5: Failed | K5: Failed | L5: Compiled ok. Wrong output. | O5: C | P5: =_xlfn.MINIFS($J$3:$J$54,$D$3:$D$54,"C") -> 0 | Q5: =_xlfn.MAXIFS($J$3:$J$54,$D$3:$D$54,"C") -> 0 | R5: {=INDEX($A$3:$A$54,MATCH(1,($D$3:$D$54="C")*($J$3:$J$54=_xlfn.MINIFS($J$3:$J$54,$D$3:$D$54,"C")),0))} -> #N/A | S5: {=INDEX($B$3:$B$54,MATCH(1,($D$3:$D$54="C")*($J$3:$J$54=_xlfn.MINIFS($J$3:$J$54,$D$3:$D$54,"C")),0))} -> #N/A | T5: {=INDEX($A$3:$A$54,MATCH(1,($D$3:$D$54="C")*($J$3:$J$54=_xlfn.MAXIFS($J$3:$J$54,$D$3:$D$54,"C")),0))} -> #N/A | U5: {=INDEX($B$3:$B$54,MATCH(1,($D$3:$D$54="C")*($J$3:$J$54=_xlfn.MAXIFS($J$3:$J$54,$D$3:$D$54,"C")),0))} -> #N/A
A6: P1 | B6: Normal | C6: DeepSeek | D6: Python | E6: Failed | F6: Failed | G6: Failed | H6: Failed | I6: Failed | J6: Failed | K6: Failed | L6: Compiled ok. Wrong output. | O6: Go | P6: =_xlfn.MINIFS($J$3:$J$54,$D$3:$D$54,"Go") -> 17.709 | Q6: =_xlfn.MAXIFS($J$3:$J$54,$D$3:$D$54,"Go") -> 36.547 | R6: {=INDEX($A$3:$A$54,MATCH(1,($D$3:$D$54="Go")*($J$3:$J$54=_xlfn.MINIFS($J$3:$J$54,$D$3:$D$54,"Go")),0))} -> P2 | S6: {=INDEX($B$3:$B$54,MATCH(1,($D$3:$D$54="Go")*($J$3:$J$54=_xlfn.MINIFS($J$3:$J$54,$D$3:$D$54,"Go")),0))} -> TBR | T6: {=INDEX($A$3:$A$54,MATCH(1,($D$3:$D$54="Go")*($J$3:$J$54=_xlfn.MAXIFS($J$3:$J$54,$D$3:$D$54,"Go")),0))} -> P4 | U6: {=INDEX($B$3:$B$54,MATCH(1,($D$3:$D$54="Go")*($J$3:$J$54=_xlfn.MAXIFS($J$3:$J$54,$D$3:$D$54,"Go")),0))} -> Normal
A7: P1 | B7: Normal | C7: DeepSeek | D7: Python | E7: Failed | F7: Failed | G7: Failed | H7: Failed | I7: Failed | J7: Failed | K7: Failed | L7: Compiled ok. Wrong output. | O7: Python | P7: =_xlfn.MINIFS($J$3:$J$54,$D$3:$D$54,"Python") -> 5.23 | Q7: =_xlfn.MAXIFS($J$3:$J$54,$D$3:$D$54,"Python") -> 11.262 | R7: {=INDEX($A$3:$A$54,MATCH(1,($D$3:$D$54="Python")*($J$3:$J$54=_xlfn.MINIFS($J$3:$J$54,$D$3:$D$54,"Python")),0))} -> P4 | S7: {=INDEX($B$3:$B$54,MATCH(1,($D$3:$D$54="Python")*($J$3:$J$54=_xlfn.MINIFS($J$3:$J$54,$D$3:$D$54,"Python")),0))} -> TBR | T7: {=INDEX($A$3:$A$54,MATCH(1,($D$3:$D$54="Python")*($J$3:$J$54=_xlfn.MAXIFS($J$3:$J$54,$D$3:$D$54,"Python")),0))} -> P4 | U7: {=INDEX($B$3:$B$54,MATCH(1,($D$3:$D$54="Python")*($J$3:$J$54=_xlfn.MAXIFS($J$3:$J$54,$D$3:$D$54,"Python")),0))} -> TBR
A8: P1 | B8: Normal | C8: Gemini | D8: No Code | E8: Failed | F8: Failed | G8: Failed | H8: Failed | I8: Failed | J8: Failed | K8: Failed | L8: No Code
A9: P1 | B9: TBR | C9: ChatGPT | D9: No Code | E9: Failed | F9: Failed | G9: Failed | H9: Failed | I9: Failed | J9: Failed | K9: Failed | L9: No Code | O9: =COUNTIF(M3:M54, "Smaller") -> 1 | P9: =COUNTIFS($M$3:$M54, "Smaller", $D$3:$D54, "Python") -> 0
A10: P1 | B10: TBR | C10: Claude | D10: Python | E10: 11.237 | F10: 11.2 | G10: 11.179 | H10: 11.284 | I10: 11.19 | J10: =AVERAGE(E10:I10) -> 11.218 | K10: =STDEV(E10:I10) -> 0.042854405 | M10: {=_xlfn.LET(_xlpm.lang, D10,_xlpm.tempo, J10,_xlpm.ref, _xlfn.XLOOKUP(_xlpm.lang, $D$55:$D$61, $J$55:$J$61, ""), IF(_xlpm.ref="", "Not Applicable", IF(_xlpm.tempo>_xlpm.ref, "Bigger", IF(_xlpm.tempo<_xlpm.ref, "Smaller", "Equal"))))} -> Bigger
A11: P1 | B11: TBR | C11: Copilot | D11: Python | E11: Failed | F11: Failed | G11: Failed | H11: Failed | I11: Failed | J11: Failed | K11: Failed | L11: Compiled ok. Wrong output.
A12: P1 | B12: TBR | C12: DeepSeek | D12: Python | E12: Failed | F12: Failed | G12: Failed | H12: Failed | I12: Failed | J12: Failed | K12: Failed | L12: Compiled ok. Wrong output.
A13: P1 | B13: TBR | C13: Gemini | D13: Python | E13: 6.523 | F13: 6.815 | G13: 6.601 | H13: 6.548 | I13: 6.682 | J13: =AVERAGE(E13:I13) -> 6.6338 | K13: =STDEV(E13:I13) -> 0.11818502 | M13: {=_xlfn.LET(_xlpm.lang, D13,_xlpm.tempo, J13,_xlpm.ref, _xlfn.XLOOKUP(_xlpm.lang, $D$55:$D$61, $J$55:$J$61, ""), IF(_xlpm.ref="", "Not Applicable", IF(_xlpm.tempo>_xlpm.ref, "Bigger", IF(_xlpm.tempo<_xlpm.ref, "Smaller", "Equal"))))} -> Bigger
A14: P2 | B14: Normal | C14: ChatGPT | D14: No Code | E14: Failed | F14: Failed | G14: Failed | H14: Failed | I14: Failed | J14: Failed | K14: Failed | L14: No Code
A15: P2 | B15: Normal | C15: Claude | D15: Python | E15: 6.879 | F15: 6.956 | G15: 6.771 | H15: 6.763 | I15: 6.802 | J15: =AVERAGE(E15:I15) -> 6.8342 | K15: =STDEV(E15:I15) -> 0.08207131 | M15: {=_xlfn.LET(_xlpm.lang, D15,_xlpm.tempo, J15,_xlpm.ref, _xlfn.XLOOKUP(_xlpm.lang, $D$55:$D$61, $J$55:$J$61, ""), IF(_xlpm.ref="", "Not Applicable", IF(_xlpm.tempo>_xlpm.ref, "Bigger", IF(_xlpm.tempo<_xlpm.ref, "Smaller", "Equal"))))} -> Bigger
A16: P2 | B16: Normal | C16: Claude | D16: Go | E16: Failed | F16: Failed | G16: Failed | H16: Failed | I16: Failed | J16: Failed | K16: Failed | L16: It did not compile.
A17: P2 | B17: Normal | C17: Copilot | D17: Go | E17: Failed | F17: Failed | G17: Failed | H17: Failed | I17: Failed | J17: Failed | K17: Failed | L17: Compiled ok. Wrong output.
A18: P2 | B18: Normal | C18: DeepSeek | D18: Python | E18: Failed | F18: Failed | G18: Failed | H18: Failed | I18: Failed | J18: Failed | K18: Failed | L18: Compiled ok. Wrong output.
A19: P2 | B19: Normal | C19: Gemini | D19: Go | E19: Failed | F19: Failed | G19: Failed | H19: Failed | I19: Failed | J19: Failed | K19: Failed | L19: It did not compile.
A20: P2 | B20: TBR | C20: ChatGPT | D20: No Code | E20: Failed | F20: Failed | G20: Failed | H20: Failed | I20: Failed | J20: Failed | K20: Failed | L20: No Code
A21: P2 | B21: TBR | C21: Claude | D21: Python | E21: Failed | F21: Failed | G21: Failed | H21: Failed | I21: Failed | J21: Failed | K21: Failed | L21: Compiled ok. Wrong output.
A22: P2 | B22: TBR | C22: Copilot | D22: Go | E22: 18.076 | F22: 17.709 | G22: 18.182 | H22: 17.344 | I22: 17.234 | J22: =AVERAGE(E22:I22) -> 17.709 | K22: =STDEV(E22:I22) -> 0.42345838 | M22: {=_xlfn.LET(_xlpm.lang, D22,_xlpm.tempo, J22,_xlpm.ref, _xlfn.XLOOKUP(_xlpm.lang, $D$55:$D$61, $J$55:$J$61, ""), IF(_xlpm.ref="", "Not Applicable", IF(_xlpm.tempo>_xlpm.ref, "Bigger", IF(_xlpm.tempo<_xlpm.ref, "Smaller", "Equal"))))} -> Smaller
A23: P2 | B23: TBR | C23: DeepSeek | D23: Python | E23: Failed | F23: Failed | G23: Failed | H23: Failed | I23: Failed | J23: Failed | K23: Failed | L23: Compiled ok. Wrong output.
A24: P2 | B24: TBR | C24: DeepSeek | D24: C++ | E24: Failed | F24: Failed | G24: Failed | H24: Failed | I24: Failed | J24: Failed | K24: Failed | L24: It did not compile.
A25: P2 | B25: TBR | C25: Gemini | D25: C++ | E25: Failed | F25: Failed | G25: Failed | H25: Failed | I25: Failed | J25: Failed | K25: Failed | L25: It did not compile.
A26: P3 | B26: Normal | C26: ChatGPT | D26: No Code | E26: Failed | F26: Failed | G26: Failed | H26: Failed | I26: Failed | J26: Failed | K26: Failed | L26: No Code
A27: P3 | B27: Normal | C27: Claude | D27: Python | E27: 11.181 | F27: 11.223 | G27: 11.366 | H27: 11.177 | I27: 11.175 | J27: =AVERAGE(E27:I27) -> 11.2244 | K27: =STDEV(E27:I27) -> 0.081583086 | M27: {=_xlfn.LET(_xlpm.lang, D27,_xlpm.tempo, J27,_xlpm.ref, _xlfn.XLOOKUP(_xlpm.lang, $D$55:$D$61, $J$55:$J$61, ""), IF(_xlpm.ref="", "Not Applicable", IF(_xlpm.tempo>_xlpm.ref, "Bigger", IF(_xlpm.tempo<_xlpm.ref, "Smaller", "Equal"))))} -> Bigger
A28: P3 | B28: Normal | C28: Copilot | D28: No Code | E28: Failed | F28: Failed | G28: Failed | H28: Failed | I28: Failed | J28: Failed | K28: Failed | L28: No Code
A29: P3 | B29: Normal | C29: DeepSeek | D29: Python | E29: Failed | F29: Failed | G29: Failed | H29: Failed | I29: Failed | J29: Failed | K29: Failed | L29: Compiled ok. Wrong output.
A30: P3 | B30: Normal | C30: DeepSeek | D30: JavaScript | E30: Failed | F30: Failed | G30: Failed | H30: Failed | I30: Failed | J30: Failed | K30: Failed | L30: Compiled ok. Wrong output.
A31: P3 | B31: Normal | C31: DeepSeek | D31: Ruby | E31: Failed | F31: Failed | G31: Failed | H31: Failed | I31: Failed | J31: Failed | K31: Failed | L31: Compiled ok. Wrong output.
A32: P3 | B32: Normal | C32: DeepSeek | D32: Java | E32: Failed | F32: Failed | G32: Failed | H32: Failed | I32: Failed | J32: Failed | K32: Failed | L32: Compiled ok. Wrong output.
A33: P3 | B33: Normal | C33: Gemini | D33: Python | E33: 11.339 | F33: 11.196 | G33: 11.173 | H33: 11.08 | I33: 11.133 | J33: =AVERAGE(E33:I33) -> 11.1842 | K33: =STDEV(E33:I33) -> 0.097091194 | M33: {=_xlfn.LET(_xlpm.lang, D33,_xlpm.tempo, J33,_xlpm.ref, _xlfn.XLOOKUP(_xlpm.lang, $D$55:$D$61, $J$55:$J$61, ""), IF(_xlpm.ref="", "Not Applicable", IF(_xlpm.tempo>_xlpm.ref, "Bigger", IF(_xlpm.tempo<_xlpm.ref, "Smaller", "Equal"))))} -> Bigger
A34: P3 | B34: TBR | C34: ChatGPT | D34: No Code | E34: Failed | F34: Failed | G34: Failed | H34: Failed | I34: Failed | J34: Failed | K34: Failed | L34: No Code
A35: P3 | B35: TBR | C35: Claude | D35: Python | E35: 11.18 | F35: 11.258 | G35: 11.186 | H35: 11.208 | I35: 11.192 | J35: =AVERAGE(E35:I35) -> 11.2048 | K35: =STDEV(E35:I35) -> 0.031515076 | M35: {=_xlfn.LET(_xlpm.lang, D35,_xlpm.tempo, J35,_xlpm.ref, _xlfn.XLOOKUP(_xlpm.lang, $D$55:$D$61, $J$55:$J$61, ""), IF(_xlpm.ref="", "Not Applicable", IF(_xlpm.tempo>_xlpm.ref, "Bigger", IF(_xlpm.tempo<_xlpm.ref, "Smaller", "Equal"))))} -> Bigger
A36: P3 | B36: TBR | C36: Copilot | D36: Python | E36: Failed | F36: Failed | G36: Failed | H36: Failed | I36: Failed | J36: Failed | K36: Failed | L36: Compiled ok. Wrong output.
A37: P3 | B37: TBR | C37: DeepSeek | D37: Python | E37: Failed | F37: Failed | G37: Failed | H37: Failed | I37: Failed | J37: Failed | K37: Failed | L37: Compiled ok. Wrong output.
A38: P3 | B38: TBR | C38: Gemini | D38: Python | E38: 11.033 | F38: 11.297 | G38: 11.066 | H38: 11.063 | I38: 11.082 | J38: =AVERAGE(E38:I38) -> 11.1082 | K38: =STDEV(E38:I38) -> 0.10701729 | M38: {=_xlfn.LET(_xlpm.lang, D38,_xlpm.tempo, J38,_xlpm.ref, _xlfn.XLOOKUP(_xlpm.lang, $D$55:$D$61, $J$55:$J$61, ""), IF(_xlpm.ref="", "Not Applicable", IF(_xlpm.tempo>_xlpm.ref, "Bigger", IF(_xlpm.tempo<_xlpm.ref, "Smaller", "Equal"))))} -> Bigger
A39: P4 | B39: Normal | C39: ChatGPT | D39: No Code | E39: Failed | F39: Failed | G39: Failed | H39: Failed | I39: Failed | J39: Failed | K39: Failed | L39: No Code
A40: P4 | B40: Normal | C40: Claude | D40: Python | E40: 11.252 | F40: 11.224 | G40: 11.235 | H40: 11.205 | I40: 11.209 | J40: =AVERAGE(E40:I40) -> 11.225 | K40: =STDEV(E40:I40) -> 0.019274335 | M40: {=_xlfn.LET(_xlpm.lang, D40,_xlpm.tempo, J40,_xlpm.ref, _xlfn.XLOOKUP(_xlpm.lang, $D$55:$D$61, $J$55:$J$61, ""), IF(_xlpm.ref="", "Not Applicable", IF(_xlpm.tempo>_xlpm.ref, "Bigger", IF(_xlpm.tempo<_xlpm.ref, "Smaller", "Equal"))))} -> Bigger
A41: P4 | B41: Normal | C41: Claude | D41: Java | E41: 12.036 | F41: 12.178 | G41: 12.246 | H41: 12.056 | I41: 12.18 | J41: =AVERAGE(E41:I41) -> 12.1392 | K41: =STDEV(E41:I41) -> 0.089650432 | M41: {=_xlfn.LET(_xlpm.lang, D41,_xlpm.tempo, J41,_xlpm.ref, _xlfn.XLOOKUP(_xlpm.lang, $D$55:$D$61, $J$55:$J$61, ""), IF(_xlpm.ref="", "Not Applicable", IF(_xlpm.tempo>_xlpm.ref, "Bigger", IF(_xlpm.tempo<_xlpm.ref, "Smaller", "Equal"))))} -> Not Applicable
A42: P4 | B42: Normal | C42: Claude | D42: Go | E42: 36.629 | F42: 36.418 | G42: 36.498 | H42: 36.553 | I42: 36.637 | J42: =AVERAGE(E42:I42) -> 36.547 | K42: =STDEV(E42:I42) -> 0.092062479 | M42: {=_xlfn.LET(_xlpm.lang, D42,_xlpm.tempo, J42,_xlpm.ref, _xlfn.XLOOKUP(_xlpm.lang, $D$55:$D$61, $J$55:$J$61, ""), IF(_xlpm.ref="", "Not Applicable", IF(_xlpm.tempo>_xlpm.ref, "Bigger", IF(_xlpm.tempo<_xlpm.ref, "Smaller", "Equal"))))} -> Bigger
A43: P4 | B43: Normal | C43: Claude | D43: JavaScript | E43: 5.158 | F43: 5.216 | G43: 5.205 | H43: 5.212 | I43: 5.195 | J43: =AVERAGE(E43:I43) -> 5.1972 | K43: =STDEV(E43:I43) -> 0.023317375 | M43: {=_xlfn.LET(_xlpm.lang, D43,_xlpm.tempo, J43,_xlpm.ref, _xlfn.XLOOKUP(_xlpm.lang, $D$55:$D$61, $J$55:$J$61, ""), IF(_xlpm.ref="", "Not Applicable", IF(_xlpm.tempo>_xlpm.ref, "Bigger", IF(_xlpm.tempo<_xlpm.ref, "Smaller", "Equal"))))} -> Not Applicable
A44: P4 | B44: Normal | C44: Claude | D44: Rust | E44: Failed | F44: Failed | G44: Failed | H44: Failed | I44: Failed | J44: Failed | K44: Failed | L44: It did not compile.
A45: P4 | B45: Normal | C45: Copilot | D45: Go | E45: Failed | F45: Failed | G45: Failed | H45: Failed | I45: Failed | J45: Failed | K45: Failed | L45: Compiled ok. Wrong output.
A46: P4 | B46: Normal | C46: DeepSeek | D46: Python | E46: Failed | F46: Failed | G46: Failed | H46: Failed | I46: Failed | J46: Failed | K46: Failed | L46: Compiled ok. Wrong output.
A47: P4 | B47: Normal | C47: DeepSeek | D47: Python | E47: Failed | F47: Failed | G47: Failed | H47: Failed | I47: Failed | J47: Failed | K47: Failed | L47: Compiled ok. Wrong output.
A48: P4 | B48: Normal | C48: Gemini | D48: Python | E48: 11.213 | F48: 11.202 | G48: 11.234 | H48: 11.218 | I48: 11.312 | J48: =AVERAGE(E48:I48) -> 11.2358 | K48: =STDEV(E48:I48) -> 0.044127089 | M48: {=_xlfn.LET(_xlpm.lang, D48,_xlpm.tempo, J48,_xlpm.ref, _xlfn.XLOOKUP(_xlpm.lang, $D$55:$D$61, $J$55:$J$61, ""), IF(_xlpm.ref="", "Not Applicable", IF(_xlpm.tempo>_xlpm.ref, "Bigger", IF(_xlpm.tempo<_xlpm.ref, "Smaller", "Equal"))))} -> Bigger
A49: P4 | B49: TBR | C49: ChatGPT | D49: No Code | E49: Failed | F49: Failed | G49: Failed | H49: Failed | I49: Failed | J49: Failed | K49: Failed | L49: No Code
A50: P4 | B50: TBR | C50: Claude | D50: Python | E50: 11.276 | F50: 11.205 | G50: 11.297 | H50: 11.331 | I50: 11.201 | J50: =AVERAGE(E50:I50) -> 11.262 | K50: =STDEV(E50:I50) -> 0.057341085 | M50: {=_xlfn.LET(_xlpm.lang, D50,_xlpm.tempo, J50,_xlpm.ref, _xlfn.XLOOKUP(_xlpm.lang, $D$55:$D$61, $J$55:$J$61, ""), IF(_xlpm.ref="", "Not Applicable", IF(_xlpm.tempo>_xlpm.ref, "Bigger", IF(_xlpm.tempo<_xlpm.ref, "Smaller", "Equal"))))} -> Bigger
A51: P4 | B51: TBR | C51: Copilot | D51: Go | E51: Failed | F51: Failed | G51: Failed | H51: Failed | I51: Failed | J51: Failed | K51: Failed | L51: It did not compile.
A52: P4 | B52: TBR | C52: DeepSeek | D52: Python | E52: Failed | F52: Failed | G52: Failed | H52: Failed | I52: Failed | J52: Failed | K52: Failed | L52: Compiled ok. Wrong output.
A53: P4 | B53: TBR | C53: DeepSeek | D53: C++ | E53: Failed | F53: Failed | G53: Failed | H53: Failed | I53: Failed | J53: Failed | K53: Failed | L53: Compiled ok. Wrong output.
A54: P4 | B54: TBR | C54: Gemini | D54: Python | E54: 5.288 | F54: 5.191 | G54: 5.228 | H54: 5.625 | I54: 4.818 | J54: =AVERAGE(E54:I54) -> 5.23 | K54: =STDEV(E54:I54) -> 0.28751435 | M54: {=_xlfn.LET(_xlpm.lang, D54,_xlpm.tempo, J54,_xlpm.ref, _xlfn.XLOOKUP(_xlpm.lang, $D$55:$D$61, $J$55:$J$61, ""), IF(_xlpm.ref="", "Not Applicable", IF(_xlpm.tempo>_xlpm.ref, "Bigger", IF(_xlpm.tempo<_xlpm.ref, "Smaller", "Equal"))))} -> Bigger
D55: Python | E55: 1.234 | F55: 1.271 | G55: 1.308 | H55: 1.394 | I55: 1.299 | J55: =AVERAGE(E55:I55) -> 1.3012 | K55: =STDEV(E55:I55) -> 0.059352338
D56: Python -OO | E56: 1.417 | F56: 1.492 | G56: 1.479 | H56: 1.444 | I56: 1.43 | J56: =AVERAGE(E56:I56) -> 1.4524 | K56: =STDEV(E56:I56) -> 0.032020306
D57: C | E57: 0.905 | F57: 0.899 | G57: 0.888 | H57: 0.922 | I57: 0.907 | J57: =AVERAGE(E57:I57) -> 0.9042 | K57: =STDEV(E57:I57) -> 0.01239758
D58: C-O3 | E58: 0.843 | F58: 0.859 | G58: 0.874 | H58: 0.86 | I58: 0.868 | J58: =AVERAGE(E58:I58) -> 0.8608 | K58: =STDEV(E58:I58) -> 0.011691878
D59: C++ | E59: 1.517 | F59: 1.464 | G59: 1.498 | H59: 1.649 | I59: 1.426 | J59: =AVERAGE(E59:I59) -> 1.5108 | K59: =STDEV(E59:I59) -> 0.084679986
D60: C++ -O3 | E60: 0.999 | F60: 1.002 | G60: 1.028 | H60: 1.071 | I60: 0.995 | J60: =AVERAGE(E60:I60) -> 1.019 | K60: =STDEV(E60:I60) -> 0.031819805
D61: Go | E61: 18.114 | F61: 18.542 | G61: 18.012 | H61: 17.841 | I61: 18.933 | J61: =AVERAGE(E61:I61) -> 18.2884 | K61: =STDEV(E61:I61) -> 0.44350908

Sheet reverse-complement
A1: PROMPT | B1: SEARCH TYPE | C1: AI TOOL | D1: P. L. | E1: RUNTIME | L1: OUTPUT COMMENT
E2: M1 | F2: M2 | G2: M3 | H2: M4 | I2: M5 | J2: AVG | K2: STD
A3: P1 | B3: Normal | C3: ChatGPT | D3: No Code | E3: Failed | F3: Failed | G3: Failed | H3: Failed | I3: Failed | J3: Failed | K3: Failed | L3: No Code
A4: P1 | B4: Normal | C4: Claude | D4: Python | E4: Failed | F4: Failed | G4: Failed | H4: Failed | I4: Failed | J4: Failed | K4: Failed | L4: Compiled ok. Wrong output. | P4: MIN | Q4: MAX | R4: PROMPT (MIN) | S4: SEARCH TYPE (MIN) | T4: PROMPT (MAX) | U4: SEARCH TYPE (MAX)
A5: P1 | B5: Normal | C5: Copilot | D5: Python | E5: Failed | F5: Failed | G5: Failed | H5: Failed | I5: Failed | J5: Failed | K5: Failed | L5: Compiled ok. Wrong output. | O5: C | P5: =_xlfn.MINIFS($J$3:$J$49,$D$3:$D$49,"C") -> 0 | Q5: =_xlfn.MAXIFS($J$3:$J$49,$D$3:$D$49,"C") -> 0 | R5: {=INDEX($A$3:$A$49,MATCH(1,($D$3:$D$49="C")*($J$3:$J$49=_xlfn.MINIFS($J$3:$J$49,$D$3:$D$49,"C")),0))} -> #N/A | S5: {=INDEX($B$3:$B$49,MATCH(1,($D$3:$D$49="C")*($J$3:$J$49=_xlfn.MINIFS($J$3:$J$49,$D$3:$D$49,"C")),0))} -> #N/A | T5: {=INDEX($A$3:$A$49,MATCH(1,($D$3:$D$49="C")*($J$3:$J$49=_xlfn.MAXIFS($J$3:$J$49,$D$3:$D$49,"C")),0))} -> #N/A | U5: {=INDEX($B$3:$B$49,MATCH(1,($D$3:$D$49="C")*($J$3:$J$49=_xlfn.MAXIFS($J$3:$J$49,$D$3:$D$49,"C")),0))} -> #N/A
A6: P1 | B6: Normal | C6: Copilot | D6: C | E6: Failed | F6: Failed | G6: Failed | H6: Failed | I6: Failed | J6: Failed | K6: Failed | L6: Compiled ok. Wrong output. | O6: Go | P6: =_xlfn.MINIFS($J$3:$J$49,$D$3:$D$49,"Go") -> 0 | Q6: =_xlfn.MAXIFS($J$3:$J$49,$D$3:$D$49,"Go") -> 0 | R6: {=INDEX($A$3:$A$49,MATCH(1,($D$3:$D$49="Go")*($J$3:$J$49=_xlfn.MINIFS($J$3:$J$49,$D$3:$D$49,"Go")),0))} -> #N/A | S6: {=INDEX($B$3:$B$49,MATCH(1,($D$3:$D$49="Go")*($J$3:$J$49=_xlfn.MINIFS($J$3:$J$49,$D$3:$D$49,"Go")),0))} -> #N/A | T6: {=INDEX($A$3:$A$49,MATCH(1,($D$3:$D$49="Go")*($J$3:$J$49=_xlfn.MAXIFS($J$3:$J$49,$D$3:$D$49,"Go")),0))} -> #N/A | U6: {=INDEX($B$3:$B$49,MATCH(1,($D$3:$D$49="Go")*($J$3:$J$49=_xlfn.MAXIFS($J$3:$J$49,$D$3:$D$49,"Go")),0))} -> #N/A
A7: P1 | B7: Normal | C7: Copilot | D7: Java | E7: Failed | F7: Failed | G7: Failed | H7: Failed | I7: Failed | J7: Failed | K7: Failed | L7: Compiled ok. Wrong output. | O7: Python | P7: =_xlfn.MINIFS($J$3:$J$49,$D$3:$D$49,"Python") -> 6.4594 | Q7: =_xlfn.MAXIFS($J$3:$J$49,$D$3:$D$49,"Python") -> 27.6186 | R7: {=INDEX($A$3:$A$49,MATCH(1,($D$3:$D$49="Python")*($J$3:$J$49=_xlfn.MINIFS($J$3:$J$49,$D$3:$D$49,"Python")),0))} -> P1 | S7: {=INDEX($B$3:$B$49,MATCH(1,($D$3:$D$49="Python")*($J$3:$J$49=_xlfn.MINIFS($J$3:$J$49,$D$3:$D$49,"Python")),0))} -> TBR | T7: {=INDEX($A$3:$A$49,MATCH(1,($D$3:$D$49="Python")*($J$3:$J$49=_xlfn.MAXIFS($J$3:$J$49,$D$3:$D$49,"Python")),0))} -> P2 | U7: {=INDEX($B$3:$B$49,MATCH(1,($D$3:$D$49="Python")*($J$3:$J$49=_xlfn.MAXIFS($J$3:$J$49,$D$3:$D$49,"Python")),0))} -> TBR
A8: P1 | B8: Normal | C8: DeepSeek | D8: Python | E8: 27.904 | F8: 27.264 | G8: 27.751 | H8: 24.923 | I8: 26.903 | J8: =AVERAGE(E8:I8) -> 26.949 | K8: =STDEV(E8:I8) -> 1.2001298 | M8: {=_xlfn.LET(_xlpm.lang, D8,_xlpm.tempo, J8,_xlpm.ref, _xlfn.XLOOKUP(_xlpm.lang, $D$50:$D$56, $J$50:$J$56, ""), IF(_xlpm.ref="", "Not Applicable", IF(_xlpm.tempo>_xlpm.ref, "Bigger", IF(_xlpm.tempo<_xlpm.ref, "Smaller", "Equal"))))} -> Bigger
A9: P1 | B9: Normal | C9: Gemini | D9: Python | E9: Failed | F9: Failed | G9: Failed | H9: Failed | I9: Failed | J9: Failed | K9: Failed | L9: Compiled ok. Wrong output. | O9: =COUNTIF(M3:M49, "Smaller") -> 1 | P9: =COUNTIFS($M$3:$M49, "Smaller", $D$3:$D49, "Python") -> 1
A10: P1 | B10: TBR | C10: ChatGPT | D10: Rust | E10: 29.361 | F10: 28.985 | G10: 29.512 | H10: 29.097 | I10: 28.88 | J10: =AVERAGE(E10:I10) -> 29.167 | K10: =STDEV(E10:I10) -> 0.2631796 | M10: {=_xlfn.LET(_xlpm.lang, D10,_xlpm.tempo, J10,_xlpm.ref, _xlfn.XLOOKUP(_xlpm.lang, $D$50:$D$56, $J$50:$J$56, ""), IF(_xlpm.ref="", "Not Applicable", IF(_xlpm.tempo>_xlpm.ref, "Bigger", IF(_xlpm.tempo<_xlpm.ref, "Smaller", "Equal"))))} -> Not Applicable
A11: P1 | B11: TBR | C11: Claude | D11: Python | E11: 11.204 | F11: 11.062 | G11: 11.1 | H11: 10.907 | I11: 11.018 | J11: =AVERAGE(E11:I11) -> 11.0582 | K11: =STDEV(E11:I11) -> 0.1089688 | M11: {=_xlfn.LET(_xlpm.lang, D11,_xlpm.tempo, J11,_xlpm.ref, _xlfn.XLOOKUP(_xlpm.lang, $D$50:$D$56, $J$50:$J$56, ""), IF(_xlpm.ref="", "Not Applicable", IF(_xlpm.tempo>_xlpm.ref, "Bigger", IF(_xlpm.tempo<_xlpm.ref, "Smaller", "Equal"))))} -> Bigger
A12: P1 | B12: TBR | C12: Copilot | D12: Python | E12: 6.487 | F12: 6.331 | G12: 6.574 | H12: 6.445 | I12: 6.46 | J12: =AVERAGE(E12:I12) -> 6.4594 | K12: =STDEV(E12:I12) -> 0.087448842 | M12: {=_xlfn.LET(_xlpm.lang, D12,_xlpm.tempo, J12,_xlpm.ref, _xlfn.XLOOKUP(_xlpm.lang, $D$50:$D$56, $J$50:$J$56, ""), IF(_xlpm.ref="", "Not Applicable", IF(_xlpm.tempo>_xlpm.ref, "Bigger", IF(_xlpm.tempo<_xlpm.ref, "Smaller", "Equal"))))} -> Smaller
A13: P1 | B13: TBR | C13: Copilot | D13: C++ | E13: Failed | F13: Failed | G13: Failed | H13: Failed | I13: Failed | J13: Failed | K13: Failed | L13: Compiled ok. Wrong output.
A14: P1 | B14: TBR | C14: DeepSeek | D14: Python | E14: 18.523 | F14: 19.496 | G14: 18.113 | H14: 19.347 | I14: 17.882 | J14: =AVERAGE(E14:I14) -> 18.6722 | K14: =STDEV(E14:I14) -> 0.72342636 | M14: {=_xlfn.LET(_xlpm.lang, D14,_xlpm.tempo, J14,_xlpm.ref, _xlfn.XLOOKUP(_xlpm.lang, $D$50:$D$56, $J$50:$J$56, ""), IF(_xlpm.ref="", "Not Applicable", IF(_xlpm.tempo>_xlpm.ref, "Bigger", IF(_xlpm.tempo<_xlpm.ref, "Smaller", "Equal"))))} -> Bigger
A15: P1 | B15: TBR | C15: DeepSeek | D15: Python | E15: 19.475 | F15: 20.117 | G15: 22.614 | H15: 19.166 | I15: 20.111 | J15: =AVERAGE(E15:I15) -> 20.2966 | K15: =STDEV(E15:I15) -> 1.359258 | M15: {=_xlfn.LET(_xlpm.lang, D15,_xlpm.tempo, J15,_xlpm.ref, _xlfn.XLOOKUP(_xlpm.lang, $D$50:$D$56, $J$50:$J$56, ""), IF(_xlpm.ref="", "Not Applicable", IF(_xlpm.tempo>_xlpm.ref, "Bigger", IF(_xlpm.tempo<_xlpm.ref, "Smaller", "Equal"))))} -> Bigger
A16: P1 | B16: TBR | C16: Gemini | D16: Python | E16: Failed | F16: Failed | G16: Failed | H16: Failed | I16: Failed | J16: Failed | K16: Failed | L16: Compiled ok. Wrong output.
A17: P2 | B17: Normal | C17: ChatGPT | D17: Rust | E17: 19.648 | F17: 19.586 | G17: 19.447 | H17: 20.142 | I17: 19.871 | J17: =AVERAGE(E17:I17) -> 19.7388 | K17: =STDEV(E17:I17) -> 0.27239071 | M17: {=_xlfn.LET(_xlpm.lang, D17,_xlpm.tempo, J17,_xlpm.ref, _xlfn.XLOOKUP(_xlpm.lang, $D$50:$D$56, $J$50:$J$56, ""), IF(_xlpm.ref="", "Not Applicable", IF(_xlpm.tempo>_xlpm.ref, "Bigger", IF(_xlpm.tempo<_xlpm.ref, "Smaller", "Equal"))))} -> Not Applicable
A18: P2 | B18: Normal | C18: Claude | D18: Python | E18: 19.826 | F18: 18.904 | G18: 20.016 | H18: 19.401 | I18: 20.069 | J18: =AVERAGE(E18:I18) -> 19.6432 | K18: =STDEV(E18:I18) -> 0.48958625 | M18: {=_xlfn.LET(_xlpm.lang, D18,_xlpm.tempo, J18,_xlpm.ref, _xlfn.XLOOKUP(_xlpm.lang, $D$50:$D$56, $J$50:$J$56, ""), IF(_xlpm.ref="", "Not Applicable", IF(_xlpm.tempo>_xlpm.ref, "Bigger", IF(_xlpm.tempo<_xlpm.ref, "Smaller", "Equal"))))} -> Bigger
A19: P2 | B19: Normal | C19: Copilot | D19: Python | E19: Failed | F19: Failed | G19: Failed | H19: Failed | I19: Failed | J19: Failed | K19: Failed | L19: Compiled ok. Wrong output.
A20: P2 | B20: Normal | C20: DeepSeek | D20: Python | E20: Failed | F20: Failed | G20: Failed | H20: Failed | I20: Failed | J20: Failed | K20: Failed | L20: Compiled ok. Wrong output.
A21: P2 | B21: Normal | C21: Gemini | D21: Python | E21: Failed | F21: Failed | G21: Failed | H21: Failed | I21: Failed | J21: Failed | K21: Failed | L21: Compiled ok. Wrong output.
A22: P2 | B22: TBR | C22: ChatGPT | D22: Rust | E22: 15.073 | F22: 15.401 | G22: 15.749 | H22: 14.744 | I22: 14.922 | J22: =AVERAGE(E22:I22) -> 15.1778 | K22: =STDEV(E22:I22) -> 0.40021457 | M22: {=_xlfn.LET(_xlpm.lang, D22,_xlpm.tempo, J22,_xlpm.ref, _xlfn.XLOOKUP(_xlpm.lang, $D$50:$D$56, $J$50:$J$56, ""), IF(_xlpm.ref="", "Not Applicable", IF(_xlpm.tempo>_xlpm.ref, "Bigger", IF(_xlpm.tempo<_xlpm.ref, "Smaller", "Equal"))))} -> Not Applicable
A23: P2 | B23: TBR | C23: Claude | D23: Python | E23: Failed | F23: Failed | G23: Failed | H23: Failed | I23: Failed | J23: Failed | K23: Failed | L23: Compiled ok. Wrong output.
A24: P2 | B24: TBR | C24: Copilot | D24: No Code | E24: Failed | F24: Failed | G24: Failed | H24: Failed | I24: Failed | J24: Failed | K24: Failed | L24: No Code
A25: P2 | B25: TBR | C25: DeepSeek | D25: Python | E25: 28.192 | F25: 26.732 | G25: 26.244 | H25: 28.364 | I25: 28.561 | J25: =AVERAGE(E25:I25) -> 27.6186 | K25: =STDEV(E25:I25) -> 1.0545273 | M25: {=_xlfn.LET(_xlpm.lang, D25,_xlpm.tempo, J25,_xlpm.ref, _xlfn.XLOOKUP(_xlpm.lang, $D$50:$D$56, $J$50:$J$56, ""), IF(_xlpm.ref="", "Not Applicable", IF(_xlpm.tempo>_xlpm.ref, "Bigger", IF(_xlpm.tempo<_xlpm.ref, "Smaller", "Equal"))))} -> Bigger
A26: P2 | B26: TBR | C26: Gemini | D26: Python | E26: Failed | F26: Failed | G26: Failed | H26: Failed | I26: Failed | J26: Failed | K26: Failed | L26: Compiled ok. Wrong output.
A27: P3 | B27: Normal | C27: ChatGPT | D27: Rust | E27: Failed | F27: Failed | G27: Failed | H27: Failed | I27: Failed | J27: Failed | K27: Failed | L27: Compile ok. Wrong output.
A28: P3 | B28: Normal | C28: Claude | D28: Python | E28: Failed | F28: Failed | G28: Failed | H28: Failed | I28: Failed | J28: Failed | K28: Failed | L28: Compiled ok. Wrong output.
A29: P3 | B29: Normal | C29: Copilot | D29: Python | E29: Failed | F29: Failed | G29: Failed | H29: Failed | I29: Failed | J29: Failed | K29: Failed | L29: Compiled ok. Wrong output.
A30: P3 | B30: Normal | C30: DeepSeek | D30: Python | E30: Failed | F30: Failed | G30: Failed | H30: Failed | I30: Failed | J30: Failed | K30: Failed | L30: Compiled ok. Wrong output.
A31: P3 | B31: Normal | C31: DeepSeek | D31: Python | E31: Failed | F31: Failed | G31: Failed | H31: Failed | I31: Failed | J31: Failed | K31: Failed | L31: Compiled ok. Wrong output.
A32: P3 | B32: Normal | C32: Gemini | D32: Python | E32: Failed | F32: Failed | G32: Failed | H32: Failed | I32: Failed | J32: Failed | K32: Failed | L32: Compiled ok. Wrong output.
A33: P3 | B33: TBR | C33: ChatGPT | D33: Rust | E33: Failed | F33: Failed | G33: Failed | H33: Failed | I33: Failed | J33: Failed | K33: Failed | L33: Compile ok. Wrong output.
A34: P3 | B34: TBR | C34: Claude | D34: Python | E34: Failed | F34: Failed | G34: Failed | H34: Failed | I34: Failed | J34: Failed | K34: Failed | L34: Compiled ok. Wrong output.
A35: P3 | B35: TBR | C35: Copilot | D35: Python | E35: Failed | F35: Failed | G35: Failed | H35: Failed | I35: Failed | J35: Failed | K35: Failed | L35: Compiled ok. Wrong output.
A36: P3 | B36: TBR | C36: DeepSeek | D36: Python | E36: Failed | F36: Failed | G36: Failed | H36: Failed | I36: Failed | J36: Failed | K36: Failed | L36: Compiled ok. Wrong output.
A37: P3 | B37: TBR | C37: DeepSeek | D37: Python | E37: 24.009 | F37: 24.226 | G37: 23.626 | H37: 23.482 | I37: 22.164 | J37: =AVERAGE(E37:I37) -> 23.5014 | K37: =STDEV(E37:I37) -> 0.80424548 | M37: {=_xlfn.LET(_xlpm.lang, D37,_xlpm.tempo, J37,_xlpm.ref, _xlfn.XLOOKUP(_xlpm.lang, $D$50:$D$56, $J$50:$J$56, ""), IF(_xlpm.ref="", "Not Applicable", IF(_xlpm.tempo>_xlpm.ref, "Bigger", IF(_xlpm.tempo<_xlpm.ref, "Smaller", "Equal"))))} -> Bigger
A38: P3 | B38: TBR | C38: Gemini | D38: Python | E38: 13.156 | F38: 13.395 | G38: 13.043 | H38: 12.039 | I38: 13.402 | J38: =AVERAGE(E38:I38) -> 13.007 | K38: =STDEV(E38:I38) -> 0.56282546 | M38: {=_xlfn.LET(_xlpm.lang, D38,_xlpm.tempo, J38,_xlpm.ref, _xlfn.XLOOKUP(_xlpm.lang, $D$50:$D$56, $J$50:$J$56, ""), IF(_xlpm.ref="", "Not Applicable", IF(_xlpm.tempo>_xlpm.ref, "Bigger", IF(_xlpm.tempo<_xlpm.ref, "Smaller", "Equal"))))} -> Bigger
A39: P4 | B39: Normal | C39: ChatGPT | D39: Rust | E39: Failed | F39: Failed | G39: Failed | H39: Failed | I39: Failed | J39: Failed | K39: Failed | L39: Compile ok. Wrong output.
A40: P4 | B40: Normal | C40: Claude | D40: Rust | E40: Failed | F40: Failed | G40: Failed | H40: Failed | I40: Failed | J40: Failed | K40: Failed | L40: Compiled ok. Wrong output.
A41: P4 | B41: Normal | C41: Copilot | D41: Go | E41: Failed | F41: Failed | G41: Failed | H41: Failed | I41: Failed | J41: Failed | K41: Failed | L41: Compiled ok. Wrong output.
A42: P4 | B42: Normal | C42: DeepSeek | D42: Python | E42: 23.538 | F42: 23.266 | G42: 23.934 | H42: 21.901 | I42: 22.029 | J42: =AVERAGE(E42:I42) -> 22.9336 | K42: =STDEV(E42:I42) -> 0.91667241 | M42: {=_xlfn.LET(_xlpm.lang, D42,_xlpm.tempo, J42,_xlpm.ref, _xlfn.XLOOKUP(_xlpm.lang, $D$50:$D$56, $J$50:$J$56, ""), IF(_xlpm.ref="", "Not Applicable", IF(_xlpm.tempo>_xlpm.ref, "Bigger", IF(_xlpm.tempo<_xlpm.ref, "Smaller", "Equal"))))} -> Bigger
A43: P4 | B43: Normal | C43: DeepSeek | D43: Python | E43: 11.827 | F43: 12.429 | G43: 12.18 | H43: 12.323 | I43: 12.083 | J43: =AVERAGE(E43:I43) -> 12.1684 | K43: =STDEV(E43:I43) -> 0.23226881 | M43: {=_xlfn.LET(_xlpm.lang, D43,_xlpm.tempo, J43,_xlpm.ref, _xlfn.XLOOKUP(_xlpm.lang, $D$50:$D$56, $J$50:$J$56, ""), IF(_xlpm.ref="", "Not Applicable", IF(_xlpm.tempo>_xlpm.ref, "Bigger", IF(_xlpm.tempo<_xlpm.ref, "Smaller", "Equal"))))} -> Bigger
A44: P4 | B44: Normal | C44: Gemini | D44: Python | E44: Failed | F44: Failed | G44: Failed | H44: Failed | I44: Failed | J44: Failed | K44: Failed | L44: Compiled ok. Wrong output.
A45: P4 | B45: TBR | C45: ChatGPT | D45: Go | E45: Failed | F45: Failed | G45: Failed | H45: Failed | I45: Failed | J45: Failed | K45: Failed | L45: Compile ok. Wrong output.
A46: P4 | B46: TBR | C46: Claude | D46: Rust | E46: Failed | F46: Failed | G46: Failed | H46: Failed | I46: Failed | J46: Failed | K46: Failed | L46: Compiled ok. Wrong output.
A47: P4 | B47: TBR | C47: Copilot | D47: No Code | E47: Failed | F47: Failed | G47: Failed | H47: Failed | I47: Failed | J47: Failed | K47: Failed | L47: No Code
A48: P4 | B48: TBR | C48: DeepSeek | D48: Python | E48: Failed | F48: Failed | G48: Failed | H48: Failed | I48: Failed | J48: Failed | K48: Failed | L48: Compiled ok. Wrong output.
A49: P4 | B49: TBR | C49: Gemini | D49: Python | E49: 12.096 | F49: 12.247 | G49: 12.435 | H49: 12.865 | I49: 12.303 | J49: =AVERAGE(E49:I49) -> 12.3892 | K49: =STDEV(E49:I49) -> 0.29244692 | M49: {=_xlfn.LET(_xlpm.lang, D49,_xlpm.tempo, J49,_xlpm.ref, _xlfn.XLOOKUP(_xlpm.lang, $D$50:$D$56, $J$50:$J$56, ""), IF(_xlpm.ref="", "Not Applicable", IF(_xlpm.tempo>_xlpm.ref, "Bigger", IF(_xlpm.tempo<_xlpm.ref, "Smaller", "Equal"))))} -> Bigger
D50: Python | E50: 7.676 | F50: 7.752 | G50: 7.688 | H50: 7.762 | I50: 7.858 | J50: =AVERAGE(E50:I50) -> 7.7472 | K50: =STDEV(E50:I50) -> 0.072616802
D51: Python -OO | E51: 7.988 | F51: 7.957 | G51: 8.246 | H51: 8.001 | I51: 7.992 | J51: =AVERAGE(E51:I51) -> 8.0368 | K51: =STDEV(E51:I51) -> 0.11811308
D52: C | E52: 7.856 | F52: 7.956 | G52: 7.883 | H52: 7.935 | I52: 7.847 | J52: =AVERAGE(E52:I52) -> 7.8954 | K52: =STDEV(E52:I52) -> 0.048190248
D53: C-O3 | E53: 7.937 | F53: 7.866 | G53: 7.755 | H53: 7.789 | I53: 7.785 | J53: =AVERAGE(E53:I53) -> 7.8264 | K53: =STDEV(E53:I53) -> 0.07418086
D54: C++ | E54: 8.625 | F54: 8.711 | G54: 8.602 | H54: 8.515 | I54: 8.697 | J54: =AVERAGE(E54:I54) -> 8.63 | K54: =STDEV(E54:I54) -> 0.079189646
D55: C++ -O3 | E55: 7.654 | F55: 7.684 | G55: 7.67 | H55: 7.805 | I55: 7.731 | J55: =AVERAGE(E55:I55) -> 7.7088 | K55: =STDEV(E55:I55) -> 0.060972945
D56: Go | E56: 8.668 | F56: 8.594 | G56: 8.367 | H56: 8.521 | I56: 8.457 | J56: =AVERAGE(E56:I56) -> 8.5214 | K56: =STDEV(E56:I56) -> 0.11699273

Sheet spectral-norm
A1: PROMPT | B1: SEARCH TYPE | C1: AI TOOL | D1: P. L. | E1: RUNTIME | L1: OUTPUT COMMENT | M1: {=_xlfn.LET(_xlpm.lang, D1,_xlpm.tempo, J1,_xlpm.ref, _xlfn.XLOOKUP(_xlpm.lang, $D$50:$D$56, $J$50:$J$56, ""), IF(_xlpm.ref="", "", IF(_xlpm.tempo>_xlpm.ref, "Bigger", IF(_xlpm.tempo<_xlpm.ref, "Smaller", "Equal"))))}
E2: M1 | F2: M2 | G2: M3 | H2: M4 | I2: M5 | J2: AVG | K2: STD | M2: {=_xlfn.LET(_xlpm.lang, D2,_xlpm.tempo, J2,_xlpm.ref, _xlfn.XLOOKUP(_xlpm.lang, $D$50:$D$56, $J$50:$J$56, ""), IF(_xlpm.ref="", "", IF(_xlpm.tempo>_xlpm.ref, "Bigger", IF(_xlpm.tempo<_xlpm.ref, "Smaller", "Equal"))))}
A3: P1 | B3: Normal | C3: ChatGPT | D3: Python | E3: Failed | F3: Failed | G3: Failed | H3: Failed | I3: Failed | J3: Failed | K3: Failed | L3: Compiled ok. Wrong output.
A4: P1 | B4: Normal | C4: Claude | D4: Python | E4: Failed | F4: Failed | G4: Failed | H4: Failed | I4: Failed | J4: Failed | K4: Failed | L4: Compiled ok. Wrong output. | P4: MIN | Q4: MAX | R4: PROMPT (MIN) | S4: SEARCH TYPE (MIN) | T4: PROMPT (MAX) | U4: SEARCH TYPE (MAX)
A5: P1 | B5: Normal | C5: Copilot | D5: No Code | E5: Failed | F5: Failed | G5: Failed | H5: Failed | I5: Failed | J5: Failed | K5: Failed | L5: No Code | O5: C | P5: =_xlfn.MINIFS($J$3:$J$49,$D$3:$D$49,"C") -> 5.3508 | Q5: =_xlfn.MAXIFS($J$3:$J$49,$D$3:$D$49,"C") -> 5.3508 | R5: {=INDEX($A$3:$A$49,MATCH(1,($D$3:$D$49="C")*($J$3:$J$49=_xlfn.MINIFS($J$3:$J$49,$D$3:$D$49,"C")),0))} -> P3 | S5: {=INDEX($B$3:$B$49,MATCH(1,($D$3:$D$49="C")*($J$3:$J$49=_xlfn.MINIFS($J$3:$J$49,$D$3:$D$49,"C")),0))} -> TBR | T5: {=INDEX($A$3:$A$49,MATCH(1,($D$3:$D$49="C")*($J$3:$J$49=_xlfn.MAXIFS($J$3:$J$49,$D$3:$D$49,"C")),0))} -> P3 | U5: {=INDEX($B$3:$B$49,MATCH(1,($D$3:$D$49="C")*($J$3:$J$49=_xlfn.MAXIFS($J$3:$J$49,$D$3:$D$49,"C")),0))} -> TBR
A6: P1 | B6: Normal | C6: DeepSeek | D6: Python | E6: 221.235 | F6: 218.615 | G6: 223.407 | H6: 223.843 | I6: 223.25 | J6: =AVERAGE(E6:I6) -> 222.07 | K6: =STDEV(E6:I6) -> 2.1770248 | M6: {=_xlfn.LET(_xlpm.lang, D6,_xlpm.tempo, J6,_xlpm.ref, _xlfn.XLOOKUP(_xlpm.lang, $D$50:$D$56, $J$50:$J$56, ""), IF(_xlpm.ref="", "Not Applicable", IF(_xlpm.tempo>_xlpm.ref, "Bigger", IF(_xlpm.tempo<_xlpm.ref, "Smaller", "Equal"))))} -> Bigger | O6: Go | P6: =_xlfn.MINIFS($J$3:$J$49,$D$3:$D$49,"Go") -> 0.4926 | Q6: =_xlfn.MAXIFS($J$3:$J$49,$D$3:$D$49,"Go") -> 1.8696 | R6: {=INDEX($A$3:$A$49,MATCH(1,($D$3:$D$49="Go")*($J$3:$J$49=_xlfn.MINIFS($J$3:$J$49,$D$3:$D$49,"Go")),0))} -> P4 | S6: {=INDEX($B$3:$B$49,MATCH(1,($D$3:$D$49="Go")*($J$3:$J$49=_xlfn.MINIFS($J$3:$J$49,$D$3:$D$49,"Go")),0))} -> Normal | T6: {=INDEX($A$3:$A$49,MATCH(1,($D$3:$D$49="Go")*($J$3:$J$49=_xlfn.MAXIFS($J$3:$J$49,$D$3:$D$49,"Go")),0))} -> P4 | U6: {=INDEX($B$3:$B$49,MATCH(1,($D$3:$D$49="Go")*($J$3:$J$49=_xlfn.MAXIFS($J$3:$J$49,$D$3:$D$49,"Go")),0))} -> Normal
A7: P1 | B7: Normal | C7: Gemini | D7: Python | E7: 72.613 | F7: 72.999 | G7: 72.461 | H7: 72.374 | I7: 73.18 | J7: =AVERAGE(E7:I7) -> 72.7254 | K7: =STDEV(E7:I7) -> 0.34912075 | M7: {=_xlfn.LET(_xlpm.lang, D7,_xlpm.tempo, J7,_xlpm.ref, _xlfn.XLOOKUP(_xlpm.lang, $D$50:$D$56, $J$50:$J$56, ""), IF(_xlpm.ref="", "Not Applicable", IF(_xlpm.tempo>_xlpm.ref, "Bigger", IF(_xlpm.tempo<_xlpm.ref, "Smaller", "Equal"))))} -> Smaller | O7: Python | P7: =_xlfn.MINIFS($J$3:$J$49,$D$3:$D$49,"Python") -> 0.7848 | Q7: =_xlfn.MAXIFS($J$3:$J$49,$D$3:$D$49,"Python") -> 663.9536 | R7: {=INDEX($A$3:$A$49,MATCH(1,($D$3:$D$49="Python")*($J$3:$J$49=_xlfn.MINIFS($J$3:$J$49,$D$3:$D$49,"Python")),0))} -> P1 | S7: {=INDEX($B$3:$B$49,MATCH(1,($D$3:$D$49="Python")*($J$3:$J$49=_xlfn.MINIFS($J$3:$J$49,$D$3:$D$49,"Python")),0))} -> TBR | T7: {=INDEX($A$3:$A$49,MATCH(1,($D$3:$D$49="Python")*($J$3:$J$49=_xlfn.MAXIFS($J$3:$J$49,$D$3:$D$49,"Python")),0))} -> P3 | U7: {=INDEX($B$3:$B$49,MATCH(1,($D$3:$D$49="Python")*($J$3:$J$49=_xlfn.MAXIFS($J$3:$J$49,$D$3:$D$49,"Python")),0))} -> Normal
A8: P1 | B8: TBR | C8: ChatGPT | D8: Rust | E8: Failed | F8: Failed | G8: Failed | H8: Failed | I8: Failed | J8: Failed | K8: Failed | L8: It did not compile.
A9: P1 | B9: TBR | C9: Claude | D9: Python | E9: 250.066 | F9: 251.658 | G9: 251.545 | H9: 249.716 | I9: 251.278 | J9: =AVERAGE(E9:I9) -> 250.8526 | K9: =STDEV(E9:I9) -> 0.89716933 | M9: {=_xlfn.LET(_xlpm.lang, D9,_xlpm.tempo, J9,_xlpm.ref, _xlfn.XLOOKUP(_xlpm.lang, $D$50:$D$56, $J$50:$J$56, ""), IF(_xlpm.ref="", "Not Applicable", IF(_xlpm.tempo>_xlpm.ref, "Bigger", IF(_xlpm.tempo<_xlpm.ref, "Smaller", "Equal"))))} -> Bigger | O9: =COUNTIF(M3:M49, "Smaller") -> 9 | P9: =COUNTIFS($M$3:$M49, "Smaller", $D$3:$D49, "Python") -> 9
A10: P1 | B10: TBR | C10: Copilot | D10: Python | E10: Failed | F10: Failed | G10: Failed | H10: Failed | I10: Failed | J10: Failed | K10: Failed | L10: Compiled ok. Wrong output.
A11: P1 | B11: TBR | C11: DeepSeek | D11: Python | E11: 295.648 | F11: 293.92 | G11: 244.176 | H11: 288.749 | I11: 247.264 | J11: =AVERAGE(E11:I11) -> 273.9514 | K11: =STDEV(E11:I11) -> 25.919337 | M11: {=_xlfn.LET(_xlpm.lang, D11,_xlpm.tempo, J11,_xlpm.ref, _xlfn.XLOOKUP(_xlpm.lang, $D$50:$D$56, $J$50:$J$56, ""), IF(_xlpm.ref="", "Not Applicable", IF(_xlpm.tempo>_xlpm.ref, "Bigger", IF(_xlpm.tempo<_xlpm.ref, "Smaller", "Equal"))))} -> Bigger
A12: P1 | B12: TBR | C12: DeepSeek | D12: Python | E12: Failed | F12: Failed | G12: Failed | H12: Failed | I12: Failed | J12: Failed | K12: Failed | L12: Compiled ok. Wrong output.
A13: P1 | B13: TBR | C13: Gemini | D13: Python | E13: 0.736 | F13: 0.865 | G13: 0.833 | H13: 0.859 | I13: 0.848 | J13: =AVERAGE(E13:I13) -> 0.8282 | K13: =STDEV(E13:I13) -> 0.052959418 | M13: {=_xlfn.LET(_xlpm.lang, D13,_xlpm.tempo, J13,_xlpm.ref, _xlfn.XLOOKUP(_xlpm.lang, $D$50:$D$56, $J$50:$J$56, ""), IF(_xlpm.ref="", "Not Applicable", IF(_xlpm.tempo>_xlpm.ref, "Bigger", IF(_xlpm.tempo<_xlpm.ref, "Smaller", "Equal"))))} -> Smaller
A14: P1 | B14: TBR | C14: Gemini | D14: Python | E14: 0.813 | F14: 0.787 | G14: 0.802 | H14: 0.816 | I14: 0.706 | J14: =AVERAGE(E14:I14) -> 0.7848 | K14: =STDEV(E14:I14) -> 0.045493956 | M14: {=_xlfn.LET(_xlpm.lang, D14,_xlpm.tempo, J14,_xlpm.ref, _xlfn.XLOOKUP(_xlpm.lang, $D$50:$D$56, $J$50:$J$56, ""), IF(_xlpm.ref="", "Not Applicable", IF(_xlpm.tempo>_xlpm.ref, "Bigger", IF(_xlpm.tempo<_xlpm.ref, "Smaller", "Equal"))))} -> Smaller
A15: P2 | B15: Normal | C15: ChatGPT | D15: Rust | E15: Failed | F15: Failed | G15: Failed | H15: Failed | I15: Failed | J15: Failed | K15: Failed | L15: Compiled ok. Wrong output.
A16: P2 | B16: Normal | C16: Claude | D16: Python | E16: Failed | F16: Failed | G16: Failed | H16: Failed | I16: Failed | J16: Failed | K16: Failed | L16: Compiled ok. Wrong output.
A17: P2 | B17: Normal | C17: Copilot | D17: Python | E17: 150.66 | F17: 156.739 | G17: 158.282 | H17: 123.139 | I17: 153.286 | J17: =AVERAGE(E17:I17) -> 148.4212 | K17: =STDEV(E17:I17) -> 14.442033 | M17: {=_xlfn.LET(_xlpm.lang, D17,_xlpm.tempo, J17,_xlpm.ref, _xlfn.XLOOKUP(_xlpm.lang, $D$50:$D$56, $J$50:$J$56, ""), IF(_xlpm.ref="", "Not Applicable", IF(_xlpm.tempo>_xlpm.ref, "Bigger", IF(_xlpm.tempo<_xlpm.ref, "Smaller", "Equal"))))} -> Smaller
A18: P2 | B18: Normal | C18: DeepSeek | D18: Python | E18: 2.431 | F18: 2.577 | G18: 2.562 | H18: 2.611 | I18: 2.592 | J18: =AVERAGE(E18:I18) -> 2.5546 | K18: =STDEV(E18:I18) -> 0.071437385 | M18: {=_xlfn.LET(_xlpm.lang, D18,_xlpm.tempo, J18,_xlpm.ref, _xlfn.XLOOKUP(_xlpm.lang, $D$50:$D$56, $J$50:$J$56, ""), IF(_xlpm.ref="", "Not Applicable", IF(_xlpm.tempo>_xlpm.ref, "Bigger", IF(_xlpm.tempo<_xlpm.ref, "Smaller", "Equal"))))} -> Smaller
A19: P2 | B19: Normal | C19: DeepSeek | D19: C++ | E19: 2.109 | F19: 2.742 | G19: 2.124 | H19: 2.664 | I19: 2.619 | J19: =AVERAGE(E19:I19) -> 2.4516 | K19: =STDEV(E19:I19) -> 0.30909756 | M19: {=_xlfn.LET(_xlpm.lang, D19,_xlpm.tempo, J19,_xlpm.ref, _xlfn.XLOOKUP(_xlpm.lang, $D$50:$D$56, $J$50:$J$56, ""), IF(_xlpm.ref="", "Not Applicable", IF(_xlpm.tempo>_xlpm.ref, "Bigger", IF(_xlpm.tempo<_xlpm.ref, "Smaller", "Equal"))))} -> Bigger
